cell,model,dataset,basis,pair,has_english,anchor,stratum,stratum_id,q_level,N,D,d,c,m,n_A,n_B,w_A,recovery_blind,enough
deepseek|commonsenseqa,deepseek,commonsenseqa,all5,chinese_vs_japanese,False,chinese,ALL,-1,,2000,416,0.208,0.7884615384615384,0.3942307692307692,177,151,0.5396341463414634,0.0792682926829269,True
deepseek|commonsenseqa,deepseek,commonsenseqa,all5,chinese_vs_japanese,False,chinese,0.0000,0,0.0,177,42,0.23728813559322035,0.0,0.0,0,0,,,True
deepseek|commonsenseqa,deepseek,commonsenseqa,all5,chinese_vs_japanese,False,chinese,0.2000,1,0.19999999999999998,118,58,0.4915254237288136,0.6724137931034483,0.33620689655172414,16,23,0.41025641025641024,-0.17948717948717952,True
deepseek|commonsenseqa,deepseek,commonsenseqa,all5,chinese_vs_japanese,False,chinese,0.4000,2,0.3999999999999999,133,73,0.5488721804511278,0.726027397260274,0.363013698630137,28,25,0.5283018867924528,0.05660377358490565,True
deepseek|commonsenseqa,deepseek,commonsenseqa,all5,chinese_vs_japanese,False,chinese,0.6000,3,0.5999999999999999,179,102,0.5698324022346368,0.9313725490196079,0.46568627450980393,52,43,0.5473684210526316,0.09473684210526323,True
deepseek|commonsenseqa,deepseek,commonsenseqa,all5,chinese_vs_japanese,False,chinese,0.8000,4,0.7999999999999998,277,141,0.5090252707581228,1.0,0.5,81,60,0.574468085106383,0.14893617021276606,True
deepseek|commonsenseqa,deepseek,commonsenseqa,all5,chinese_vs_japanese,False,chinese,1.0000,5,1.0,1116,0,0.0,,,0,0,,,False
deepseek|commonsenseqa,deepseek,commonsenseqa,all5,chinese_vs_russian,False,chinese,ALL,-1,,2000,460,0.23,0.7978260869565217,0.39891304347826084,185,182,0.5040871934604905,0.008174386920980936,True
deepseek|commonsenseqa,deepseek,commonsenseqa,all5,chinese_vs_russian,False,chinese,0.0000,0,0.0,177,50,0.2824858757062147,0.0,0.0,0,0,,,True
deepseek|commonsenseqa,deepseek,commonsenseqa,all5,chinese_vs_russian,False,chinese,0.2000,1,0.19999999999999998,118,57,0.4830508474576271,0.6491228070175439,0.32456140350877194,16,21,0.43243243243243246,-0.1351351351351351,True
deepseek|commonsenseqa,deepseek,commonsenseqa,all5,chinese_vs_russian,False,chinese,0.4000,2,0.3999999999999999,133,96,0.7218045112781954,0.8125,0.40625,33,45,0.4230769230769231,-0.15384615384615385,True
deepseek|commonsenseqa,deepseek,commonsenseqa,all5,chinese_vs_russian,False,chinese,0.6000,3,0.5999999999999999,179,128,0.7150837988826816,0.9609375,0.48046875,67,56,0.5447154471544715,0.08943089430894302,True
deepseek|commonsenseqa,deepseek,commonsenseqa,all5,chinese_vs_russian,False,chinese,0.8000,4,0.7999999999999998,277,129,0.4657039711191336,1.0,0.5,69,60,0.5348837209302325,0.06976744186046502,True
deepseek|commonsenseqa,deepseek,commonsenseqa,all5,chinese_vs_russian,False,chinese,1.0000,5,1.0,1116,0,0.0,,,0,0,,,False
deepseek|commonsenseqa,deepseek,commonsenseqa,all5,chinese_vs_spanish,False,spanish,ALL,-1,,2000,436,0.218,0.786697247706422,0.393348623853211,182,161,0.5306122448979592,0.061224489795918435,True
deepseek|commonsenseqa,deepseek,commonsenseqa,all5,chinese_vs_spanish,False,spanish,0.0000,0,0.0,177,47,0.2655367231638418,0.0,0.0,0,0,,,True
deepseek|commonsenseqa,deepseek,commonsenseqa,all5,chinese_vs_spanish,False,spanish,0.2000,1,0.19999999999999998,118,58,0.4915254237288136,0.5,0.25,13,16,0.4482758620689655,-0.10344827586206895,True
deepseek|commonsenseqa,deepseek,commonsenseqa,all5,chinese_vs_spanish,False,spanish,0.4000,2,0.3999999999999999,133,94,0.706766917293233,0.8617021276595744,0.4308510638297872,46,35,0.5679012345679012,0.1358024691358024,True
deepseek|commonsenseqa,deepseek,commonsenseqa,all5,chinese_vs_spanish,False,spanish,0.6000,3,0.5999999999999999,179,126,0.7039106145251397,0.9682539682539683,0.48412698412698413,63,59,0.5163934426229508,0.032786885245901676,True
deepseek|commonsenseqa,deepseek,commonsenseqa,all5,chinese_vs_spanish,False,spanish,0.8000,4,0.7999999999999998,277,111,0.4007220216606498,1.0,0.5,60,51,0.5405405405405406,0.08108108108108114,True
deepseek|commonsenseqa,deepseek,commonsenseqa,all5,chinese_vs_spanish,False,spanish,1.0000,5,1.0,1116,0,0.0,,,0,0,,,False
deepseek|commonsenseqa,deepseek,commonsenseqa,all5,english_vs_chinese,True,english,ALL,-1,,2000,405,0.2025,0.8098765432098766,0.4049382716049383,240,88,0.7317073170731707,0.46341463414634143,True
deepseek|commonsenseqa,deepseek,commonsenseqa,all5,english_vs_chinese,True,english,0.0000,0,0.0,177,50,0.2824858757062147,0.0,0.0,0,0,,,True
deepseek|commonsenseqa,deepseek,commonsenseqa,all5,english_vs_chinese,True,english,0.2000,1,0.19999999999999998,118,78,0.6610169491525424,0.782051282051282,0.391025641025641,45,16,0.7377049180327869,0.47540983606557385,True
deepseek|commonsenseqa,deepseek,commonsenseqa,all5,english_vs_chinese,True,english,0.4000,2,0.3999999999999999,133,101,0.7593984962406015,0.9504950495049505,0.4752475247524752,66,30,0.6875,0.375,True
deepseek|commonsenseqa,deepseek,commonsenseqa,all5,english_vs_chinese,True,english,0.6000,3,0.5999999999999999,179,100,0.5586592178770949,0.95,0.475,69,26,0.7263157894736842,0.4526315789473685,True
deepseek|commonsenseqa,deepseek,commonsenseqa,all5,english_vs_chinese,True,english,0.8000,4,0.7999999999999998,277,76,0.2743682310469314,1.0,0.5,60,16,0.7894736842105263,0.5789473684210527,True
deepseek|commonsenseqa,deepseek,commonsenseqa,all5,english_vs_chinese,True,english,1.0000,5,1.0,1116,0,0.0,,,0,0,,,False
deepseek|commonsenseqa,deepseek,commonsenseqa,all5,english_vs_japanese,True,english,ALL,-1,,2000,425,0.2125,0.8470588235294118,0.4235294117647059,269,91,0.7472222222222222,0.49444444444444446,True
deepseek|commonsenseqa,deepseek,commonsenseqa,all5,english_vs_japanese,True,english,0.0000,0,0.0,177,39,0.22033898305084745,0.0,0.0,0,0,,,True
deepseek|commonsenseqa,deepseek,commonsenseqa,all5,english_vs_japanese,True,english,0.2000,1,0.19999999999999998,118,83,0.7033898305084746,0.8192771084337349,0.40963855421686746,45,23,0.6617647058823529,0.32352941176470584,True
deepseek|commonsenseqa,deepseek,commonsenseqa,all5,english_vs_japanese,True,english,0.4000,2,0.3999999999999999,133,100,0.7518796992481203,0.93,0.465,66,27,0.7096774193548387,0.4193548387096775,True
deepseek|commonsenseqa,deepseek,commonsenseqa,all5,english_vs_japanese,True,english,0.6000,3,0.5999999999999999,179,106,0.5921787709497207,0.9622641509433962,0.4811320754716981,77,25,0.7549019607843137,0.5098039215686274,True
deepseek|commonsenseqa,deepseek,commonsenseqa,all5,english_vs_japanese,True,english,0.8000,4,0.7999999999999998,277,97,0.35018050541516244,1.0,0.5,81,16,0.8350515463917526,0.6701030927835052,True
deepseek|commonsenseqa,deepseek,commonsenseqa,all5,english_vs_japanese,True,english,1.0000,5,1.0,1116,0,0.0,,,0,0,,,False
deepseek|commonsenseqa,deepseek,commonsenseqa,all5,english_vs_russian,True,english,ALL,-1,,2000,407,0.2035,0.828009828009828,0.414004914004914,246,91,0.7299703264094956,0.4599406528189911,True
deepseek|commonsenseqa,deepseek,commonsenseqa,all5,english_vs_russian,True,english,0.0000,0,0.0,177,42,0.23728813559322035,0.0,0.0,0,0,,,True
deepseek|commonsenseqa,deepseek,commonsenseqa,all5,english_vs_russian,True,english,0.2000,1,0.19999999999999998,118,80,0.6779661016949152,0.825,0.4125,45,21,0.6818181818181818,0.36363636363636354,True
deepseek|commonsenseqa,deepseek,commonsenseqa,all5,english_vs_russian,True,english,0.4000,2,0.3999999999999999,133,95,0.7142857142857143,0.8631578947368421,0.43157894736842106,53,29,0.6463414634146342,0.29268292682926833,True
deepseek|commonsenseqa,deepseek,commonsenseqa,all5,english_vs_russian,True,english,0.6000,3,0.5999999999999999,179,105,0.5865921787709497,0.9904761904761905,0.49523809523809526,79,25,0.7596153846153846,0.5192307692307692,True
deepseek|commonsenseqa,deepseek,commonsenseqa,all5,english_vs_russian,True,english,0.8000,4,0.7999999999999998,277,85,0.30685920577617326,1.0,0.5,69,16,0.8117647058823529,0.6235294117647059,True
deepseek|commonsenseqa,deepseek,commonsenseqa,all5,english_vs_russian,True,english,1.0000,5,1.0,1116,0,0.0,,,0,0,,,False
deepseek|commonsenseqa,deepseek,commonsenseqa,all5,english_vs_spanish,True,english,ALL,-1,,2000,351,0.1755,0.8233618233618234,0.4116809116809117,210,79,0.726643598615917,0.45328719723183397,True
deepseek|commonsenseqa,deepseek,commonsenseqa,all5,english_vs_spanish,True,english,0.0000,0,0.0,177,32,0.1807909604519774,0.0,0.0,0,0,,,True
deepseek|commonsenseqa,deepseek,commonsenseqa,all5,english_vs_spanish,True,english,0.2000,1,0.19999999999999998,118,76,0.6440677966101694,0.7631578947368421,0.3815789473684211,45,13,0.7758620689655172,0.5517241379310345,True
deepseek|commonsenseqa,deepseek,commonsenseqa,all5,english_vs_spanish,True,english,0.4000,2,0.3999999999999999,133,83,0.6240601503759399,0.8795180722891566,0.4397590361445783,49,24,0.6712328767123288,0.34246575342465757,True
deepseek|commonsenseqa,deepseek,commonsenseqa,all5,english_vs_spanish,True,english,0.6000,3,0.5999999999999999,179,93,0.5195530726256983,0.978494623655914,0.489247311827957,65,26,0.7142857142857143,0.4285714285714286,True
deepseek|commonsenseqa,deepseek,commonsenseqa,all5,english_vs_spanish,True,english,0.8000,4,0.7999999999999998,277,67,0.24187725631768953,1.0,0.5,51,16,0.7611940298507462,0.5223880597014925,True
deepseek|commonsenseqa,deepseek,commonsenseqa,all5,english_vs_spanish,True,english,1.0000,5,1.0,1116,0,0.0,,,0,0,,,False
deepseek|commonsenseqa,deepseek,commonsenseqa,all5,japanese_vs_russian,False,russian,ALL,-1,,2000,479,0.2395,0.824634655532359,0.4123173277661795,209,186,0.529113924050633,0.05822784810126591,True
deepseek|commonsenseqa,deepseek,commonsenseqa,all5,japanese_vs_russian,False,russian,0.0000,0,0.0,177,41,0.23163841807909605,0.0,0.0,0,0,,,True
deepseek|commonsenseqa,deepseek,commonsenseqa,all5,japanese_vs_russian,False,russian,0.2000,1,0.19999999999999998,118,65,0.5508474576271186,0.676923076923077,0.3384615384615385,21,23,0.4772727272727273,-0.045454545454545414,True
deepseek|commonsenseqa,deepseek,commonsenseqa,all5,japanese_vs_russian,False,russian,0.4000,2,0.3999999999999999,133,87,0.6541353383458647,0.8850574712643678,0.4425287356321839,46,31,0.5974025974025974,0.19480519480519476,True
deepseek|commonsenseqa,deepseek,commonsenseqa,all5,japanese_vs_russian,False,russian,0.6000,3,0.5999999999999999,179,136,0.7597765363128491,0.9117647058823529,0.45588235294117646,61,63,0.49193548387096775,-0.016129032258064502,True
deepseek|commonsenseqa,deepseek,commonsenseqa,all5,japanese_vs_russian,False,russian,0.8000,4,0.7999999999999998,277,150,0.5415162454873647,1.0,0.5,81,69,0.54,0.08000000000000007,True
deepseek|commonsenseqa,deepseek,commonsenseqa,all5,japanese_vs_russian,False,russian,1.0000,5,1.0,1116,0,0.0,,,0,0,,,False
deepseek|commonsenseqa,deepseek,commonsenseqa,all5,japanese_vs_spanish,False,spanish,ALL,-1,,2000,454,0.227,0.8215859030837004,0.4107929515418502,210,163,0.5630026809651475,0.126005361930295,True
deepseek|commonsenseqa,deepseek,commonsenseqa,all5,japanese_vs_spanish,False,spanish,0.0000,0,0.0,177,33,0.1864406779661017,0.0,0.0,0,0,,,True
deepseek|commonsenseqa,deepseek,commonsenseqa,all5,japanese_vs_spanish,False,spanish,0.2000,1,0.19999999999999998,118,61,0.5169491525423728,0.5901639344262295,0.29508196721311475,13,23,0.3611111111111111,-0.2777777777777778,True
deepseek|commonsenseqa,deepseek,commonsenseqa,all5,japanese_vs_spanish,False,spanish,0.4000,2,0.3999999999999999,133,97,0.7293233082706767,0.845360824742268,0.422680412371134,48,34,0.5853658536585366,0.1707317073170731,True
deepseek|commonsenseqa,deepseek,commonsenseqa,all5,japanese_vs_spanish,False,spanish,0.6000,3,0.5999999999999999,179,131,0.7318435754189944,0.9389312977099237,0.46946564885496184,68,55,0.5528455284552846,0.10569105691056913,True
deepseek|commonsenseqa,deepseek,commonsenseqa,all5,japanese_vs_spanish,False,spanish,0.8000,4,0.7999999999999998,277,132,0.47653429602888087,1.0,0.5,81,51,0.6136363636363636,0.2272727272727273,True
deepseek|commonsenseqa,deepseek,commonsenseqa,all5,japanese_vs_spanish,False,spanish,1.0000,5,1.0,1116,0,0.0,,,0,0,,,False
deepseek|commonsenseqa,deepseek,commonsenseqa,all5,russian_vs_spanish,False,spanish,ALL,-1,,2000,412,0.206,0.8058252427184466,0.4029126213592233,178,154,0.536144578313253,0.07228915662650603,True
deepseek|commonsenseqa,deepseek,commonsenseqa,all5,russian_vs_spanish,False,spanish,0.0000,0,0.0,177,40,0.22598870056497175,0.0,0.0,0,0,,,True
deepseek|commonsenseqa,deepseek,commonsenseqa,all5,russian_vs_spanish,False,spanish,0.2000,1,0.19999999999999998,118,50,0.423728813559322,0.68,0.34,13,21,0.38235294117647056,-0.23529411764705888,True
deepseek|commonsenseqa,deepseek,commonsenseqa,all5,russian_vs_spanish,False,spanish,0.4000,2,0.3999999999999999,133,98,0.7368421052631579,0.8469387755102041,0.42346938775510207,41,42,0.4939759036144578,-0.012048192771084376,True
deepseek|commonsenseqa,deepseek,commonsenseqa,all5,russian_vs_spanish,False,spanish,0.6000,3,0.5999999999999999,179,104,0.5810055865921788,0.9134615384615384,0.4567307692307692,55,40,0.5789473684210527,0.1578947368421053,True
deepseek|commonsenseqa,deepseek,commonsenseqa,all5,russian_vs_spanish,False,spanish,0.8000,4,0.7999999999999998,277,120,0.4332129963898917,1.0,0.5,69,51,0.575,0.1499999999999999,True
deepseek|commonsenseqa,deepseek,commonsenseqa,all5,russian_vs_spanish,False,spanish,1.0000,5,1.0,1116,0,0.0,,,0,0,,,False
deepseek|mathqa,deepseek,mathqa,all5,chinese_vs_japanese,False,chinese,ALL,-1,,2000,96,0.048,0.7708333333333334,0.3854166666666667,39,35,0.527027027027027,0.054054054054053946,True
deepseek|mathqa,deepseek,mathqa,all5,chinese_vs_japanese,False,chinese,0.0000,0,0.0,116,17,0.14655172413793102,0.0,0.0,0,0,,,False
deepseek|mathqa,deepseek,mathqa,all5,chinese_vs_japanese,False,chinese,0.2000,1,0.19999999999999998,41,24,0.5853658536585366,0.7916666666666666,0.3958333333333333,9,10,0.47368421052631576,-0.052631578947368474,False
deepseek|mathqa,deepseek,mathqa,all5,chinese_vs_japanese,False,chinese,0.4000,2,0.4000000000000001,20,12,0.6,1.0,0.5,4,8,0.3333333333333333,-0.33333333333333337,False
deepseek|mathqa,deepseek,mathqa,all5,chinese_vs_japanese,False,chinese,0.6000,3,0.6,27,15,0.5555555555555556,1.0,0.5,11,4,0.7333333333333333,0.46666666666666656,False
deepseek|mathqa,deepseek,mathqa,all5,chinese_vs_japanese,False,chinese,0.8000,4,0.7999999999999999,65,28,0.4307692307692308,1.0,0.5,15,13,0.5357142857142857,0.0714285714285714,False
deepseek|mathqa,deepseek,mathqa,all5,chinese_vs_japanese,False,chinese,1.0000,5,1.0,1731,0,0.0,,,0,0,,,False
deepseek|mathqa,deepseek,mathqa,all5,chinese_vs_russian,False,chinese,ALL,-1,,2000,112,0.056,0.7053571428571429,0.35267857142857145,45,34,0.569620253164557,0.139240506329114,True
deepseek|mathqa,deepseek,mathqa,all5,chinese_vs_russian,False,chinese,0.0000,0,0.0,116,20,0.1724137931034483,0.0,0.0,0,0,,,False
deepseek|mathqa,deepseek,mathqa,all5,chinese_vs_russian,False,chinese,0.2000,1,0.19999999999999998,41,26,0.6341463414634146,0.5769230769230769,0.28846153846153844,9,6,0.6,0.19999999999999996,False
deepseek|mathqa,deepseek,mathqa,all5,chinese_vs_russian,False,chinese,0.4000,2,0.4000000000000001,20,17,0.85,0.9411764705882353,0.47058823529411764,6,10,0.375,-0.25,False
deepseek|mathqa,deepseek,mathqa,all5,chinese_vs_russian,False,chinese,0.6000,3,0.6,27,20,0.7407407407407407,0.95,0.475,14,5,0.7368421052631579,0.4736842105263157,False
deepseek|mathqa,deepseek,mathqa,all5,chinese_vs_russian,False,chinese,0.8000,4,0.7999999999999999,65,29,0.4461538461538462,1.0,0.5,16,13,0.5517241379310345,0.10344827586206895,False
deepseek|mathqa,deepseek,mathqa,all5,chinese_vs_russian,False,chinese,1.0000,5,1.0,1731,0,0.0,,,0,0,,,False
deepseek|mathqa,deepseek,mathqa,all5,chinese_vs_spanish,False,chinese,ALL,-1,,2000,82,0.041,0.6585365853658537,0.32926829268292684,28,26,0.5185185185185185,0.03703703703703698,True
deepseek|mathqa,deepseek,mathqa,all5,chinese_vs_spanish,False,chinese,0.0000,0,0.0,116,17,0.14655172413793102,0.0,0.0,0,0,,,False
deepseek|mathqa,deepseek,mathqa,all5,chinese_vs_spanish,False,chinese,0.2000,1,0.19999999999999998,41,22,0.5365853658536586,0.6363636363636364,0.3181818181818182,9,5,0.6428571428571429,0.2857142857142858,False
deepseek|mathqa,deepseek,mathqa,all5,chinese_vs_spanish,False,chinese,0.4000,2,0.4000000000000001,20,11,0.55,0.7272727272727273,0.36363636363636365,5,3,0.625,0.25,False
deepseek|mathqa,deepseek,mathqa,all5,chinese_vs_spanish,False,chinese,0.6000,3,0.6,27,12,0.4444444444444444,1.0,0.5,7,5,0.5833333333333334,0.16666666666666674,False
deepseek|mathqa,deepseek,mathqa,all5,chinese_vs_spanish,False,chinese,0.8000,4,0.7999999999999999,65,20,0.3076923076923077,1.0,0.5,7,13,0.35,-0.30000000000000004,False
deepseek|mathqa,deepseek,mathqa,all5,chinese_vs_spanish,False,chinese,1.0000,5,1.0,1731,0,0.0,,,0,0,,,False
deepseek|mathqa,deepseek,mathqa,all5,english_vs_chinese,True,chinese,ALL,-1,,2000,102,0.051,0.7058823529411765,0.35294117647058826,39,33,0.5416666666666666,0.08333333333333326,True
deepseek|mathqa,deepseek,mathqa,all5,english_vs_chinese,True,chinese,0.0000,0,0.0,116,18,0.15517241379310345,0.0,0.0,0,0,,,False
deepseek|mathqa,deepseek,mathqa,all5,english_vs_chinese,True,chinese,0.2000,1,0.19999999999999998,41,28,0.6829268292682927,0.7142857142857143,0.35714285714285715,9,11,0.45,-0.09999999999999998,False
deepseek|mathqa,deepseek,mathqa,all5,english_vs_chinese,True,chinese,0.4000,2,0.4000000000000001,20,14,0.7,0.7857142857142857,0.39285714285714285,6,5,0.5454545454545454,0.09090909090909083,False
deepseek|mathqa,deepseek,mathqa,all5,english_vs_chinese,True,chinese,0.6000,3,0.6,27,15,0.5555555555555556,0.9333333333333333,0.4666666666666667,10,4,0.7142857142857143,0.4285714285714286,False
deepseek|mathqa,deepseek,mathqa,all5,english_vs_chinese,True,chinese,0.8000,4,0.7999999999999999,65,27,0.4153846153846154,1.0,0.5,14,13,0.5185185185185185,0.03703703703703698,False
deepseek|mathqa,deepseek,mathqa,all5,english_vs_chinese,True,chinese,1.0000,5,1.0,1731,0,0.0,,,0,0,,,False
deepseek|mathqa,deepseek,mathqa,all5,english_vs_japanese,True,japanese,ALL,-1,,2000,110,0.055,0.7636363636363637,0.38181818181818183,43,41,0.5119047619047619,0.023809523809523725,True
deepseek|mathqa,deepseek,mathqa,all5,english_vs_japanese,True,japanese,0.0000,0,0.0,116,16,0.13793103448275862,0.0,0.0,0,0,,,False
deepseek|mathqa,deepseek,mathqa,all5,english_vs_japanese,True,japanese,0.2000,1,0.19999999999999998,41,27,0.6585365853658537,0.7777777777777778,0.3888888888888889,10,11,0.47619047619047616,-0.04761904761904767,False
deepseek|mathqa,deepseek,mathqa,all5,english_vs_japanese,True,japanese,0.4000,2,0.4000000000000001,20,16,0.8,0.9375,0.46875,10,5,0.6666666666666666,0.33333333333333326,False
deepseek|mathqa,deepseek,mathqa,all5,english_vs_japanese,True,japanese,0.6000,3,0.6,27,22,0.8148148148148148,0.8636363636363636,0.4318181818181818,9,10,0.47368421052631576,-0.052631578947368474,False
deepseek|mathqa,deepseek,mathqa,all5,english_vs_japanese,True,japanese,0.8000,4,0.7999999999999999,65,29,0.4461538461538462,1.0,0.5,14,15,0.4827586206896552,-0.03448275862068961,False
deepseek|mathqa,deepseek,mathqa,all5,english_vs_japanese,True,japanese,1.0000,5,1.0,1731,0,0.0,,,0,0,,,False
deepseek|mathqa,deepseek,mathqa,all5,english_vs_russian,True,english,ALL,-1,,2000,109,0.0545,0.7064220183486238,0.3532110091743119,41,36,0.5324675324675324,0.06493506493506485,True
deepseek|mathqa,deepseek,mathqa,all5,english_vs_russian,True,english,0.0000,0,0.0,116,19,0.16379310344827586,0.0,0.0,0,0,,,False
deepseek|mathqa,deepseek,mathqa,all5,english_vs_russian,True,english,0.2000,1,0.19999999999999998,41,28,0.6829268292682927,0.6071428571428571,0.30357142857142855,11,6,0.6470588235294118,0.2941176470588236,False
deepseek|mathqa,deepseek,mathqa,all5,english_vs_russian,True,english,0.4000,2,0.4000000000000001,20,12,0.6,0.9166666666666666,0.4583333333333333,3,8,0.2727272727272727,-0.4545454545454546,False
deepseek|mathqa,deepseek,mathqa,all5,english_vs_russian,True,english,0.6000,3,0.6,27,20,0.7407407407407407,0.95,0.475,11,8,0.5789473684210527,0.1578947368421053,False
deepseek|mathqa,deepseek,mathqa,all5,english_vs_russian,True,english,0.8000,4,0.7999999999999999,65,30,0.46153846153846156,1.0,0.5,16,14,0.5333333333333333,0.06666666666666665,True
deepseek|mathqa,deepseek,mathqa,all5,english_vs_russian,True,english,1.0000,5,1.0,1731,0,0.0,,,0,0,,,False
deepseek|mathqa,deepseek,mathqa,all5,english_vs_spanish,True,spanish,ALL,-1,,2000,86,0.043,0.6976744186046512,0.3488372093023256,32,28,0.5333333333333333,0.06666666666666665,True
deepseek|mathqa,deepseek,mathqa,all5,english_vs_spanish,True,spanish,0.0000,0,0.0,116,15,0.12931034482758622,0.0,0.0,0,0,,,False
deepseek|mathqa,deepseek,mathqa,all5,english_vs_spanish,True,spanish,0.2000,1,0.19999999999999998,41,23,0.5609756097560976,0.6956521739130435,0.34782608695652173,5,11,0.3125,-0.375,False
deepseek|mathqa,deepseek,mathqa,all5,english_vs_spanish,True,spanish,0.4000,2,0.4000000000000001,20,13,0.65,0.6923076923076923,0.34615384615384615,4,5,0.4444444444444444,-0.11111111111111116,False
deepseek|mathqa,deepseek,mathqa,all5,english_vs_spanish,True,spanish,0.6000,3,0.6,27,14,0.5185185185185185,1.0,0.5,9,5,0.6428571428571429,0.2857142857142858,False
deepseek|mathqa,deepseek,mathqa,all5,english_vs_spanish,True,spanish,0.8000,4,0.7999999999999999,65,21,0.3230769230769231,1.0,0.5,14,7,0.6666666666666666,0.33333333333333326,False
deepseek|mathqa,deepseek,mathqa,all5,english_vs_spanish,True,spanish,1.0000,5,1.0,1731,0,0.0,,,0,0,,,False
deepseek|mathqa,deepseek,mathqa,all5,japanese_vs_russian,False,japanese,ALL,-1,,2000,97,0.0485,0.7319587628865979,0.36597938144329895,39,32,0.5492957746478874,0.09859154929577474,True
deepseek|mathqa,deepseek,mathqa,all5,japanese_vs_russian,False,japanese,0.0000,0,0.0,116,18,0.15517241379310345,0.0,0.0,0,0,,,False
deepseek|mathqa,deepseek,mathqa,all5,japanese_vs_russian,False,japanese,0.2000,1,0.19999999999999998,41,23,0.5609756097560976,0.6956521739130435,0.34782608695652173,10,6,0.625,0.25,False
deepseek|mathqa,deepseek,mathqa,all5,japanese_vs_russian,False,japanese,0.4000,2,0.4000000000000001,20,11,0.55,0.9090909090909091,0.45454545454545453,5,5,0.5,0.0,False
deepseek|mathqa,deepseek,mathqa,all5,japanese_vs_russian,False,japanese,0.6000,3,0.6,27,14,0.5185185185185185,1.0,0.5,8,6,0.5714285714285714,0.1428571428571428,False
deepseek|mathqa,deepseek,mathqa,all5,japanese_vs_russian,False,japanese,0.8000,4,0.7999999999999999,65,31,0.47692307692307695,1.0,0.5,16,15,0.5161290322580645,0.032258064516129004,True
deepseek|mathqa,deepseek,mathqa,all5,japanese_vs_russian,False,japanese,1.0000,5,1.0,1731,0,0.0,,,0,0,,,False
deepseek|mathqa,deepseek,mathqa,all5,japanese_vs_spanish,False,spanish,ALL,-1,,2000,96,0.048,0.7291666666666666,0.3645833333333333,36,34,0.5142857142857142,0.02857142857142847,True
deepseek|mathqa,deepseek,mathqa,all5,japanese_vs_spanish,False,spanish,0.0000,0,0.0,116,16,0.13793103448275862,0.0,0.0,0,0,,,False
deepseek|mathqa,deepseek,mathqa,all5,japanese_vs_spanish,False,spanish,0.2000,1,0.19999999999999998,41,22,0.5365853658536586,0.6818181818181818,0.3409090909090909,5,10,0.3333333333333333,-0.33333333333333337,False
deepseek|mathqa,deepseek,mathqa,all5,japanese_vs_spanish,False,spanish,0.4000,2,0.4000000000000001,20,16,0.8,0.875,0.4375,4,10,0.2857142857142857,-0.4285714285714286,False
deepseek|mathqa,deepseek,mathqa,all5,japanese_vs_spanish,False,spanish,0.6000,3,0.6,27,20,0.7407407407407407,0.95,0.475,12,7,0.631578947368421,0.26315789473684204,False
deepseek|mathqa,deepseek,mathqa,all5,japanese_vs_spanish,False,spanish,0.8000,4,0.7999999999999999,65,22,0.3384615384615385,1.0,0.5,15,7,0.6818181818181818,0.36363636363636354,False
deepseek|mathqa,deepseek,mathqa,all5,japanese_vs_spanish,False,spanish,1.0000,5,1.0,1731,0,0.0,,,0,0,,,False
deepseek|mathqa,deepseek,mathqa,all5,russian_vs_spanish,False,spanish,ALL,-1,,2000,95,0.0475,0.6842105263157895,0.34210526315789475,37,28,0.5692307692307692,0.1384615384615384,True
deepseek|mathqa,deepseek,mathqa,all5,russian_vs_spanish,False,spanish,0.0000,0,0.0,116,17,0.14655172413793102,0.0,0.0,0,0,,,False
deepseek|mathqa,deepseek,mathqa,all5,russian_vs_spanish,False,spanish,0.2000,1,0.19999999999999998,41,21,0.5121951219512195,0.5238095238095238,0.2619047619047619,5,6,0.45454545454545453,-0.09090909090909094,False
deepseek|mathqa,deepseek,mathqa,all5,russian_vs_spanish,False,spanish,0.4000,2,0.4000000000000001,20,16,0.8,0.875,0.4375,4,10,0.2857142857142857,-0.4285714285714286,False
deepseek|mathqa,deepseek,mathqa,all5,russian_vs_spanish,False,spanish,0.6000,3,0.6,27,18,0.6666666666666666,0.9444444444444444,0.4722222222222222,12,5,0.7058823529411765,0.41176470588235303,False
deepseek|mathqa,deepseek,mathqa,all5,russian_vs_spanish,False,spanish,0.8000,4,0.7999999999999999,65,23,0.35384615384615387,1.0,0.5,16,7,0.6956521739130435,0.3913043478260869,False
deepseek|mathqa,deepseek,mathqa,all5,russian_vs_spanish,False,spanish,1.0000,5,1.0,1731,0,0.0,,,0,0,,,False
deepseek|mmlu,deepseek,mmlu,all5,chinese_vs_japanese,False,chinese,ALL,-1,,2000,172,0.086,0.872093023255814,0.436046511627907,81,69,0.54,0.08000000000000007,True
deepseek|mmlu,deepseek,mmlu,all5,chinese_vs_japanese,False,chinese,0.0000,0,0.0,100,17,0.17,0.0,0.0,0,0,,,False
deepseek|mmlu,deepseek,mmlu,all5,chinese_vs_japanese,False,chinese,0.2000,1,0.1999999999999999,46,21,0.45652173913043476,0.7619047619047619,0.38095238095238093,7,9,0.4375,-0.125,False
deepseek|mmlu,deepseek,mmlu,all5,chinese_vs_japanese,False,chinese,0.4000,2,0.3999999999999998,46,22,0.4782608695652174,1.0,0.5,13,9,0.5909090909090909,0.18181818181818188,False
deepseek|mmlu,deepseek,mmlu,all5,chinese_vs_japanese,False,chinese,0.6000,3,0.6000000000000001,69,42,0.6086956521739131,1.0,0.5,18,24,0.42857142857142855,-0.1428571428571429,True
deepseek|mmlu,deepseek,mmlu,all5,chinese_vs_japanese,False,chinese,0.8000,4,0.7999999999999998,135,70,0.5185185185185185,1.0,0.5,43,27,0.6142857142857143,0.22857142857142865,True
deepseek|mmlu,deepseek,mmlu,all5,chinese_vs_japanese,False,chinese,1.0000,5,1.0,1604,0,0.0,,,0,0,,,False
deepseek|mmlu,deepseek,mmlu,all5,chinese_vs_russian,False,chinese,ALL,-1,,2000,160,0.08,0.83125,0.415625,72,61,0.5413533834586466,0.08270676691729317,True
deepseek|mmlu,deepseek,mmlu,all5,chinese_vs_russian,False,chinese,0.0000,0,0.0,100,14,0.14,0.0,0.0,0,0,,,False
deepseek|mmlu,deepseek,mmlu,all5,chinese_vs_russian,False,chinese,0.2000,1,0.1999999999999999,46,19,0.41304347826086957,0.7894736842105263,0.39473684210526316,7,8,0.4666666666666667,-0.06666666666666665,False
deepseek|mmlu,deepseek,mmlu,all5,chinese_vs_russian,False,chinese,0.4000,2,0.3999999999999998,46,29,0.6304347826086957,0.7931034482758621,0.39655172413793105,14,9,0.6086956521739131,0.21739130434782616,False
deepseek|mmlu,deepseek,mmlu,all5,chinese_vs_russian,False,chinese,0.6000,3,0.6000000000000001,69,46,0.6666666666666666,0.9347826086956522,0.4673913043478261,26,17,0.6046511627906976,0.20930232558139528,True
deepseek|mmlu,deepseek,mmlu,all5,chinese_vs_russian,False,chinese,0.8000,4,0.7999999999999998,135,52,0.3851851851851852,1.0,0.5,25,27,0.4807692307692308,-0.038461538461538436,True
deepseek|mmlu,deepseek,mmlu,all5,chinese_vs_russian,False,chinese,1.0000,5,1.0,1604,0,0.0,,,0,0,,,False
deepseek|mmlu,deepseek,mmlu,all5,chinese_vs_spanish,False,spanish,ALL,-1,,2000,177,0.0885,0.8700564971751412,0.4350282485875706,82,72,0.5324675324675324,0.06493506493506485,True
deepseek|mmlu,deepseek,mmlu,all5,chinese_vs_spanish,False,spanish,0.0000,0,0.0,100,15,0.15,0.0,0.0,0,0,,,False
deepseek|mmlu,deepseek,mmlu,all5,chinese_vs_spanish,False,spanish,0.2000,1,0.1999999999999999,46,20,0.43478260869565216,0.8,0.4,9,7,0.5625,0.125,False
deepseek|mmlu,deepseek,mmlu,all5,chinese_vs_spanish,False,spanish,0.4000,2,0.3999999999999998,46,41,0.8913043478260869,0.9024390243902439,0.45121951219512196,21,16,0.5675675675675675,0.1351351351351351,True
deepseek|mmlu,deepseek,mmlu,all5,chinese_vs_spanish,False,spanish,0.6000,3,0.6000000000000001,69,47,0.6811594202898551,1.0,0.5,25,22,0.5319148936170213,0.06382978723404253,True
deepseek|mmlu,deepseek,mmlu,all5,chinese_vs_spanish,False,spanish,0.8000,4,0.7999999999999998,135,54,0.4,1.0,0.5,27,27,0.5,0.0,True
deepseek|mmlu,deepseek,mmlu,all5,chinese_vs_spanish,False,spanish,1.0000,5,1.0,1604,0,0.0,,,0,0,,,False
deepseek|mmlu,deepseek,mmlu,all5,english_vs_chinese,True,english,ALL,-1,,2000,149,0.0745,0.8322147651006712,0.4161073825503356,81,43,0.6532258064516129,0.30645161290322576,True
deepseek|mmlu,deepseek,mmlu,all5,english_vs_chinese,True,english,0.0000,0,0.0,100,14,0.14,0.0,0.0,0,0,,,False
deepseek|mmlu,deepseek,mmlu,all5,english_vs_chinese,True,english,0.2000,1,0.1999999999999999,46,26,0.5652173913043478,0.7692307692307693,0.38461538461538464,13,7,0.65,0.30000000000000004,False
deepseek|mmlu,deepseek,mmlu,all5,english_vs_chinese,True,english,0.4000,2,0.3999999999999998,46,32,0.6956521739130435,0.875,0.4375,17,11,0.6071428571428571,0.2142857142857142,True
deepseek|mmlu,deepseek,mmlu,all5,english_vs_chinese,True,english,0.6000,3,0.6000000000000001,69,37,0.5362318840579711,0.972972972972973,0.4864864864864865,24,12,0.6666666666666666,0.33333333333333326,True
deepseek|mmlu,deepseek,mmlu,all5,english_vs_chinese,True,english,0.8000,4,0.7999999999999998,135,40,0.2962962962962963,1.0,0.5,27,13,0.675,0.3500000000000001,True
deepseek|mmlu,deepseek,mmlu,all5,english_vs_chinese,True,english,1.0000,5,1.0,1604,0,0.0,,,0,0,,,False
deepseek|mmlu,deepseek,mmlu,all5,english_vs_japanese,True,english,ALL,-1,,2000,174,0.087,0.8620689655172413,0.43103448275862066,100,50,0.6666666666666666,0.33333333333333326,True
deepseek|mmlu,deepseek,mmlu,all5,english_vs_japanese,True,english,0.0000,0,0.0,100,16,0.16,0.0,0.0,0,0,,,False
deepseek|mmlu,deepseek,mmlu,all5,english_vs_japanese,True,english,0.2000,1,0.1999999999999999,46,28,0.6086956521739131,0.7857142857142857,0.39285714285714285,13,9,0.5909090909090909,0.18181818181818188,False
deepseek|mmlu,deepseek,mmlu,all5,english_vs_japanese,True,english,0.4000,2,0.3999999999999998,46,36,0.782608695652174,0.9444444444444444,0.4722222222222222,22,12,0.6470588235294118,0.2941176470588236,True
deepseek|mmlu,deepseek,mmlu,all5,english_vs_japanese,True,english,0.6000,3,0.6000000000000001,69,38,0.5507246376811594,1.0,0.5,22,16,0.5789473684210527,0.1578947368421053,True
deepseek|mmlu,deepseek,mmlu,all5,english_vs_japanese,True,english,0.8000,4,0.7999999999999998,135,56,0.4148148148148148,1.0,0.5,43,13,0.7678571428571429,0.5357142857142858,True
deepseek|mmlu,deepseek,mmlu,all5,english_vs_japanese,True,english,1.0000,5,1.0,1604,0,0.0,,,0,0,,,False
deepseek|mmlu,deepseek,mmlu,all5,english_vs_russian,True,english,ALL,-1,,2000,157,0.0785,0.8726114649681529,0.43630573248407645,93,44,0.6788321167883211,0.35766423357664223,True
deepseek|mmlu,deepseek,mmlu,all5,english_vs_russian,True,english,0.0000,0,0.0,100,11,0.11,0.0,0.0,0,0,,,False
deepseek|mmlu,deepseek,mmlu,all5,english_vs_russian,True,english,0.2000,1,0.1999999999999999,46,27,0.5869565217391305,0.7777777777777778,0.3888888888888889,13,8,0.6190476190476191,0.23809523809523814,False
deepseek|mmlu,deepseek,mmlu,all5,english_vs_russian,True,english,0.4000,2,0.3999999999999998,46,31,0.6739130434782609,0.9354838709677419,0.46774193548387094,20,9,0.6896551724137931,0.3793103448275863,True
deepseek|mmlu,deepseek,mmlu,all5,english_vs_russian,True,english,0.6000,3,0.6000000000000001,69,50,0.7246376811594203,0.98,0.49,35,14,0.7142857142857143,0.4285714285714286,True
deepseek|mmlu,deepseek,mmlu,all5,english_vs_russian,True,english,0.8000,4,0.7999999999999998,135,38,0.2814814814814815,1.0,0.5,25,13,0.6578947368421053,0.3157894736842106,True
deepseek|mmlu,deepseek,mmlu,all5,english_vs_russian,True,english,1.0000,5,1.0,1604,0,0.0,,,0,0,,,False
deepseek|mmlu,deepseek,mmlu,all5,english_vs_spanish,True,english,ALL,-1,,2000,143,0.0715,0.8391608391608392,0.4195804195804196,74,46,0.6166666666666667,0.2333333333333334,True
deepseek|mmlu,deepseek,mmlu,all5,english_vs_spanish,True,english,0.0000,0,0.0,100,15,0.15,0.0,0.0,0,0,,,False
deepseek|mmlu,deepseek,mmlu,all5,english_vs_spanish,True,english,0.2000,1,0.1999999999999999,46,28,0.6086956521739131,0.7857142857142857,0.39285714285714285,13,9,0.5909090909090909,0.18181818181818188,False
deepseek|mmlu,deepseek,mmlu,all5,english_vs_spanish,True,english,0.4000,2,0.3999999999999998,46,27,0.5869565217391305,0.9259259259259259,0.46296296296296297,13,12,0.52,0.040000000000000036,False
deepseek|mmlu,deepseek,mmlu,all5,english_vs_spanish,True,english,0.6000,3,0.6000000000000001,69,33,0.4782608695652174,1.0,0.5,21,12,0.6363636363636364,0.2727272727272727,True
deepseek|mmlu,deepseek,mmlu,all5,english_vs_spanish,True,english,0.8000,4,0.7999999999999998,135,40,0.2962962962962963,1.0,0.5,27,13,0.675,0.3500000000000001,True
deepseek|mmlu,deepseek,mmlu,all5,english_vs_spanish,True,english,1.0000,5,1.0,1604,0,0.0,,,0,0,,,False
deepseek|mmlu,deepseek,mmlu,all5,japanese_vs_russian,False,russian,ALL,-1,,2000,183,0.0915,0.825136612021858,0.412568306010929,76,75,0.5033112582781457,0.0066225165562914245,True
deepseek|mmlu,deepseek,mmlu,all5,japanese_vs_russian,False,russian,0.0000,0,0.0,100,16,0.16,0.0,0.0,0,0,,,False
deepseek|mmlu,deepseek,mmlu,all5,japanese_vs_russian,False,russian,0.2000,1,0.1999999999999999,46,23,0.5,0.7391304347826086,0.3695652173913043,8,9,0.47058823529411764,-0.05882352941176472,False
deepseek|mmlu,deepseek,mmlu,all5,japanese_vs_russian,False,russian,0.4000,2,0.3999999999999998,46,31,0.6739130434782609,0.8064516129032258,0.4032258064516129,12,13,0.48,-0.040000000000000036,True
deepseek|mmlu,deepseek,mmlu,all5,japanese_vs_russian,False,russian,0.6000,3,0.6000000000000001,69,45,0.6521739130434783,0.9111111111111111,0.45555555555555555,13,28,0.3170731707317073,-0.36585365853658536,True
deepseek|mmlu,deepseek,mmlu,all5,japanese_vs_russian,False,russian,0.8000,4,0.7999999999999998,135,68,0.5037037037037037,1.0,0.5,43,25,0.6323529411764706,0.2647058823529411,True
deepseek|mmlu,deepseek,mmlu,all5,japanese_vs_russian,False,russian,1.0000,5,1.0,1604,0,0.0,,,0,0,,,False
deepseek|mmlu,deepseek,mmlu,all5,japanese_vs_spanish,False,spanish,ALL,-1,,2000,180,0.09,0.8555555555555555,0.42777777777777776,88,66,0.5714285714285714,0.1428571428571428,True
deepseek|mmlu,deepseek,mmlu,all5,japanese_vs_spanish,False,spanish,0.0000,0,0.0,100,18,0.18,0.0,0.0,0,0,,,False
deepseek|mmlu,deepseek,mmlu,all5,japanese_vs_spanish,False,spanish,0.2000,1,0.1999999999999999,46,23,0.5,0.782608695652174,0.391304347826087,9,9,0.5,0.0,False
deepseek|mmlu,deepseek,mmlu,all5,japanese_vs_spanish,False,spanish,0.4000,2,0.3999999999999998,46,28,0.6086956521739131,0.8928571428571429,0.44642857142857145,17,8,0.68,0.3600000000000001,False
deepseek|mmlu,deepseek,mmlu,all5,japanese_vs_spanish,False,spanish,0.6000,3,0.6000000000000001,69,41,0.5942028985507246,1.0,0.5,19,22,0.4634146341463415,-0.07317073170731703,True
deepseek|mmlu,deepseek,mmlu,all5,japanese_vs_spanish,False,spanish,0.8000,4,0.7999999999999998,135,70,0.5185185185185185,1.0,0.5,43,27,0.6142857142857143,0.22857142857142865,True
deepseek|mmlu,deepseek,mmlu,all5,japanese_vs_spanish,False,spanish,1.0000,5,1.0,1604,0,0.0,,,0,0,,,False
deepseek|mmlu,deepseek,mmlu,all5,russian_vs_spanish,False,spanish,ALL,-1,,2000,160,0.08,0.88125,0.440625,81,60,0.574468085106383,0.14893617021276606,True
deepseek|mmlu,deepseek,mmlu,all5,russian_vs_spanish,False,spanish,0.0000,0,0.0,100,11,0.11,0.0,0.0,0,0,,,False
deepseek|mmlu,deepseek,mmlu,all5,russian_vs_spanish,False,spanish,0.2000,1,0.1999999999999999,46,22,0.4782608695652174,0.7727272727272727,0.38636363636363635,9,8,0.5294117647058824,0.05882352941176472,False
deepseek|mmlu,deepseek,mmlu,all5,russian_vs_spanish,False,spanish,0.4000,2,0.3999999999999998,46,30,0.6521739130434783,0.9333333333333333,0.4666666666666667,19,9,0.6785714285714286,0.3571428571428572,True
deepseek|mmlu,deepseek,mmlu,all5,russian_vs_spanish,False,spanish,0.6000,3,0.6000000000000001,69,45,0.6521739130434783,0.9777777777777777,0.4888888888888889,28,16,0.6363636363636364,0.2727272727272727,True
deepseek|mmlu,deepseek,mmlu,all5,russian_vs_spanish,False,spanish,0.8000,4,0.7999999999999998,135,52,0.3851851851851852,1.0,0.5,25,27,0.4807692307692308,-0.038461538461538436,True
deepseek|mmlu,deepseek,mmlu,all5,russian_vs_spanish,False,spanish,1.0000,5,1.0,1604,0,0.0,,,0,0,,,False
deepseek|truthfulqa,deepseek,truthfulqa,all5,chinese_vs_japanese,False,chinese,ALL,-1,,817,102,0.12484700122399021,0.8725490196078431,0.4362745098039216,47,42,0.5280898876404494,0.05617977528089879,True
deepseek|truthfulqa,deepseek,truthfulqa,all5,chinese_vs_japanese,False,chinese,0.0000,0,0.0,39,9,0.23076923076923078,0.0,0.0,0,0,,,False
deepseek|truthfulqa,deepseek,truthfulqa,all5,chinese_vs_japanese,False,chinese,0.2000,1,0.20000000000000004,27,19,0.7037037037037037,0.9473684210526315,0.47368421052631576,6,12,0.3333333333333333,-0.33333333333333337,False
deepseek|truthfulqa,deepseek,truthfulqa,all5,chinese_vs_japanese,False,chinese,0.4000,2,0.4,32,22,0.6875,0.9090909090909091,0.45454545454545453,12,8,0.6,0.19999999999999996,False
deepseek|truthfulqa,deepseek,truthfulqa,all5,chinese_vs_japanese,False,chinese,0.6000,3,0.6,48,26,0.5416666666666666,0.9615384615384616,0.4807692307692308,16,9,0.64,0.28,False
deepseek|truthfulqa,deepseek,truthfulqa,all5,chinese_vs_japanese,False,chinese,0.8000,4,0.7999999999999999,73,26,0.3561643835616438,1.0,0.5,13,13,0.5,0.0,False
deepseek|truthfulqa,deepseek,truthfulqa,all5,chinese_vs_japanese,False,chinese,1.0000,5,1.0,598,0,0.0,,,0,0,,,False
deepseek|truthfulqa,deepseek,truthfulqa,all5,chinese_vs_russian,False,chinese,ALL,-1,,817,111,0.13586291309669524,0.8378378378378378,0.4189189189189189,56,37,0.6021505376344086,0.20430107526881724,True
deepseek|truthfulqa,deepseek,truthfulqa,all5,chinese_vs_russian,False,chinese,0.0000,0,0.0,39,10,0.2564102564102564,0.0,0.0,0,0,,,False
deepseek|truthfulqa,deepseek,truthfulqa,all5,chinese_vs_russian,False,chinese,0.2000,1,0.20000000000000004,27,14,0.5185185185185185,0.7142857142857143,0.35714285714285715,6,4,0.6,0.19999999999999996,False
deepseek|truthfulqa,deepseek,truthfulqa,all5,chinese_vs_russian,False,chinese,0.4000,2,0.4,32,25,0.78125,0.84,0.42,13,8,0.6190476190476191,0.23809523809523814,False
deepseek|truthfulqa,deepseek,truthfulqa,all5,chinese_vs_russian,False,chinese,0.6000,3,0.6,48,28,0.5833333333333334,1.0,0.5,16,12,0.5714285714285714,0.1428571428571428,False
deepseek|truthfulqa,deepseek,truthfulqa,all5,chinese_vs_russian,False,chinese,0.8000,4,0.7999999999999999,73,34,0.4657534246575342,1.0,0.5,21,13,0.6176470588235294,0.23529411764705888,True
deepseek|truthfulqa,deepseek,truthfulqa,all5,chinese_vs_russian,False,chinese,1.0000,5,1.0,598,0,0.0,,,0,0,,,False
deepseek|truthfulqa,deepseek,truthfulqa,all5,chinese_vs_spanish,False,chinese,ALL,-1,,817,96,0.1175030599755202,0.7708333333333334,0.3854166666666667,48,26,0.6486486486486487,0.29729729729729737,True
deepseek|truthfulqa,deepseek,truthfulqa,all5,chinese_vs_spanish,False,chinese,0.0000,0,0.0,39,14,0.358974358974359,0.0,0.0,0,0,,,False
deepseek|truthfulqa,deepseek,truthfulqa,all5,chinese_vs_spanish,False,chinese,0.2000,1,0.20000000000000004,27,12,0.4444444444444444,0.5833333333333334,0.2916666666666667,6,1,0.8571428571428571,0.7142857142857142,False
deepseek|truthfulqa,deepseek,truthfulqa,all5,chinese_vs_spanish,False,chinese,0.4000,2,0.4,32,19,0.59375,0.8947368421052632,0.4473684210526316,15,2,0.8823529411764706,0.7647058823529411,False
deepseek|truthfulqa,deepseek,truthfulqa,all5,chinese_vs_spanish,False,chinese,0.6000,3,0.6,48,27,0.5625,0.9629629629629629,0.48148148148148145,16,10,0.6153846153846154,0.23076923076923084,False
deepseek|truthfulqa,deepseek,truthfulqa,all5,chinese_vs_spanish,False,chinese,0.8000,4,0.7999999999999999,73,24,0.3287671232876712,1.0,0.5,11,13,0.4583333333333333,-0.08333333333333337,False
deepseek|truthfulqa,deepseek,truthfulqa,all5,chinese_vs_spanish,False,chinese,1.0000,5,1.0,598,0,0.0,,,0,0,,,False
deepseek|truthfulqa,deepseek,truthfulqa,all5,english_vs_chinese,True,chinese,ALL,-1,,817,111,0.13586291309669524,0.8378378378378378,0.4189189189189189,60,33,0.6451612903225806,0.29032258064516125,True
deepseek|truthfulqa,deepseek,truthfulqa,all5,english_vs_chinese,True,chinese,0.0000,0,0.0,39,11,0.28205128205128205,0.0,0.0,0,0,,,False
deepseek|truthfulqa,deepseek,truthfulqa,all5,english_vs_chinese,True,chinese,0.2000,1,0.20000000000000004,27,14,0.5185185185185185,0.7142857142857143,0.35714285714285715,6,4,0.6,0.19999999999999996,False
deepseek|truthfulqa,deepseek,truthfulqa,all5,english_vs_chinese,True,chinese,0.4000,2,0.4,32,27,0.84375,0.9259259259259259,0.46296296296296297,17,8,0.68,0.3600000000000001,False
deepseek|truthfulqa,deepseek,truthfulqa,all5,english_vs_chinese,True,chinese,0.6000,3,0.6,48,31,0.6458333333333334,0.967741935483871,0.4838709677419355,22,8,0.7333333333333333,0.46666666666666656,True
deepseek|truthfulqa,deepseek,truthfulqa,all5,english_vs_chinese,True,chinese,0.8000,4,0.7999999999999999,73,28,0.3835616438356164,1.0,0.5,15,13,0.5357142857142857,0.0714285714285714,False
deepseek|truthfulqa,deepseek,truthfulqa,all5,english_vs_chinese,True,chinese,1.0000,5,1.0,598,0,0.0,,,0,0,,,False
deepseek|truthfulqa,deepseek,truthfulqa,all5,english_vs_japanese,True,japanese,ALL,-1,,817,110,0.1346389228886169,0.8727272727272727,0.43636363636363634,59,37,0.6145833333333334,0.22916666666666674,True
deepseek|truthfulqa,deepseek,truthfulqa,all5,english_vs_japanese,True,japanese,0.0000,0,0.0,39,10,0.2564102564102564,0.0,0.0,0,0,,,False
deepseek|truthfulqa,deepseek,truthfulqa,all5,english_vs_japanese,True,japanese,0.2000,1,0.20000000000000004,27,17,0.6296296296296297,0.9411764705882353,0.47058823529411764,12,4,0.75,0.5,False
deepseek|truthfulqa,deepseek,truthfulqa,all5,english_vs_japanese,True,japanese,0.4000,2,0.4,32,19,0.59375,0.8947368421052632,0.4473684210526316,11,6,0.6470588235294118,0.2941176470588236,False
deepseek|truthfulqa,deepseek,truthfulqa,all5,english_vs_japanese,True,japanese,0.6000,3,0.6,48,36,0.75,0.9722222222222222,0.4861111111111111,21,14,0.6,0.19999999999999996,True
deepseek|truthfulqa,deepseek,truthfulqa,all5,english_vs_japanese,True,japanese,0.8000,4,0.7999999999999999,73,28,0.3835616438356164,1.0,0.5,15,13,0.5357142857142857,0.0714285714285714,False
deepseek|truthfulqa,deepseek,truthfulqa,all5,english_vs_japanese,True,japanese,1.0000,5,1.0,598,0,0.0,,,0,0,,,False
deepseek|truthfulqa,deepseek,truthfulqa,all5,english_vs_russian,True,russian,ALL,-1,,817,116,0.1419828641370869,0.8103448275862069,0.4051724137931034,51,43,0.5425531914893617,0.0851063829787233,True
deepseek|truthfulqa,deepseek,truthfulqa,all5,english_vs_russian,True,russian,0.0000,0,0.0,39,8,0.20512820512820512,0.0,0.0,0,0,,,False
deepseek|truthfulqa,deepseek,truthfulqa,all5,english_vs_russian,True,russian,0.2000,1,0.20000000000000004,27,14,0.5185185185185185,0.5714285714285714,0.2857142857142857,4,4,0.5,0.0,False
deepseek|truthfulqa,deepseek,truthfulqa,all5,english_vs_russian,True,russian,0.4000,2,0.4,32,23,0.71875,0.782608695652174,0.391304347826087,11,7,0.6111111111111112,0.22222222222222232,False
deepseek|truthfulqa,deepseek,truthfulqa,all5,english_vs_russian,True,russian,0.6000,3,0.6,48,35,0.7291666666666666,0.9142857142857143,0.45714285714285713,21,11,0.65625,0.3125,True
deepseek|truthfulqa,deepseek,truthfulqa,all5,english_vs_russian,True,russian,0.8000,4,0.7999999999999999,73,36,0.4931506849315068,1.0,0.5,15,21,0.4166666666666667,-0.16666666666666663,True
deepseek|truthfulqa,deepseek,truthfulqa,all5,english_vs_russian,True,russian,1.0000,5,1.0,598,0,0.0,,,0,0,,,False
deepseek|truthfulqa,deepseek,truthfulqa,all5,english_vs_spanish,True,spanish,ALL,-1,,817,93,0.11383108935128519,0.7634408602150538,0.3817204301075269,38,33,0.5352112676056338,0.07042253521126751,True
deepseek|truthfulqa,deepseek,truthfulqa,all5,english_vs_spanish,True,spanish,0.0000,0,0.0,39,13,0.3333333333333333,0.0,0.0,0,0,,,False
deepseek|truthfulqa,deepseek,truthfulqa,all5,english_vs_spanish,True,spanish,0.2000,1,0.20000000000000004,27,9,0.3333333333333333,0.5555555555555556,0.2777777777777778,1,4,0.2,-0.6,False
deepseek|truthfulqa,deepseek,truthfulqa,all5,english_vs_spanish,True,spanish,0.4000,2,0.4,32,16,0.5,0.875,0.4375,5,9,0.35714285714285715,-0.2857142857142857,False
deepseek|truthfulqa,deepseek,truthfulqa,all5,english_vs_spanish,True,spanish,0.6000,3,0.6,48,29,0.6041666666666666,0.896551724137931,0.4482758620689655,17,9,0.6538461538461539,0.3076923076923077,False
deepseek|truthfulqa,deepseek,truthfulqa,all5,english_vs_spanish,True,spanish,0.8000,4,0.7999999999999999,73,26,0.3561643835616438,1.0,0.5,15,11,0.5769230769230769,0.15384615384615374,False
deepseek|truthfulqa,deepseek,truthfulqa,all5,english_vs_spanish,True,spanish,1.0000,5,1.0,598,0,0.0,,,0,0,,,False
deepseek|truthfulqa,deepseek,truthfulqa,all5,japanese_vs_russian,False,japanese,ALL,-1,,817,105,0.12851897184822522,0.8952380952380953,0.44761904761904764,54,40,0.574468085106383,0.14893617021276606,True
deepseek|truthfulqa,deepseek,truthfulqa,all5,japanese_vs_russian,False,japanese,0.0000,0,0.0,39,7,0.1794871794871795,0.0,0.0,0,0,,,False
deepseek|truthfulqa,deepseek,truthfulqa,all5,japanese_vs_russian,False,japanese,0.2000,1,0.20000000000000004,27,17,0.6296296296296297,0.9411764705882353,0.47058823529411764,12,4,0.75,0.5,False
deepseek|truthfulqa,deepseek,truthfulqa,all5,japanese_vs_russian,False,japanese,0.4000,2,0.4,32,23,0.71875,0.9130434782608695,0.45652173913043476,11,10,0.5238095238095238,0.04761904761904767,False
deepseek|truthfulqa,deepseek,truthfulqa,all5,japanese_vs_russian,False,japanese,0.6000,3,0.6,48,24,0.5,0.9583333333333334,0.4791666666666667,10,13,0.43478260869565216,-0.13043478260869568,False
deepseek|truthfulqa,deepseek,truthfulqa,all5,japanese_vs_russian,False,japanese,0.8000,4,0.7999999999999999,73,34,0.4657534246575342,1.0,0.5,21,13,0.6176470588235294,0.23529411764705888,True
deepseek|truthfulqa,deepseek,truthfulqa,all5,japanese_vs_russian,False,japanese,1.0000,5,1.0,598,0,0.0,,,0,0,,,False
deepseek|truthfulqa,deepseek,truthfulqa,all5,japanese_vs_spanish,False,japanese,ALL,-1,,817,113,0.1383108935128519,0.8053097345132744,0.4026548672566372,54,37,0.5934065934065934,0.18681318681318682,True
deepseek|truthfulqa,deepseek,truthfulqa,all5,japanese_vs_spanish,False,japanese,0.0000,0,0.0,39,14,0.358974358974359,0.0,0.0,0,0,,,False
deepseek|truthfulqa,deepseek,truthfulqa,all5,japanese_vs_spanish,False,japanese,0.2000,1,0.20000000000000004,27,17,0.6296296296296297,0.7647058823529411,0.38235294117647056,12,1,0.9230769230769231,0.8461538461538463,False
deepseek|truthfulqa,deepseek,truthfulqa,all5,japanese_vs_spanish,False,japanese,0.4000,2,0.4,32,23,0.71875,0.9130434782608695,0.45652173913043476,15,6,0.7142857142857143,0.4285714285714286,False
deepseek|truthfulqa,deepseek,truthfulqa,all5,japanese_vs_spanish,False,japanese,0.6000,3,0.6,48,35,0.7291666666666666,0.9428571428571428,0.4714285714285714,16,17,0.48484848484848486,-0.030303030303030276,True
deepseek|truthfulqa,deepseek,truthfulqa,all5,japanese_vs_spanish,False,japanese,0.8000,4,0.7999999999999999,73,24,0.3287671232876712,1.0,0.5,11,13,0.4583333333333333,-0.08333333333333337,False
deepseek|truthfulqa,deepseek,truthfulqa,all5,japanese_vs_spanish,False,japanese,1.0000,5,1.0,598,0,0.0,,,0,0,,,False
deepseek|truthfulqa,deepseek,truthfulqa,all5,russian_vs_spanish,False,russian,ALL,-1,,817,112,0.13708690330477355,0.7589285714285714,0.3794642857142857,44,41,0.5176470588235295,0.03529411764705892,True
deepseek|truthfulqa,deepseek,truthfulqa,all5,russian_vs_spanish,False,russian,0.0000,0,0.0,39,10,0.2564102564102564,0.0,0.0,0,0,,,False
deepseek|truthfulqa,deepseek,truthfulqa,all5,russian_vs_spanish,False,russian,0.2000,1,0.20000000000000004,27,13,0.48148148148148145,0.38461538461538464,0.19230769230769232,4,1,0.8,0.6000000000000001,False
deepseek|truthfulqa,deepseek,truthfulqa,all5,russian_vs_spanish,False,russian,0.4000,2,0.4,32,26,0.8125,0.6923076923076923,0.34615384615384615,13,5,0.7222222222222222,0.4444444444444444,False
deepseek|truthfulqa,deepseek,truthfulqa,all5,russian_vs_spanish,False,russian,0.6000,3,0.6,48,31,0.6458333333333334,0.967741935483871,0.4838709677419355,16,14,0.5333333333333333,0.06666666666666665,True
deepseek|truthfulqa,deepseek,truthfulqa,all5,russian_vs_spanish,False,russian,0.8000,4,0.7999999999999999,73,32,0.4383561643835616,1.0,0.5,11,21,0.34375,-0.3125,True
deepseek|truthfulqa,deepseek,truthfulqa,all5,russian_vs_spanish,False,russian,1.0000,5,1.0,598,0,0.0,,,0,0,,,False
gemini|commonsenseqa,gemini,commonsenseqa,all5,chinese_vs_japanese,False,chinese,ALL,-1,,2000,490,0.245,0.7755102040816326,0.3877551020408163,191,189,0.5026315789473684,0.0052631578947368585,True
gemini|commonsenseqa,gemini,commonsenseqa,all5,chinese_vs_japanese,False,chinese,0.0000,0,0.0,226,60,0.26548672566371684,0.0,0.0,0,0,,,True
gemini|commonsenseqa,gemini,commonsenseqa,all5,chinese_vs_japanese,False,chinese,0.2000,1,0.19999999999999996,157,94,0.5987261146496815,0.6914893617021277,0.34574468085106386,25,40,0.38461538461538464,-0.23076923076923073,True
gemini|commonsenseqa,gemini,commonsenseqa,all5,chinese_vs_japanese,False,chinese,0.4000,2,0.39999999999999997,126,85,0.6746031746031746,0.8,0.4,33,35,0.4852941176470588,-0.02941176470588236,True
gemini|commonsenseqa,gemini,commonsenseqa,all5,chinese_vs_japanese,False,chinese,0.6000,3,0.5999999999999999,195,122,0.6256410256410256,0.9672131147540983,0.48360655737704916,61,57,0.5169491525423728,0.03389830508474567,True
gemini|commonsenseqa,gemini,commonsenseqa,all5,chinese_vs_japanese,False,chinese,0.8000,4,0.8,258,129,0.5,1.0,0.5,72,57,0.5581395348837209,0.11627906976744184,True
gemini|commonsenseqa,gemini,commonsenseqa,all5,chinese_vs_japanese,False,chinese,1.0000,5,1.0,1038,0,0.0,,,0,0,,,False
gemini|commonsenseqa,gemini,commonsenseqa,all5,chinese_vs_russian,False,russian,ALL,-1,,2000,471,0.2355,0.7558386411889597,0.37791932059447986,180,176,0.5056179775280899,0.011235955056179803,True
gemini|commonsenseqa,gemini,commonsenseqa,all5,chinese_vs_russian,False,russian,0.0000,0,0.0,226,53,0.2345132743362832,0.0,0.0,0,0,,,True
gemini|commonsenseqa,gemini,commonsenseqa,all5,chinese_vs_russian,False,russian,0.2000,1,0.19999999999999996,157,87,0.554140127388535,0.5977011494252874,0.2988505747126437,27,25,0.5192307692307693,0.03846153846153855,True
gemini|commonsenseqa,gemini,commonsenseqa,all5,chinese_vs_russian,False,russian,0.4000,2,0.39999999999999997,126,86,0.6825396825396826,0.813953488372093,0.4069767441860465,36,34,0.5142857142857142,0.02857142857142847,True
gemini|commonsenseqa,gemini,commonsenseqa,all5,chinese_vs_russian,False,russian,0.6000,3,0.5999999999999999,195,135,0.6923076923076923,0.9185185185185185,0.45925925925925926,60,64,0.4838709677419355,-0.032258064516129004,True
gemini|commonsenseqa,gemini,commonsenseqa,all5,chinese_vs_russian,False,russian,0.8000,4,0.8,258,110,0.4263565891472868,1.0,0.5,57,53,0.5181818181818182,0.036363636363636376,True
gemini|commonsenseqa,gemini,commonsenseqa,all5,chinese_vs_russian,False,russian,1.0000,5,1.0,1038,0,0.0,,,0,0,,,False
gemini|commonsenseqa,gemini,commonsenseqa,all5,chinese_vs_spanish,False,spanish,ALL,-1,,2000,446,0.223,0.773542600896861,0.3867713004484305,197,148,0.5710144927536231,0.1420289855072463,True
gemini|commonsenseqa,gemini,commonsenseqa,all5,chinese_vs_spanish,False,spanish,0.0000,0,0.0,226,47,0.2079646017699115,0.0,0.0,0,0,,,True
gemini|commonsenseqa,gemini,commonsenseqa,all5,chinese_vs_spanish,False,spanish,0.2000,1,0.19999999999999996,157,84,0.535031847133758,0.6190476190476191,0.30952380952380953,27,25,0.5192307692307693,0.03846153846153855,True
gemini|commonsenseqa,gemini,commonsenseqa,all5,chinese_vs_spanish,False,spanish,0.4000,2,0.39999999999999997,126,94,0.746031746031746,0.8723404255319149,0.43617021276595747,47,35,0.573170731707317,0.14634146341463405,True
gemini|commonsenseqa,gemini,commonsenseqa,all5,chinese_vs_spanish,False,spanish,0.6000,3,0.5999999999999999,195,124,0.6358974358974359,0.9193548387096774,0.4596774193548387,66,48,0.5789473684210527,0.1578947368421053,True
gemini|commonsenseqa,gemini,commonsenseqa,all5,chinese_vs_spanish,False,spanish,0.8000,4,0.8,258,97,0.375968992248062,1.0,0.5,57,40,0.5876288659793815,0.17525773195876293,True
gemini|commonsenseqa,gemini,commonsenseqa,all5,chinese_vs_spanish,False,spanish,1.0000,5,1.0,1038,0,0.0,,,0,0,,,False
gemini|commonsenseqa,gemini,commonsenseqa,all5,english_vs_chinese,True,english,ALL,-1,,2000,502,0.251,0.6992031872509961,0.34960159362549803,203,148,0.5783475783475783,0.15669515669515666,True
gemini|commonsenseqa,gemini,commonsenseqa,all5,english_vs_chinese,True,english,0.0000,0,0.0,226,70,0.30973451327433627,0.0,0.0,0,0,,,True
gemini|commonsenseqa,gemini,commonsenseqa,all5,english_vs_chinese,True,english,0.2000,1,0.19999999999999996,157,110,0.7006369426751592,0.5727272727272728,0.2863636363636364,38,25,0.6031746031746031,0.20634920634920628,True
gemini|commonsenseqa,gemini,commonsenseqa,all5,english_vs_chinese,True,english,0.4000,2,0.39999999999999997,126,103,0.8174603174603174,0.7572815533980582,0.3786407766990291,42,36,0.5384615384615384,0.07692307692307687,True
gemini|commonsenseqa,gemini,commonsenseqa,all5,english_vs_chinese,True,english,0.6000,3,0.5999999999999999,195,126,0.6461538461538462,0.9285714285714286,0.4642857142857143,66,51,0.5641025641025641,0.1282051282051282,True
gemini|commonsenseqa,gemini,commonsenseqa,all5,english_vs_chinese,True,english,0.8000,4,0.8,258,93,0.36046511627906974,1.0,0.5,57,36,0.6129032258064516,0.22580645161290325,True
gemini|commonsenseqa,gemini,commonsenseqa,all5,english_vs_chinese,True,english,1.0000,5,1.0,1038,0,0.0,,,0,0,,,False
gemini|commonsenseqa,gemini,commonsenseqa,all5,english_vs_japanese,True,english,ALL,-1,,2000,518,0.259,0.7316602316602316,0.3658301158301158,218,161,0.575197889182058,0.1503957783641161,True
gemini|commonsenseqa,gemini,commonsenseqa,all5,english_vs_japanese,True,english,0.0000,0,0.0,226,68,0.3008849557522124,0.0,0.0,0,0,,,True
gemini|commonsenseqa,gemini,commonsenseqa,all5,english_vs_japanese,True,english,0.2000,1,0.19999999999999996,157,119,0.7579617834394905,0.6554621848739496,0.3277310924369748,38,40,0.48717948717948717,-0.02564102564102566,True
gemini|commonsenseqa,gemini,commonsenseqa,all5,english_vs_japanese,True,english,0.4000,2,0.39999999999999997,126,95,0.753968253968254,0.7789473684210526,0.3894736842105263,39,35,0.527027027027027,0.054054054054053946,True
gemini|commonsenseqa,gemini,commonsenseqa,all5,english_vs_japanese,True,english,0.6000,3,0.5999999999999999,195,128,0.6564102564102564,0.9296875,0.46484375,69,50,0.5798319327731093,0.1596638655462186,True
gemini|commonsenseqa,gemini,commonsenseqa,all5,english_vs_japanese,True,english,0.8000,4,0.8,258,108,0.4186046511627907,1.0,0.5,72,36,0.6666666666666666,0.33333333333333326,True
gemini|commonsenseqa,gemini,commonsenseqa,all5,english_vs_japanese,True,english,1.0000,5,1.0,1038,0,0.0,,,0,0,,,False
gemini|commonsenseqa,gemini,commonsenseqa,all5,english_vs_russian,True,english,ALL,-1,,2000,497,0.2485,0.7062374245472837,0.35311871227364183,201,150,0.5726495726495726,0.14529914529914523,True
gemini|commonsenseqa,gemini,commonsenseqa,all5,english_vs_russian,True,english,0.0000,0,0.0,226,68,0.3008849557522124,0.0,0.0,0,0,,,True
gemini|commonsenseqa,gemini,commonsenseqa,all5,english_vs_russian,True,english,0.2000,1,0.19999999999999996,157,103,0.6560509554140127,0.6310679611650486,0.3155339805825243,38,27,0.5846153846153846,0.1692307692307693,True
gemini|commonsenseqa,gemini,commonsenseqa,all5,english_vs_russian,True,english,0.4000,2,0.39999999999999997,126,103,0.8174603174603174,0.7378640776699029,0.36893203883495146,40,36,0.5263157894736842,0.05263157894736836,True
gemini|commonsenseqa,gemini,commonsenseqa,all5,english_vs_russian,True,english,0.6000,3,0.5999999999999999,195,134,0.6871794871794872,0.9029850746268657,0.45149253731343286,70,51,0.5785123966942148,0.15702479338842967,True
gemini|commonsenseqa,gemini,commonsenseqa,all5,english_vs_russian,True,english,0.8000,4,0.8,258,89,0.3449612403100775,1.0,0.5,53,36,0.5955056179775281,0.1910112359550562,True
gemini|commonsenseqa,gemini,commonsenseqa,all5,english_vs_russian,True,english,1.0000,5,1.0,1038,0,0.0,,,0,0,,,False
gemini|commonsenseqa,gemini,commonsenseqa,all5,english_vs_spanish,True,english,ALL,-1,,2000,457,0.2285,0.6958424507658644,0.3479212253829322,162,156,0.5094339622641509,0.018867924528301883,True
gemini|commonsenseqa,gemini,commonsenseqa,all5,english_vs_spanish,True,english,0.0000,0,0.0,226,70,0.30973451327433627,0.0,0.0,0,0,,,True
gemini|commonsenseqa,gemini,commonsenseqa,all5,english_vs_spanish,True,english,0.2000,1,0.19999999999999996,157,106,0.6751592356687898,0.6132075471698113,0.30660377358490565,38,27,0.5846153846153846,0.1692307692307693,True
gemini|commonsenseqa,gemini,commonsenseqa,all5,english_vs_spanish,True,english,0.4000,2,0.39999999999999997,126,95,0.753968253968254,0.8,0.4,35,41,0.4605263157894737,-0.07894736842105265,True
gemini|commonsenseqa,gemini,commonsenseqa,all5,english_vs_spanish,True,english,0.6000,3,0.5999999999999999,195,110,0.5641025641025641,0.9181818181818182,0.4590909090909091,49,52,0.48514851485148514,-0.02970297029702973,True
gemini|commonsenseqa,gemini,commonsenseqa,all5,english_vs_spanish,True,english,0.8000,4,0.8,258,76,0.29457364341085274,1.0,0.5,40,36,0.5263157894736842,0.05263157894736836,True
gemini|commonsenseqa,gemini,commonsenseqa,all5,english_vs_spanish,True,english,1.0000,5,1.0,1038,0,0.0,,,0,0,,,False
gemini|commonsenseqa,gemini,commonsenseqa,all5,japanese_vs_russian,False,russian,ALL,-1,,2000,494,0.247,0.7854251012145749,0.39271255060728744,197,191,0.5077319587628866,0.015463917525773141,True
gemini|commonsenseqa,gemini,commonsenseqa,all5,japanese_vs_russian,False,russian,0.0000,0,0.0,226,47,0.2079646017699115,0.0,0.0,0,0,,,True
gemini|commonsenseqa,gemini,commonsenseqa,all5,japanese_vs_russian,False,russian,0.2000,1,0.19999999999999996,157,98,0.6242038216560509,0.6836734693877551,0.34183673469387754,27,40,0.40298507462686567,-0.19402985074626866,True
gemini|commonsenseqa,gemini,commonsenseqa,all5,japanese_vs_russian,False,russian,0.4000,2,0.39999999999999997,126,98,0.7777777777777778,0.8163265306122449,0.40816326530612246,40,40,0.5,0.0,True
gemini|commonsenseqa,gemini,commonsenseqa,all5,japanese_vs_russian,False,russian,0.6000,3,0.5999999999999999,195,126,0.6461538461538462,0.9206349206349206,0.4603174603174603,58,58,0.5,0.0,True
gemini|commonsenseqa,gemini,commonsenseqa,all5,japanese_vs_russian,False,russian,0.8000,4,0.8,258,125,0.4844961240310077,1.0,0.5,72,53,0.576,0.1519999999999999,True
gemini|commonsenseqa,gemini,commonsenseqa,all5,japanese_vs_russian,False,russian,1.0000,5,1.0,1038,0,0.0,,,0,0,,,False
gemini|commonsenseqa,gemini,commonsenseqa,all5,japanese_vs_spanish,False,spanish,ALL,-1,,2000,473,0.2365,0.8054968287526427,0.40274841437632136,216,165,0.5669291338582677,0.13385826771653542,True
gemini|commonsenseqa,gemini,commonsenseqa,all5,japanese_vs_spanish,False,spanish,0.0000,0,0.0,226,51,0.22566371681415928,0.0,0.0,0,0,,,True
gemini|commonsenseqa,gemini,commonsenseqa,all5,japanese_vs_spanish,False,spanish,0.2000,1,0.19999999999999996,157,92,0.5859872611464968,0.7282608695652174,0.3641304347826087,27,40,0.40298507462686567,-0.19402985074626866,True
gemini|commonsenseqa,gemini,commonsenseqa,all5,japanese_vs_spanish,False,spanish,0.4000,2,0.39999999999999997,126,88,0.6984126984126984,0.8863636363636364,0.4431818181818182,44,34,0.5641025641025641,0.1282051282051282,True
gemini|commonsenseqa,gemini,commonsenseqa,all5,japanese_vs_spanish,False,spanish,0.6000,3,0.5999999999999999,195,130,0.6666666666666666,0.9538461538461539,0.47692307692307695,73,51,0.5887096774193549,0.17741935483870974,True
gemini|commonsenseqa,gemini,commonsenseqa,all5,japanese_vs_spanish,False,spanish,0.8000,4,0.8,258,112,0.43410852713178294,1.0,0.5,72,40,0.6428571428571429,0.2857142857142858,True
gemini|commonsenseqa,gemini,commonsenseqa,all5,japanese_vs_spanish,False,spanish,1.0000,5,1.0,1038,0,0.0,,,0,0,,,False
gemini|commonsenseqa,gemini,commonsenseqa,all5,russian_vs_spanish,False,spanish,ALL,-1,,2000,435,0.2175,0.774712643678161,0.3873563218390805,191,146,0.5667655786350149,0.13353115727002973,True
gemini|commonsenseqa,gemini,commonsenseqa,all5,russian_vs_spanish,False,spanish,0.0000,0,0.0,226,51,0.22566371681415928,0.0,0.0,0,0,,,True
gemini|commonsenseqa,gemini,commonsenseqa,all5,russian_vs_spanish,False,spanish,0.2000,1,0.19999999999999996,157,82,0.5222929936305732,0.6585365853658537,0.32926829268292684,27,27,0.5,0.0,True
gemini|commonsenseqa,gemini,commonsenseqa,all5,russian_vs_spanish,False,spanish,0.4000,2,0.39999999999999997,126,85,0.6746031746031746,0.8705882352941177,0.43529411764705883,42,32,0.5675675675675675,0.1351351351351351,True
gemini|commonsenseqa,gemini,commonsenseqa,all5,russian_vs_spanish,False,spanish,0.6000,3,0.5999999999999999,195,124,0.6358974358974359,0.9354838709677419,0.46774193548387094,69,47,0.5948275862068966,0.18965517241379315,True
gemini|commonsenseqa,gemini,commonsenseqa,all5,russian_vs_spanish,False,spanish,0.8000,4,0.8,258,93,0.36046511627906974,1.0,0.5,53,40,0.5698924731182796,0.13978494623655924,True
gemini|commonsenseqa,gemini,commonsenseqa,all5,russian_vs_spanish,False,spanish,1.0000,5,1.0,1038,0,0.0,,,0,0,,,False
gemini|mathqa,gemini,mathqa,all5,chinese_vs_japanese,False,japanese,ALL,-1,,2000,208,0.104,0.7740384615384616,0.3870192307692308,86,75,0.5341614906832298,0.06832298136645965,True
gemini|mathqa,gemini,mathqa,all5,chinese_vs_japanese,False,japanese,0.0000,0,0.0,203,38,0.18719211822660098,0.0,0.0,0,0,,,True
gemini|mathqa,gemini,mathqa,all5,chinese_vs_japanese,False,japanese,0.2000,1,0.19999999999999996,50,31,0.62,0.8709677419354839,0.43548387096774194,16,11,0.5925925925925926,0.18518518518518512,True
gemini|mathqa,gemini,mathqa,all5,chinese_vs_japanese,False,japanese,0.4000,2,0.39999999999999986,54,36,0.6666666666666666,0.9444444444444444,0.4722222222222222,21,13,0.6176470588235294,0.23529411764705888,True
gemini|mathqa,gemini,mathqa,all5,chinese_vs_japanese,False,japanese,0.6000,3,0.6000000000000001,57,36,0.631578947368421,0.9166666666666666,0.4583333333333333,16,17,0.48484848484848486,-0.030303030303030276,True
gemini|mathqa,gemini,mathqa,all5,chinese_vs_japanese,False,japanese,0.8000,4,0.7999999999999999,193,67,0.3471502590673575,1.0,0.5,33,34,0.4925373134328358,-0.014925373134328401,True
gemini|mathqa,gemini,mathqa,all5,chinese_vs_japanese,False,japanese,1.0000,5,1.0,1443,0,0.0,,,0,0,,,False
gemini|mathqa,gemini,mathqa,all5,chinese_vs_russian,False,russian,ALL,-1,,2000,182,0.091,0.7582417582417582,0.3791208791208791,79,59,0.572463768115942,0.14492753623188404,True
gemini|mathqa,gemini,mathqa,all5,chinese_vs_russian,False,russian,0.0000,0,0.0,203,33,0.1625615763546798,0.0,0.0,0,0,,,True
gemini|mathqa,gemini,mathqa,all5,chinese_vs_russian,False,russian,0.2000,1,0.19999999999999996,50,21,0.42,0.7619047619047619,0.38095238095238093,5,11,0.3125,-0.375,False
gemini|mathqa,gemini,mathqa,all5,chinese_vs_russian,False,russian,0.4000,2,0.39999999999999986,54,39,0.7222222222222222,0.9230769230769231,0.46153846153846156,23,13,0.6388888888888888,0.2777777777777777,True
gemini|mathqa,gemini,mathqa,all5,chinese_vs_russian,False,russian,0.6000,3,0.6000000000000001,57,31,0.543859649122807,0.9032258064516129,0.45161290322580644,18,10,0.6428571428571429,0.2857142857142858,True
gemini|mathqa,gemini,mathqa,all5,chinese_vs_russian,False,russian,0.8000,4,0.7999999999999999,193,58,0.3005181347150259,1.0,0.5,33,25,0.5689655172413793,0.13793103448275867,True
gemini|mathqa,gemini,mathqa,all5,chinese_vs_russian,False,russian,1.0000,5,1.0,1443,0,0.0,,,0,0,,,False
gemini|mathqa,gemini,mathqa,all5,chinese_vs_spanish,False,spanish,ALL,-1,,2000,185,0.0925,0.7837837837837838,0.3918918918918919,89,56,0.6137931034482759,0.22758620689655173,True
gemini|mathqa,gemini,mathqa,all5,chinese_vs_spanish,False,spanish,0.0000,0,0.0,203,36,0.17733990147783252,0.0,0.0,0,0,,,True
gemini|mathqa,gemini,mathqa,all5,chinese_vs_spanish,False,spanish,0.2000,1,0.19999999999999996,50,28,0.56,0.8928571428571429,0.44642857142857145,14,11,0.56,0.1200000000000001,False
gemini|mathqa,gemini,mathqa,all5,chinese_vs_spanish,False,spanish,0.4000,2,0.39999999999999986,54,33,0.6111111111111112,0.9696969696969697,0.48484848484848486,22,10,0.6875,0.375,True
gemini|mathqa,gemini,mathqa,all5,chinese_vs_spanish,False,spanish,0.6000,3,0.6000000000000001,57,39,0.6842105263157895,1.0,0.5,20,19,0.5128205128205128,0.02564102564102555,True
gemini|mathqa,gemini,mathqa,all5,chinese_vs_spanish,False,spanish,0.8000,4,0.7999999999999999,193,49,0.2538860103626943,1.0,0.5,33,16,0.673469387755102,0.346938775510204,True
gemini|mathqa,gemini,mathqa,all5,chinese_vs_spanish,False,spanish,1.0000,5,1.0,1443,0,0.0,,,0,0,,,False
gemini|mathqa,gemini,mathqa,all5,english_vs_chinese,True,chinese,ALL,-1,,2000,236,0.118,0.8135593220338984,0.4067796610169492,130,62,0.6770833333333334,0.35416666666666674,True
gemini|mathqa,gemini,mathqa,all5,english_vs_chinese,True,chinese,0.0000,0,0.0,203,29,0.14285714285714285,0.0,0.0,0,0,,,False
gemini|mathqa,gemini,mathqa,all5,english_vs_chinese,True,chinese,0.2000,1,0.19999999999999996,50,20,0.4,0.75,0.375,11,4,0.7333333333333333,0.46666666666666656,False
gemini|mathqa,gemini,mathqa,all5,english_vs_chinese,True,chinese,0.4000,2,0.39999999999999986,54,28,0.5185185185185185,0.7857142857142857,0.39285714285714285,12,10,0.5454545454545454,0.09090909090909083,False
gemini|mathqa,gemini,mathqa,all5,english_vs_chinese,True,chinese,0.6000,3,0.6000000000000001,57,41,0.7192982456140351,0.9024390243902439,0.45121951219512196,22,15,0.5945945945945946,0.18918918918918926,True
gemini|mathqa,gemini,mathqa,all5,english_vs_chinese,True,chinese,0.8000,4,0.7999999999999999,193,118,0.6113989637305699,1.0,0.5,85,33,0.7203389830508474,0.44067796610169485,True
gemini|mathqa,gemini,mathqa,all5,english_vs_chinese,True,chinese,1.0000,5,1.0,1443,0,0.0,,,0,0,,,False
gemini|mathqa,gemini,mathqa,all5,english_vs_japanese,True,japanese,ALL,-1,,2000,249,0.1245,0.8393574297188755,0.41967871485943775,144,65,0.6889952153110048,0.37799043062200965,True
gemini|mathqa,gemini,mathqa,all5,english_vs_japanese,True,japanese,0.0000,0,0.0,203,30,0.1477832512315271,0.0,0.0,0,0,,,True
gemini|mathqa,gemini,mathqa,all5,english_vs_japanese,True,japanese,0.2000,1,0.19999999999999996,50,25,0.5,0.8,0.4,16,4,0.8,0.6000000000000001,False
gemini|mathqa,gemini,mathqa,all5,english_vs_japanese,True,japanese,0.4000,2,0.39999999999999986,54,37,0.6851851851851852,0.918918918918919,0.4594594594594595,22,12,0.6470588235294118,0.2941176470588236,True
gemini|mathqa,gemini,mathqa,all5,english_vs_japanese,True,japanese,0.6000,3,0.6000000000000001,57,38,0.6666666666666666,0.9473684210526315,0.47368421052631576,21,15,0.5833333333333334,0.16666666666666674,True
gemini|mathqa,gemini,mathqa,all5,english_vs_japanese,True,japanese,0.8000,4,0.7999999999999999,193,119,0.616580310880829,1.0,0.5,85,34,0.7142857142857143,0.4285714285714286,True
gemini|mathqa,gemini,mathqa,all5,english_vs_japanese,True,japanese,1.0000,5,1.0,1443,0,0.0,,,0,0,,,False
gemini|mathqa,gemini,mathqa,all5,english_vs_russian,True,russian,ALL,-1,,2000,235,0.1175,0.825531914893617,0.4127659574468085,141,53,0.7268041237113402,0.45360824742268036,True
gemini|mathqa,gemini,mathqa,all5,english_vs_russian,True,russian,0.0000,0,0.0,203,33,0.1625615763546798,0.0,0.0,0,0,,,True
gemini|mathqa,gemini,mathqa,all5,english_vs_russian,True,russian,0.2000,1,0.19999999999999996,50,15,0.3,0.6,0.3,5,4,0.5555555555555556,0.11111111111111116,False
gemini|mathqa,gemini,mathqa,all5,english_vs_russian,True,russian,0.4000,2,0.39999999999999986,54,38,0.7037037037037037,0.9473684210526315,0.47368421052631576,24,12,0.6666666666666666,0.33333333333333326,True
gemini|mathqa,gemini,mathqa,all5,english_vs_russian,True,russian,0.6000,3,0.6000000000000001,57,39,0.6842105263157895,1.0,0.5,27,12,0.6923076923076923,0.3846153846153846,True
gemini|mathqa,gemini,mathqa,all5,english_vs_russian,True,russian,0.8000,4,0.7999999999999999,193,110,0.5699481865284974,1.0,0.5,85,25,0.7727272727272727,0.5454545454545454,True
gemini|mathqa,gemini,mathqa,all5,english_vs_russian,True,russian,1.0000,5,1.0,1443,0,0.0,,,0,0,,,False
gemini|mathqa,gemini,mathqa,all5,english_vs_spanish,True,spanish,ALL,-1,,2000,224,0.112,0.8080357142857143,0.40401785714285715,141,40,0.7790055248618785,0.5580110497237569,True
gemini|mathqa,gemini,mathqa,all5,english_vs_spanish,True,spanish,0.0000,0,0.0,203,34,0.16748768472906403,0.0,0.0,0,0,,,True
gemini|mathqa,gemini,mathqa,all5,english_vs_spanish,True,spanish,0.2000,1,0.19999999999999996,50,22,0.44,0.8181818181818182,0.4090909090909091,14,4,0.7777777777777778,0.5555555555555556,False
gemini|mathqa,gemini,mathqa,all5,english_vs_spanish,True,spanish,0.4000,2,0.39999999999999986,54,34,0.6296296296296297,0.8823529411764706,0.4411764705882353,22,8,0.7333333333333333,0.46666666666666656,True
gemini|mathqa,gemini,mathqa,all5,english_vs_spanish,True,spanish,0.6000,3,0.6000000000000001,57,33,0.5789473684210527,0.9696969696969697,0.48484848484848486,20,12,0.625,0.25,True
gemini|mathqa,gemini,mathqa,all5,english_vs_spanish,True,spanish,0.8000,4,0.7999999999999999,193,101,0.5233160621761658,1.0,0.5,85,16,0.8415841584158416,0.6831683168316831,True
gemini|mathqa,gemini,mathqa,all5,english_vs_spanish,True,spanish,1.0000,5,1.0,1443,0,0.0,,,0,0,,,False
gemini|mathqa,gemini,mathqa,all5,japanese_vs_russian,False,russian,ALL,-1,,2000,191,0.0955,0.7277486910994765,0.36387434554973824,74,65,0.5323741007194245,0.06474820143884896,True
gemini|mathqa,gemini,mathqa,all5,japanese_vs_russian,False,russian,0.0000,0,0.0,203,40,0.19704433497536947,0.0,0.0,0,0,,,True
gemini|mathqa,gemini,mathqa,all5,japanese_vs_russian,False,russian,0.2000,1,0.19999999999999996,50,28,0.56,0.75,0.375,5,16,0.23809523809523808,-0.5238095238095238,False
gemini|mathqa,gemini,mathqa,all5,japanese_vs_russian,False,russian,0.4000,2,0.39999999999999986,54,30,0.5555555555555556,0.8666666666666667,0.43333333333333335,14,12,0.5384615384615384,0.07692307692307687,True
gemini|mathqa,gemini,mathqa,all5,japanese_vs_russian,False,russian,0.6000,3,0.6000000000000001,57,34,0.5964912280701754,0.9705882352941176,0.4852941176470588,21,12,0.6363636363636364,0.2727272727272727,True
gemini|mathqa,gemini,mathqa,all5,japanese_vs_russian,False,russian,0.8000,4,0.7999999999999999,193,59,0.30569948186528495,1.0,0.5,34,25,0.576271186440678,0.15254237288135597,True
gemini|mathqa,gemini,mathqa,all5,japanese_vs_russian,False,russian,1.0000,5,1.0,1443,0,0.0,,,0,0,,,False
gemini|mathqa,gemini,mathqa,all5,japanese_vs_spanish,False,spanish,ALL,-1,,2000,193,0.0965,0.7979274611398963,0.39896373056994816,88,66,0.5714285714285714,0.1428571428571428,True
gemini|mathqa,gemini,mathqa,all5,japanese_vs_spanish,False,spanish,0.0000,0,0.0,203,35,0.1724137931034483,0.0,0.0,0,0,,,True
gemini|mathqa,gemini,mathqa,all5,japanese_vs_spanish,False,spanish,0.2000,1,0.19999999999999996,50,33,0.66,0.9090909090909091,0.45454545454545453,14,16,0.4666666666666667,-0.06666666666666665,True
gemini|mathqa,gemini,mathqa,all5,japanese_vs_spanish,False,spanish,0.4000,2,0.39999999999999986,54,39,0.7222222222222222,0.9743589743589743,0.48717948717948717,21,17,0.5526315789473685,0.10526315789473695,True
gemini|mathqa,gemini,mathqa,all5,japanese_vs_spanish,False,spanish,0.6000,3,0.6000000000000001,57,36,0.631578947368421,1.0,0.5,19,17,0.5277777777777778,0.05555555555555558,True
gemini|mathqa,gemini,mathqa,all5,japanese_vs_spanish,False,spanish,0.8000,4,0.7999999999999999,193,50,0.25906735751295334,1.0,0.5,34,16,0.68,0.3600000000000001,True
gemini|mathqa,gemini,mathqa,all5,japanese_vs_spanish,False,spanish,1.0000,5,1.0,1443,0,0.0,,,0,0,,,False
gemini|mathqa,gemini,mathqa,all5,russian_vs_spanish,False,spanish,ALL,-1,,2000,159,0.0795,0.7861635220125787,0.39308176100628933,69,56,0.552,0.10400000000000009,True
gemini|mathqa,gemini,mathqa,all5,russian_vs_spanish,False,spanish,0.0000,0,0.0,203,30,0.1477832512315271,0.0,0.0,0,0,,,True
gemini|mathqa,gemini,mathqa,all5,russian_vs_spanish,False,spanish,0.2000,1,0.19999999999999996,50,23,0.46,0.8260869565217391,0.41304347826086957,14,5,0.7368421052631579,0.4736842105263157,False
gemini|mathqa,gemini,mathqa,all5,russian_vs_spanish,False,spanish,0.4000,2,0.39999999999999986,54,36,0.6666666666666666,1.0,0.5,19,17,0.5277777777777778,0.05555555555555558,True
gemini|mathqa,gemini,mathqa,all5,russian_vs_spanish,False,spanish,0.6000,3,0.6000000000000001,57,29,0.5087719298245614,1.0,0.5,11,18,0.3793103448275862,-0.24137931034482762,False
gemini|mathqa,gemini,mathqa,all5,russian_vs_spanish,False,spanish,0.8000,4,0.7999999999999999,193,41,0.21243523316062177,1.0,0.5,25,16,0.6097560975609756,0.2195121951219512,True
gemini|mathqa,gemini,mathqa,all5,russian_vs_spanish,False,spanish,1.0000,5,1.0,1443,0,0.0,,,0,0,,,False
gemini|mmlu,gemini,mmlu,all5,chinese_vs_japanese,False,chinese,ALL,-1,,2000,309,0.1545,0.7831715210355987,0.39158576051779936,130,112,0.5371900826446281,0.07438016528925617,True
gemini|mmlu,gemini,mmlu,all5,chinese_vs_japanese,False,chinese,0.0000,0,0.0,165,42,0.2545454545454545,0.0,0.0,0,0,,,True
gemini|mmlu,gemini,mmlu,all5,chinese_vs_japanese,False,chinese,0.2000,1,0.19999999999999993,70,42,0.6,0.7142857142857143,0.35714285714285715,14,16,0.4666666666666667,-0.06666666666666665,True
gemini|mmlu,gemini,mmlu,all5,chinese_vs_japanese,False,chinese,0.4000,2,0.39999999999999997,99,76,0.7676767676767676,0.868421052631579,0.4342105263157895,36,30,0.5454545454545454,0.09090909090909083,True
gemini|mmlu,gemini,mmlu,all5,chinese_vs_japanese,False,chinese,0.6000,3,0.6,94,57,0.6063829787234043,0.9473684210526315,0.47368421052631576,29,25,0.5370370370370371,0.07407407407407418,True
gemini|mmlu,gemini,mmlu,all5,chinese_vs_japanese,False,chinese,0.8000,4,0.7999999999999999,213,92,0.431924882629108,1.0,0.5,51,41,0.5543478260869565,0.10869565217391308,True
gemini|mmlu,gemini,mmlu,all5,chinese_vs_japanese,False,chinese,1.0000,5,1.0,1359,0,0.0,,,0,0,,,False
gemini|mmlu,gemini,mmlu,all5,chinese_vs_russian,False,chinese,ALL,-1,,2000,282,0.141,0.7695035460992907,0.38475177304964536,111,106,0.511520737327189,0.02304147465437789,True
gemini|mmlu,gemini,mmlu,all5,chinese_vs_russian,False,chinese,0.0000,0,0.0,165,39,0.23636363636363636,0.0,0.0,0,0,,,True
gemini|mmlu,gemini,mmlu,all5,chinese_vs_russian,False,chinese,0.2000,1,0.19999999999999993,70,37,0.5285714285714286,0.6486486486486487,0.32432432432432434,14,10,0.5833333333333334,0.16666666666666674,True
gemini|mmlu,gemini,mmlu,all5,chinese_vs_russian,False,chinese,0.4000,2,0.39999999999999997,99,66,0.6666666666666666,0.8484848484848485,0.42424242424242425,30,26,0.5357142857142857,0.0714285714285714,True
gemini|mmlu,gemini,mmlu,all5,chinese_vs_russian,False,chinese,0.6000,3,0.6,94,54,0.574468085106383,0.9444444444444444,0.4722222222222222,22,29,0.43137254901960786,-0.13725490196078427,True
gemini|mmlu,gemini,mmlu,all5,chinese_vs_russian,False,chinese,0.8000,4,0.7999999999999999,213,86,0.40375586854460094,1.0,0.5,45,41,0.5232558139534884,0.04651162790697683,True
gemini|mmlu,gemini,mmlu,all5,chinese_vs_russian,False,chinese,1.0000,5,1.0,1359,0,0.0,,,0,0,,,False
gemini|mmlu,gemini,mmlu,all5,chinese_vs_spanish,False,spanish,ALL,-1,,2000,291,0.1455,0.7869415807560137,0.39347079037800686,118,111,0.5152838427947598,0.03056768558951961,True
gemini|mmlu,gemini,mmlu,all5,chinese_vs_spanish,False,spanish,0.0000,0,0.0,165,38,0.23030303030303031,0.0,0.0,0,0,,,True
gemini|mmlu,gemini,mmlu,all5,chinese_vs_spanish,False,spanish,0.2000,1,0.19999999999999993,70,43,0.6142857142857143,0.7674418604651163,0.38372093023255816,19,14,0.5757575757575758,0.1515151515151516,True
gemini|mmlu,gemini,mmlu,all5,chinese_vs_spanish,False,spanish,0.4000,2,0.39999999999999997,99,70,0.7070707070707071,0.8285714285714286,0.4142857142857143,25,33,0.43103448275862066,-0.13793103448275867,True
gemini|mmlu,gemini,mmlu,all5,chinese_vs_spanish,False,spanish,0.6000,3,0.6,94,67,0.7127659574468085,0.9701492537313433,0.48507462686567165,33,32,0.5076923076923077,0.01538461538461533,True
gemini|mmlu,gemini,mmlu,all5,chinese_vs_spanish,False,spanish,0.8000,4,0.7999999999999999,213,73,0.3427230046948357,1.0,0.5,41,32,0.5616438356164384,0.12328767123287676,True
gemini|mmlu,gemini,mmlu,all5,chinese_vs_spanish,False,spanish,1.0000,5,1.0,1359,0,0.0,,,0,0,,,False
gemini|mmlu,gemini,mmlu,all5,english_vs_chinese,True,chinese,ALL,-1,,2000,303,0.1515,0.759075907590759,0.3795379537953795,121,109,0.5260869565217391,0.05217391304347818,True
gemini|mmlu,gemini,mmlu,all5,english_vs_chinese,True,chinese,0.0000,0,0.0,165,43,0.2606060606060606,0.0,0.0,0,0,,,True
gemini|mmlu,gemini,mmlu,all5,english_vs_chinese,True,chinese,0.2000,1,0.19999999999999993,70,42,0.6,0.5952380952380952,0.2976190476190476,14,11,0.56,0.1200000000000001,True
gemini|mmlu,gemini,mmlu,all5,english_vs_chinese,True,chinese,0.4000,2,0.39999999999999997,99,73,0.7373737373737373,0.863013698630137,0.4315068493150685,36,27,0.5714285714285714,0.1428571428571428,True
gemini|mmlu,gemini,mmlu,all5,english_vs_chinese,True,chinese,0.6000,3,0.6,94,60,0.6382978723404256,0.95,0.475,27,30,0.47368421052631576,-0.052631578947368474,True
gemini|mmlu,gemini,mmlu,all5,english_vs_chinese,True,chinese,0.8000,4,0.7999999999999999,213,85,0.39906103286384975,1.0,0.5,44,41,0.5176470588235295,0.03529411764705892,True
gemini|mmlu,gemini,mmlu,all5,english_vs_chinese,True,chinese,1.0000,5,1.0,1359,0,0.0,,,0,0,,,False
gemini|mmlu,gemini,mmlu,all5,english_vs_japanese,True,english,ALL,-1,,2000,313,0.1565,0.7412140575079872,0.3706070287539936,119,113,0.5129310344827587,0.02586206896551735,True
gemini|mmlu,gemini,mmlu,all5,english_vs_japanese,True,english,0.0000,0,0.0,165,49,0.296969696969697,0.0,0.0,0,0,,,True
gemini|mmlu,gemini,mmlu,all5,english_vs_japanese,True,english,0.2000,1,0.19999999999999993,70,43,0.6142857142857143,0.627906976744186,0.313953488372093,11,16,0.4074074074074074,-0.18518518518518523,True
gemini|mmlu,gemini,mmlu,all5,english_vs_japanese,True,english,0.4000,2,0.39999999999999997,99,66,0.6666666666666666,0.803030303030303,0.4015151515151515,25,28,0.4716981132075472,-0.05660377358490565,True
gemini|mmlu,gemini,mmlu,all5,english_vs_japanese,True,english,0.6000,3,0.6,94,60,0.6382978723404256,0.95,0.475,32,25,0.5614035087719298,0.12280701754385959,True
gemini|mmlu,gemini,mmlu,all5,english_vs_japanese,True,english,0.8000,4,0.7999999999999999,213,95,0.4460093896713615,1.0,0.5,51,44,0.5368421052631579,0.0736842105263158,True
gemini|mmlu,gemini,mmlu,all5,english_vs_japanese,True,english,1.0000,5,1.0,1359,0,0.0,,,0,0,,,False
gemini|mmlu,gemini,mmlu,all5,english_vs_russian,True,russian,ALL,-1,,2000,302,0.151,0.7649006622516556,0.3824503311258278,119,112,0.5151515151515151,0.030303030303030276,True
gemini|mmlu,gemini,mmlu,all5,english_vs_russian,True,russian,0.0000,0,0.0,165,41,0.24848484848484848,0.0,0.0,0,0,,,True
gemini|mmlu,gemini,mmlu,all5,english_vs_russian,True,russian,0.2000,1,0.19999999999999993,70,40,0.5714285714285714,0.525,0.2625,10,11,0.47619047619047616,-0.04761904761904767,True
gemini|mmlu,gemini,mmlu,all5,english_vs_russian,True,russian,0.4000,2,0.39999999999999997,99,71,0.7171717171717171,0.8591549295774648,0.4295774647887324,33,28,0.5409836065573771,0.08196721311475419,True
gemini|mmlu,gemini,mmlu,all5,english_vs_russian,True,russian,0.6000,3,0.6,94,61,0.648936170212766,0.9836065573770492,0.4918032786885246,32,28,0.5333333333333333,0.06666666666666665,True
gemini|mmlu,gemini,mmlu,all5,english_vs_russian,True,russian,0.8000,4,0.7999999999999999,213,89,0.41784037558685444,1.0,0.5,44,45,0.4943820224719101,-0.011235955056179803,True
gemini|mmlu,gemini,mmlu,all5,english_vs_russian,True,russian,1.0000,5,1.0,1359,0,0.0,,,0,0,,,False
gemini|mmlu,gemini,mmlu,all5,english_vs_spanish,True,spanish,ALL,-1,,2000,283,0.1415,0.7526501766784452,0.3763250883392226,116,97,0.5446009389671361,0.08920187793427226,True
gemini|mmlu,gemini,mmlu,all5,english_vs_spanish,True,spanish,0.0000,0,0.0,165,35,0.21212121212121213,0.0,0.0,0,0,,,True
gemini|mmlu,gemini,mmlu,all5,english_vs_spanish,True,spanish,0.2000,1,0.19999999999999993,70,48,0.6857142857142857,0.625,0.3125,19,11,0.6333333333333333,0.2666666666666666,True
gemini|mmlu,gemini,mmlu,all5,english_vs_spanish,True,spanish,0.4000,2,0.39999999999999997,99,72,0.7272727272727273,0.7916666666666666,0.3958333333333333,29,28,0.5087719298245614,0.01754385964912286,True
gemini|mmlu,gemini,mmlu,all5,english_vs_spanish,True,spanish,0.6000,3,0.6,94,52,0.5531914893617021,0.9615384615384616,0.4807692307692308,24,26,0.48,-0.040000000000000036,True
gemini|mmlu,gemini,mmlu,all5,english_vs_spanish,True,spanish,0.8000,4,0.7999999999999999,213,76,0.3568075117370892,1.0,0.5,44,32,0.5789473684210527,0.1578947368421053,True
gemini|mmlu,gemini,mmlu,all5,english_vs_spanish,True,spanish,1.0000,5,1.0,1359,0,0.0,,,0,0,,,False
gemini|mmlu,gemini,mmlu,all5,japanese_vs_russian,False,russian,ALL,-1,,2000,301,0.1505,0.8006644518272426,0.4003322259136213,127,114,0.5269709543568465,0.053941908713692976,True
gemini|mmlu,gemini,mmlu,all5,japanese_vs_russian,False,russian,0.0000,0,0.0,165,42,0.2545454545454545,0.0,0.0,0,0,,,True
gemini|mmlu,gemini,mmlu,all5,japanese_vs_russian,False,russian,0.2000,1,0.19999999999999993,70,36,0.5142857142857142,0.7222222222222222,0.3611111111111111,10,16,0.38461538461538464,-0.23076923076923073,True
gemini|mmlu,gemini,mmlu,all5,japanese_vs_russian,False,russian,0.4000,2,0.39999999999999997,99,68,0.6868686868686869,0.8823529411764706,0.4411764705882353,31,29,0.5166666666666667,0.03333333333333344,True
gemini|mmlu,gemini,mmlu,all5,japanese_vs_russian,False,russian,0.6000,3,0.6,94,59,0.6276595744680851,1.0,0.5,35,24,0.5932203389830508,0.18644067796610164,True
gemini|mmlu,gemini,mmlu,all5,japanese_vs_russian,False,russian,0.8000,4,0.7999999999999999,213,96,0.4507042253521127,1.0,0.5,51,45,0.53125,0.0625,True
gemini|mmlu,gemini,mmlu,all5,japanese_vs_russian,False,russian,1.0000,5,1.0,1359,0,0.0,,,0,0,,,False
gemini|mmlu,gemini,mmlu,all5,japanese_vs_spanish,False,spanish,ALL,-1,,2000,310,0.155,0.7645161290322581,0.38225806451612904,131,106,0.5527426160337553,0.10548523206751059,True
gemini|mmlu,gemini,mmlu,all5,japanese_vs_spanish,False,spanish,0.0000,0,0.0,165,45,0.2727272727272727,0.0,0.0,0,0,,,True
gemini|mmlu,gemini,mmlu,all5,japanese_vs_spanish,False,spanish,0.2000,1,0.19999999999999993,70,44,0.6285714285714286,0.7954545454545454,0.3977272727272727,19,16,0.5428571428571428,0.08571428571428563,True
gemini|mmlu,gemini,mmlu,all5,japanese_vs_spanish,False,spanish,0.4000,2,0.39999999999999997,99,73,0.7373737373737373,0.7945205479452054,0.3972602739726027,28,30,0.4827586206896552,-0.03448275862068961,True
gemini|mmlu,gemini,mmlu,all5,japanese_vs_spanish,False,spanish,0.6000,3,0.6,94,65,0.6914893617021277,0.9384615384615385,0.46923076923076923,33,28,0.5409836065573771,0.08196721311475419,True
gemini|mmlu,gemini,mmlu,all5,japanese_vs_spanish,False,spanish,0.8000,4,0.7999999999999999,213,83,0.38967136150234744,1.0,0.5,51,32,0.6144578313253012,0.22891566265060237,True
gemini|mmlu,gemini,mmlu,all5,japanese_vs_spanish,False,spanish,1.0000,5,1.0,1359,0,0.0,,,0,0,,,False
gemini|mmlu,gemini,mmlu,all5,russian_vs_spanish,False,spanish,ALL,-1,,2000,281,0.1405,0.7758007117437722,0.3879003558718861,115,103,0.5275229357798165,0.05504587155963292,True
gemini|mmlu,gemini,mmlu,all5,russian_vs_spanish,False,spanish,0.0000,0,0.0,165,42,0.2545454545454545,0.0,0.0,0,0,,,True
gemini|mmlu,gemini,mmlu,all5,russian_vs_spanish,False,spanish,0.2000,1,0.19999999999999993,70,40,0.5714285714285714,0.725,0.3625,19,10,0.6551724137931034,0.31034482758620685,True
gemini|mmlu,gemini,mmlu,all5,russian_vs_spanish,False,spanish,0.4000,2,0.39999999999999997,99,68,0.6868686868686869,0.9117647058823529,0.45588235294117646,29,33,0.46774193548387094,-0.06451612903225812,True
gemini|mmlu,gemini,mmlu,all5,russian_vs_spanish,False,spanish,0.6000,3,0.6,94,54,0.574468085106383,0.9259259259259259,0.46296296296296297,22,28,0.44,-0.12,True
gemini|mmlu,gemini,mmlu,all5,russian_vs_spanish,False,spanish,0.8000,4,0.7999999999999999,213,77,0.3615023474178404,1.0,0.5,45,32,0.5844155844155844,0.16883116883116878,True
gemini|mmlu,gemini,mmlu,all5,russian_vs_spanish,False,spanish,1.0000,5,1.0,1359,0,0.0,,,0,0,,,False
gemini|truthfulqa,gemini,truthfulqa,all5,chinese_vs_japanese,False,japanese,ALL,-1,,817,153,0.18727050183598531,0.6928104575163399,0.3464052287581699,60,46,0.5660377358490566,0.13207547169811318,True
gemini|truthfulqa,gemini,truthfulqa,all5,chinese_vs_japanese,False,japanese,0.0000,0,0.0,79,32,0.4050632911392405,0.0,0.0,0,0,,,True
gemini|truthfulqa,gemini,truthfulqa,all5,chinese_vs_japanese,False,japanese,0.2000,1,0.1999999999999999,46,28,0.6086956521739131,0.6428571428571429,0.32142857142857145,12,6,0.6666666666666666,0.33333333333333326,False
gemini|truthfulqa,gemini,truthfulqa,all5,chinese_vs_japanese,False,japanese,0.4000,2,0.4000000000000001,37,27,0.7297297297297297,0.8518518518518519,0.42592592592592593,15,8,0.6521739130434783,0.30434782608695654,False
gemini|truthfulqa,gemini,truthfulqa,all5,chinese_vs_japanese,False,japanese,0.6000,3,0.6000000000000001,55,34,0.6181818181818182,0.9705882352941176,0.4852941176470588,17,16,0.5151515151515151,0.030303030303030276,True
gemini|truthfulqa,gemini,truthfulqa,all5,chinese_vs_japanese,False,japanese,0.8000,4,0.7999999999999999,82,32,0.3902439024390244,1.0,0.5,16,16,0.5,0.0,True
gemini|truthfulqa,gemini,truthfulqa,all5,chinese_vs_japanese,False,japanese,1.0000,5,1.0,518,0,0.0,,,0,0,,,False
gemini|truthfulqa,gemini,truthfulqa,all5,chinese_vs_russian,False,chinese,ALL,-1,,817,164,0.200734394124847,0.6097560975609756,0.3048780487804878,50,50,0.5,0.0,True
gemini|truthfulqa,gemini,truthfulqa,all5,chinese_vs_russian,False,chinese,0.0000,0,0.0,79,36,0.45569620253164556,0.0,0.0,0,0,,,True
gemini|truthfulqa,gemini,truthfulqa,all5,chinese_vs_russian,False,chinese,0.2000,1,0.1999999999999999,46,31,0.6739130434782609,0.45161290322580644,0.22580645161290322,6,8,0.42857142857142855,-0.1428571428571429,True
gemini|truthfulqa,gemini,truthfulqa,all5,chinese_vs_russian,False,chinese,0.4000,2,0.4000000000000001,37,26,0.7027027027027027,0.7307692307692307,0.36538461538461536,12,7,0.631578947368421,0.26315789473684204,False
gemini|truthfulqa,gemini,truthfulqa,all5,chinese_vs_russian,False,chinese,0.6000,3,0.6000000000000001,55,36,0.6545454545454545,0.8888888888888888,0.4444444444444444,13,19,0.40625,-0.1875,True
gemini|truthfulqa,gemini,truthfulqa,all5,chinese_vs_russian,False,chinese,0.8000,4,0.7999999999999999,82,35,0.4268292682926829,1.0,0.5,19,16,0.5428571428571428,0.08571428571428563,True
gemini|truthfulqa,gemini,truthfulqa,all5,chinese_vs_russian,False,chinese,1.0000,5,1.0,518,0,0.0,,,0,0,,,False
gemini|truthfulqa,gemini,truthfulqa,all5,chinese_vs_spanish,False,spanish,ALL,-1,,817,156,0.1909424724602203,0.6474358974358975,0.32371794871794873,58,43,0.5742574257425742,0.14851485148514842,True
gemini|truthfulqa,gemini,truthfulqa,all5,chinese_vs_spanish,False,spanish,0.0000,0,0.0,79,35,0.4430379746835443,0.0,0.0,0,0,,,True
gemini|truthfulqa,gemini,truthfulqa,all5,chinese_vs_spanish,False,spanish,0.2000,1,0.1999999999999999,46,30,0.6521739130434783,0.6,0.3,12,6,0.6666666666666666,0.33333333333333326,True
gemini|truthfulqa,gemini,truthfulqa,all5,chinese_vs_spanish,False,spanish,0.4000,2,0.4000000000000001,37,27,0.7297297297297297,0.8888888888888888,0.4444444444444444,14,10,0.5833333333333334,0.16666666666666674,False
gemini|truthfulqa,gemini,truthfulqa,all5,chinese_vs_spanish,False,spanish,0.6000,3,0.6000000000000001,55,36,0.6545454545454545,0.8611111111111112,0.4305555555555556,16,15,0.5161290322580645,0.032258064516129004,True
gemini|truthfulqa,gemini,truthfulqa,all5,chinese_vs_spanish,False,spanish,0.8000,4,0.7999999999999999,82,28,0.34146341463414637,1.0,0.5,16,12,0.5714285714285714,0.1428571428571428,False
gemini|truthfulqa,gemini,truthfulqa,all5,chinese_vs_spanish,False,spanish,1.0000,5,1.0,518,0,0.0,,,0,0,,,False
gemini|truthfulqa,gemini,truthfulqa,all5,english_vs_chinese,True,english,ALL,-1,,817,176,0.21542227662178703,0.6136363636363636,0.3068181818181818,56,52,0.5185185185185185,0.03703703703703698,True
gemini|truthfulqa,gemini,truthfulqa,all5,english_vs_chinese,True,english,0.0000,0,0.0,79,43,0.5443037974683544,0.0,0.0,0,0,,,True
gemini|truthfulqa,gemini,truthfulqa,all5,english_vs_chinese,True,english,0.2000,1,0.1999999999999999,46,30,0.6521739130434783,0.4666666666666667,0.23333333333333334,8,6,0.5714285714285714,0.1428571428571428,True
gemini|truthfulqa,gemini,truthfulqa,all5,english_vs_chinese,True,english,0.4000,2,0.4000000000000001,37,29,0.7837837837837838,0.7241379310344828,0.3620689655172414,12,9,0.5714285714285714,0.1428571428571428,False
gemini|truthfulqa,gemini,truthfulqa,all5,english_vs_chinese,True,english,0.6000,3,0.6000000000000001,55,39,0.7090909090909091,0.9743589743589743,0.48717948717948717,20,18,0.5263157894736842,0.05263157894736836,True
gemini|truthfulqa,gemini,truthfulqa,all5,english_vs_chinese,True,english,0.8000,4,0.7999999999999999,82,35,0.4268292682926829,1.0,0.5,16,19,0.45714285714285713,-0.08571428571428574,True
gemini|truthfulqa,gemini,truthfulqa,all5,english_vs_chinese,True,english,1.0000,5,1.0,518,0,0.0,,,0,0,,,False
gemini|truthfulqa,gemini,truthfulqa,all5,english_vs_japanese,True,japanese,ALL,-1,,817,175,0.2141982864137087,0.6857142857142857,0.34285714285714286,65,55,0.5416666666666666,0.08333333333333326,True
gemini|truthfulqa,gemini,truthfulqa,all5,english_vs_japanese,True,japanese,0.0000,0,0.0,79,40,0.5063291139240507,0.0,0.0,0,0,,,True
gemini|truthfulqa,gemini,truthfulqa,all5,english_vs_japanese,True,japanese,0.2000,1,0.1999999999999999,46,33,0.717391304347826,0.6060606060606061,0.30303030303030304,12,8,0.6,0.19999999999999996,True
gemini|truthfulqa,gemini,truthfulqa,all5,english_vs_japanese,True,japanese,0.4000,2,0.4000000000000001,37,29,0.7837837837837838,0.9655172413793104,0.4827586206896552,16,12,0.5714285714285714,0.1428571428571428,False
gemini|truthfulqa,gemini,truthfulqa,all5,english_vs_japanese,True,japanese,0.6000,3,0.6000000000000001,55,38,0.6909090909090909,0.9736842105263158,0.4868421052631579,18,19,0.4864864864864865,-0.027027027027026973,True
gemini|truthfulqa,gemini,truthfulqa,all5,english_vs_japanese,True,japanese,0.8000,4,0.7999999999999999,82,35,0.4268292682926829,1.0,0.5,19,16,0.5428571428571428,0.08571428571428563,True
gemini|truthfulqa,gemini,truthfulqa,all5,english_vs_japanese,True,japanese,1.0000,5,1.0,518,0,0.0,,,0,0,,,False
gemini|truthfulqa,gemini,truthfulqa,all5,english_vs_russian,True,english,ALL,-1,,817,169,0.20685434516523868,0.6272189349112426,0.3136094674556213,55,51,0.5188679245283019,0.037735849056603765,True
gemini|truthfulqa,gemini,truthfulqa,all5,english_vs_russian,True,english,0.0000,0,0.0,79,44,0.5569620253164557,0.0,0.0,0,0,,,True
gemini|truthfulqa,gemini,truthfulqa,all5,english_vs_russian,True,english,0.2000,1,0.1999999999999999,46,30,0.6521739130434783,0.5333333333333333,0.26666666666666666,8,8,0.5,0.0,True
gemini|truthfulqa,gemini,truthfulqa,all5,english_vs_russian,True,english,0.4000,2,0.4000000000000001,37,21,0.5675675675675675,0.8571428571428571,0.42857142857142855,13,5,0.7222222222222222,0.4444444444444444,False
gemini|truthfulqa,gemini,truthfulqa,all5,english_vs_russian,True,english,0.6000,3,0.6000000000000001,55,36,0.6545454545454545,0.9444444444444444,0.4722222222222222,15,19,0.4411764705882353,-0.11764705882352944,True
gemini|truthfulqa,gemini,truthfulqa,all5,english_vs_russian,True,english,0.8000,4,0.7999999999999999,82,38,0.4634146341463415,1.0,0.5,19,19,0.5,0.0,True
gemini|truthfulqa,gemini,truthfulqa,all5,english_vs_russian,True,english,1.0000,5,1.0,518,0,0.0,,,0,0,,,False
gemini|truthfulqa,gemini,truthfulqa,all5,english_vs_spanish,True,spanish,ALL,-1,,817,151,0.18482252141982863,0.6423841059602649,0.3211920529801324,54,43,0.5567010309278351,0.11340206185567014,True
gemini|truthfulqa,gemini,truthfulqa,all5,english_vs_spanish,True,spanish,0.0000,0,0.0,79,38,0.4810126582278481,0.0,0.0,0,0,,,True
gemini|truthfulqa,gemini,truthfulqa,all5,english_vs_spanish,True,spanish,0.2000,1,0.1999999999999999,46,29,0.6304347826086957,0.6896551724137931,0.3448275862068966,12,8,0.6,0.19999999999999996,False
gemini|truthfulqa,gemini,truthfulqa,all5,english_vs_spanish,True,spanish,0.4000,2,0.4000000000000001,37,25,0.6756756756756757,0.92,0.46,12,11,0.5217391304347826,0.04347826086956519,False
gemini|truthfulqa,gemini,truthfulqa,all5,english_vs_spanish,True,spanish,0.6000,3,0.6000000000000001,55,28,0.509090909090909,0.8214285714285714,0.4107142857142857,11,12,0.4782608695652174,-0.04347826086956519,False
gemini|truthfulqa,gemini,truthfulqa,all5,english_vs_spanish,True,spanish,0.8000,4,0.7999999999999999,82,31,0.3780487804878049,1.0,0.5,19,12,0.6129032258064516,0.22580645161290325,True
gemini|truthfulqa,gemini,truthfulqa,all5,english_vs_spanish,True,spanish,1.0000,5,1.0,518,0,0.0,,,0,0,,,False
gemini|truthfulqa,gemini,truthfulqa,all5,japanese_vs_russian,False,japanese,ALL,-1,,817,154,0.18849449204406366,0.6493506493506493,0.3246753246753247,57,43,0.57,0.1399999999999999,True
gemini|truthfulqa,gemini,truthfulqa,all5,japanese_vs_russian,False,japanese,0.0000,0,0.0,79,34,0.43037974683544306,0.0,0.0,0,0,,,True
gemini|truthfulqa,gemini,truthfulqa,all5,japanese_vs_russian,False,japanese,0.2000,1,0.1999999999999999,46,32,0.6956521739130435,0.625,0.3125,12,8,0.6,0.19999999999999996,True
gemini|truthfulqa,gemini,truthfulqa,all5,japanese_vs_russian,False,japanese,0.4000,2,0.4000000000000001,37,26,0.7027027027027027,0.8461538461538461,0.4230769230769231,17,5,0.7727272727272727,0.5454545454545454,False
gemini|truthfulqa,gemini,truthfulqa,all5,japanese_vs_russian,False,japanese,0.6000,3,0.6000000000000001,55,27,0.4909090909090909,0.8518518518518519,0.42592592592592593,9,14,0.391304347826087,-0.21739130434782605,False
gemini|truthfulqa,gemini,truthfulqa,all5,japanese_vs_russian,False,japanese,0.8000,4,0.7999999999999999,82,35,0.4268292682926829,1.0,0.5,19,16,0.5428571428571428,0.08571428571428563,True
gemini|truthfulqa,gemini,truthfulqa,all5,japanese_vs_russian,False,japanese,1.0000,5,1.0,518,0,0.0,,,0,0,,,False
gemini|truthfulqa,gemini,truthfulqa,all5,japanese_vs_spanish,False,spanish,ALL,-1,,817,156,0.1909424724602203,0.7243589743589743,0.36217948717948717,57,56,0.504424778761062,0.008849557522123908,True
gemini|truthfulqa,gemini,truthfulqa,all5,japanese_vs_spanish,False,spanish,0.0000,0,0.0,79,31,0.3924050632911392,0.0,0.0,0,0,,,True
gemini|truthfulqa,gemini,truthfulqa,all5,japanese_vs_spanish,False,spanish,0.2000,1,0.1999999999999999,46,32,0.6956521739130435,0.75,0.375,12,12,0.5,0.0,True
gemini|truthfulqa,gemini,truthfulqa,all5,japanese_vs_spanish,False,spanish,0.4000,2,0.4000000000000001,37,24,0.6486486486486487,0.875,0.4375,9,12,0.42857142857142855,-0.1428571428571429,False
gemini|truthfulqa,gemini,truthfulqa,all5,japanese_vs_spanish,False,spanish,0.6000,3,0.6000000000000001,55,41,0.7454545454545455,0.975609756097561,0.4878048780487805,20,20,0.5,0.0,True
gemini|truthfulqa,gemini,truthfulqa,all5,japanese_vs_spanish,False,spanish,0.8000,4,0.7999999999999999,82,28,0.34146341463414637,1.0,0.5,16,12,0.5714285714285714,0.1428571428571428,False
gemini|truthfulqa,gemini,truthfulqa,all5,japanese_vs_spanish,False,spanish,1.0000,5,1.0,518,0,0.0,,,0,0,,,False
gemini|truthfulqa,gemini,truthfulqa,all5,russian_vs_spanish,False,spanish,ALL,-1,,817,159,0.19461444308445533,0.710691823899371,0.3553459119496855,64,49,0.5663716814159292,0.1327433628318584,True
gemini|truthfulqa,gemini,truthfulqa,all5,russian_vs_spanish,False,spanish,0.0000,0,0.0,79,35,0.4430379746835443,0.0,0.0,0,0,,,True
gemini|truthfulqa,gemini,truthfulqa,all5,russian_vs_spanish,False,spanish,0.2000,1,0.1999999999999999,46,27,0.5869565217391305,0.7407407407407407,0.37037037037037035,12,8,0.6,0.19999999999999996,False
gemini|truthfulqa,gemini,truthfulqa,all5,russian_vs_spanish,False,spanish,0.4000,2,0.4000000000000001,37,26,0.7027027027027027,0.8846153846153846,0.4423076923076923,16,7,0.6956521739130435,0.3913043478260869,False
gemini|truthfulqa,gemini,truthfulqa,all5,russian_vs_spanish,False,spanish,0.6000,3,0.6000000000000001,55,40,0.7272727272727273,0.975,0.4875,17,22,0.4358974358974359,-0.1282051282051282,True
gemini|truthfulqa,gemini,truthfulqa,all5,russian_vs_spanish,False,spanish,0.8000,4,0.7999999999999999,82,31,0.3780487804878049,1.0,0.5,19,12,0.6129032258064516,0.22580645161290325,True
gemini|truthfulqa,gemini,truthfulqa,all5,russian_vs_spanish,False,spanish,1.0000,5,1.0,518,0,0.0,,,0,0,,,False
gpt4omini|commonsenseqa,gpt4omini,commonsenseqa,all5,chinese_vs_japanese,False,japanese,ALL,-1,,2000,479,0.2395,0.7828810020876826,0.3914405010438413,201,174,0.536,0.07200000000000006,True
gpt4omini|commonsenseqa,gpt4omini,commonsenseqa,all5,chinese_vs_japanese,False,japanese,0.0000,0,0.0,214,42,0.19626168224299065,0.0,0.0,0,0,,,True
gpt4omini|commonsenseqa,gpt4omini,commonsenseqa,all5,chinese_vs_japanese,False,japanese,0.2000,1,0.19999999999999998,154,77,0.5,0.6103896103896104,0.3051948051948052,28,19,0.5957446808510638,0.1914893617021276,True
gpt4omini|commonsenseqa,gpt4omini,commonsenseqa,all5,chinese_vs_japanese,False,japanese,0.4000,2,0.3999999999999999,158,92,0.5822784810126582,0.7717391304347826,0.3858695652173913,33,38,0.4647887323943662,-0.07042253521126762,True
gpt4omini|commonsenseqa,gpt4omini,commonsenseqa,all5,chinese_vs_japanese,False,japanese,0.6000,3,0.5999999999999999,185,113,0.6108108108108108,0.9026548672566371,0.45132743362831856,61,41,0.5980392156862745,0.196078431372549,True
gpt4omini|commonsenseqa,gpt4omini,commonsenseqa,all5,chinese_vs_japanese,False,japanese,0.8000,4,0.7999999999999998,285,155,0.543859649122807,1.0,0.5,79,76,0.5096774193548387,0.019354838709677358,True
gpt4omini|commonsenseqa,gpt4omini,commonsenseqa,all5,chinese_vs_japanese,False,japanese,1.0000,5,1.0,1004,0,0.0,,,0,0,,,False
gpt4omini|commonsenseqa,gpt4omini,commonsenseqa,all5,chinese_vs_russian,False,russian,ALL,-1,,2000,510,0.255,0.7901960784313725,0.39509803921568626,229,174,0.5682382133995038,0.1364764267990075,True
gpt4omini|commonsenseqa,gpt4omini,commonsenseqa,all5,chinese_vs_russian,False,russian,0.0000,0,0.0,214,48,0.22429906542056074,0.0,0.0,0,0,,,True
gpt4omini|commonsenseqa,gpt4omini,commonsenseqa,all5,chinese_vs_russian,False,russian,0.2000,1,0.19999999999999998,154,74,0.4805194805194805,0.6081081081081081,0.30405405405405406,26,19,0.5777777777777777,0.15555555555555545,True
gpt4omini|commonsenseqa,gpt4omini,commonsenseqa,all5,chinese_vs_russian,False,russian,0.4000,2,0.3999999999999999,158,112,0.7088607594936709,0.8125,0.40625,46,45,0.5054945054945055,0.01098901098901095,True
gpt4omini|commonsenseqa,gpt4omini,commonsenseqa,all5,chinese_vs_russian,False,russian,0.6000,3,0.5999999999999999,185,137,0.7405405405405405,0.9343065693430657,0.46715328467153283,78,50,0.609375,0.21875,True
gpt4omini|commonsenseqa,gpt4omini,commonsenseqa,all5,chinese_vs_russian,False,russian,0.8000,4,0.7999999999999998,285,139,0.48771929824561405,1.0,0.5,79,60,0.5683453237410072,0.13669064748201443,True
gpt4omini|commonsenseqa,gpt4omini,commonsenseqa,all5,chinese_vs_russian,False,russian,1.0000,5,1.0,1004,0,0.0,,,0,0,,,False
gpt4omini|commonsenseqa,gpt4omini,commonsenseqa,all5,chinese_vs_spanish,False,spanish,ALL,-1,,2000,492,0.246,0.8109756097560976,0.4054878048780488,248,151,0.6215538847117794,0.24310776942355883,True
gpt4omini|commonsenseqa,gpt4omini,commonsenseqa,all5,chinese_vs_spanish,False,spanish,0.0000,0,0.0,214,46,0.21495327102803738,0.0,0.0,0,0,,,True
gpt4omini|commonsenseqa,gpt4omini,commonsenseqa,all5,chinese_vs_spanish,False,spanish,0.2000,1,0.19999999999999998,154,71,0.461038961038961,0.5774647887323944,0.2887323943661972,22,19,0.5365853658536586,0.07317073170731714,True
gpt4omini|commonsenseqa,gpt4omini,commonsenseqa,all5,chinese_vs_spanish,False,spanish,0.4000,2,0.3999999999999999,158,113,0.7151898734177216,0.9026548672566371,0.45132743362831856,61,41,0.5980392156862745,0.196078431372549,True
gpt4omini|commonsenseqa,gpt4omini,commonsenseqa,all5,chinese_vs_spanish,False,spanish,0.6000,3,0.5999999999999999,185,129,0.6972972972972973,0.9534883720930233,0.47674418604651164,86,37,0.6991869918699187,0.39837398373983746,True
gpt4omini|commonsenseqa,gpt4omini,commonsenseqa,all5,chinese_vs_spanish,False,spanish,0.8000,4,0.7999999999999998,285,133,0.4666666666666667,1.0,0.5,79,54,0.5939849624060151,0.18796992481203012,True
gpt4omini|commonsenseqa,gpt4omini,commonsenseqa,all5,chinese_vs_spanish,False,spanish,1.0000,5,1.0,1004,0,0.0,,,0,0,,,False
gpt4omini|commonsenseqa,gpt4omini,commonsenseqa,all5,english_vs_chinese,True,english,ALL,-1,,2000,463,0.2315,0.8596112311015118,0.4298056155507559,312,86,0.7839195979899497,0.5678391959798994,True
gpt4omini|commonsenseqa,gpt4omini,commonsenseqa,all5,english_vs_chinese,True,english,0.0000,0,0.0,214,42,0.19626168224299065,0.0,0.0,0,0,,,True
gpt4omini|commonsenseqa,gpt4omini,commonsenseqa,all5,english_vs_chinese,True,english,0.2000,1,0.19999999999999998,154,95,0.6168831168831169,0.8210526315789474,0.4105263157894737,59,19,0.7564102564102564,0.5128205128205128,True
gpt4omini|commonsenseqa,gpt4omini,commonsenseqa,all5,english_vs_chinese,True,english,0.4000,2,0.3999999999999999,158,106,0.6708860759493671,0.9528301886792453,0.47641509433962265,78,23,0.7722772277227723,0.5445544554455446,True
gpt4omini|commonsenseqa,gpt4omini,commonsenseqa,all5,english_vs_chinese,True,english,0.6000,3,0.5999999999999999,185,125,0.6756756756756757,0.992,0.496,96,28,0.7741935483870968,0.5483870967741935,True
gpt4omini|commonsenseqa,gpt4omini,commonsenseqa,all5,english_vs_chinese,True,english,0.8000,4,0.7999999999999998,285,95,0.3333333333333333,1.0,0.5,79,16,0.8315789473684211,0.6631578947368422,True
gpt4omini|commonsenseqa,gpt4omini,commonsenseqa,all5,english_vs_chinese,True,english,1.0000,5,1.0,1004,0,0.0,,,0,0,,,False
gpt4omini|commonsenseqa,gpt4omini,commonsenseqa,all5,english_vs_japanese,True,english,ALL,-1,,2000,471,0.2355,0.8556263269639066,0.4278131634819533,301,102,0.7468982630272953,0.4937965260545907,True
gpt4omini|commonsenseqa,gpt4omini,commonsenseqa,all5,english_vs_japanese,True,english,0.0000,0,0.0,214,46,0.21495327102803738,0.0,0.0,0,0,,,True
gpt4omini|commonsenseqa,gpt4omini,commonsenseqa,all5,english_vs_japanese,True,english,0.2000,1,0.19999999999999998,154,101,0.6558441558441559,0.8613861386138614,0.4306930693069307,59,28,0.6781609195402298,0.35632183908045967,True
gpt4omini|commonsenseqa,gpt4omini,commonsenseqa,all5,english_vs_japanese,True,english,0.4000,2,0.3999999999999999,158,119,0.7531645569620253,0.9411764705882353,0.47058823529411764,86,26,0.7678571428571429,0.5357142857142858,True
gpt4omini|commonsenseqa,gpt4omini,commonsenseqa,all5,english_vs_japanese,True,english,0.6000,3,0.5999999999999999,185,113,0.6108108108108108,0.9911504424778761,0.49557522123893805,80,32,0.7142857142857143,0.4285714285714286,True
gpt4omini|commonsenseqa,gpt4omini,commonsenseqa,all5,english_vs_japanese,True,english,0.8000,4,0.7999999999999998,285,92,0.32280701754385965,1.0,0.5,76,16,0.8260869565217391,0.6521739130434783,True
gpt4omini|commonsenseqa,gpt4omini,commonsenseqa,all5,english_vs_japanese,True,english,1.0000,5,1.0,1004,0,0.0,,,0,0,,,False
gpt4omini|commonsenseqa,gpt4omini,commonsenseqa,all5,english_vs_russian,True,english,ALL,-1,,2000,419,0.2095,0.8615751789976134,0.4307875894988067,266,95,0.7368421052631579,0.4736842105263157,True
gpt4omini|commonsenseqa,gpt4omini,commonsenseqa,all5,english_vs_russian,True,english,0.0000,0,0.0,214,40,0.18691588785046728,0.0,0.0,0,0,,,True
gpt4omini|commonsenseqa,gpt4omini,commonsenseqa,all5,english_vs_russian,True,english,0.2000,1,0.19999999999999998,154,95,0.6168831168831169,0.8947368421052632,0.4473684210526316,59,26,0.6941176470588235,0.388235294117647,True
gpt4omini|commonsenseqa,gpt4omini,commonsenseqa,all5,english_vs_russian,True,english,0.4000,2,0.3999999999999999,158,114,0.7215189873417721,0.9298245614035088,0.4649122807017544,80,26,0.7547169811320755,0.509433962264151,True
gpt4omini|commonsenseqa,gpt4omini,commonsenseqa,all5,english_vs_russian,True,english,0.6000,3,0.5999999999999999,185,94,0.5081081081081081,1.0,0.5,67,27,0.7127659574468085,0.42553191489361697,True
gpt4omini|commonsenseqa,gpt4omini,commonsenseqa,all5,english_vs_russian,True,english,0.8000,4,0.7999999999999998,285,76,0.26666666666666666,1.0,0.5,60,16,0.7894736842105263,0.5789473684210527,True
gpt4omini|commonsenseqa,gpt4omini,commonsenseqa,all5,english_vs_russian,True,english,1.0000,5,1.0,1004,0,0.0,,,0,0,,,False
gpt4omini|commonsenseqa,gpt4omini,commonsenseqa,all5,english_vs_spanish,True,english,ALL,-1,,2000,388,0.194,0.8530927835051546,0.4265463917525773,230,101,0.6948640483383686,0.38972809667673713,True
gpt4omini|commonsenseqa,gpt4omini,commonsenseqa,all5,english_vs_spanish,True,english,0.0000,0,0.0,214,36,0.16822429906542055,0.0,0.0,0,0,,,True
gpt4omini|commonsenseqa,gpt4omini,commonsenseqa,all5,english_vs_spanish,True,english,0.2000,1,0.19999999999999998,154,98,0.6363636363636364,0.826530612244898,0.413265306122449,59,22,0.7283950617283951,0.45679012345679015,True
gpt4omini|commonsenseqa,gpt4omini,commonsenseqa,all5,english_vs_spanish,True,english,0.4000,2,0.3999999999999999,158,102,0.6455696202531646,0.9901960784313726,0.4950980392156863,68,33,0.6732673267326733,0.3465346534653466,True
gpt4omini|commonsenseqa,gpt4omini,commonsenseqa,all5,english_vs_spanish,True,english,0.6000,3,0.5999999999999999,185,82,0.44324324324324327,0.9634146341463414,0.4817073170731707,49,30,0.620253164556962,0.240506329113924,True
gpt4omini|commonsenseqa,gpt4omini,commonsenseqa,all5,english_vs_spanish,True,english,0.8000,4,0.7999999999999998,285,70,0.24561403508771928,1.0,0.5,54,16,0.7714285714285715,0.5428571428571429,True
gpt4omini|commonsenseqa,gpt4omini,commonsenseqa,all5,english_vs_spanish,True,english,1.0000,5,1.0,1004,0,0.0,,,0,0,,,False
gpt4omini|commonsenseqa,gpt4omini,commonsenseqa,all5,japanese_vs_russian,False,russian,ALL,-1,,2000,508,0.254,0.7755905511811023,0.38779527559055116,211,183,0.5355329949238579,0.07106598984771573,True
gpt4omini|commonsenseqa,gpt4omini,commonsenseqa,all5,japanese_vs_russian,False,russian,0.0000,0,0.0,214,57,0.26635514018691586,0.0,0.0,0,0,,,True
gpt4omini|commonsenseqa,gpt4omini,commonsenseqa,all5,japanese_vs_russian,False,russian,0.2000,1,0.19999999999999998,154,80,0.5194805194805194,0.675,0.3375,26,28,0.48148148148148145,-0.03703703703703709,True
gpt4omini|commonsenseqa,gpt4omini,commonsenseqa,all5,japanese_vs_russian,False,russian,0.4000,2,0.3999999999999999,158,106,0.6708860759493671,0.7735849056603774,0.3867924528301887,44,38,0.5365853658536586,0.07317073170731714,True
gpt4omini|commonsenseqa,gpt4omini,commonsenseqa,all5,japanese_vs_russian,False,russian,0.6000,3,0.5999999999999999,185,129,0.6972972972972973,0.9457364341085271,0.4728682170542636,65,57,0.5327868852459017,0.06557377049180335,True
gpt4omini|commonsenseqa,gpt4omini,commonsenseqa,all5,japanese_vs_russian,False,russian,0.8000,4,0.7999999999999998,285,136,0.47719298245614034,1.0,0.5,76,60,0.5588235294117647,0.11764705882352944,True
gpt4omini|commonsenseqa,gpt4omini,commonsenseqa,all5,japanese_vs_russian,False,russian,1.0000,5,1.0,1004,0,0.0,,,0,0,,,False
gpt4omini|commonsenseqa,gpt4omini,commonsenseqa,all5,japanese_vs_spanish,False,spanish,ALL,-1,,2000,499,0.2495,0.7935871743486974,0.3967935871743487,233,163,0.5883838383838383,0.17676767676767668,True
gpt4omini|commonsenseqa,gpt4omini,commonsenseqa,all5,japanese_vs_spanish,False,spanish,0.0000,0,0.0,214,54,0.2523364485981308,0.0,0.0,0,0,,,True
gpt4omini|commonsenseqa,gpt4omini,commonsenseqa,all5,japanese_vs_spanish,False,spanish,0.2000,1,0.19999999999999998,154,81,0.525974025974026,0.6172839506172839,0.30864197530864196,22,28,0.44,-0.12,True
gpt4omini|commonsenseqa,gpt4omini,commonsenseqa,all5,japanese_vs_spanish,False,spanish,0.4000,2,0.3999999999999999,158,110,0.6962025316455697,0.8636363636363636,0.4318181818181818,60,35,0.631578947368421,0.26315789473684204,True
gpt4omini|commonsenseqa,gpt4omini,commonsenseqa,all5,japanese_vs_spanish,False,spanish,0.6000,3,0.5999999999999999,185,124,0.6702702702702703,0.9758064516129032,0.4879032258064516,75,46,0.6198347107438017,0.2396694214876034,True
gpt4omini|commonsenseqa,gpt4omini,commonsenseqa,all5,japanese_vs_spanish,False,spanish,0.8000,4,0.7999999999999998,285,130,0.45614035087719296,1.0,0.5,76,54,0.5846153846153846,0.1692307692307693,True
gpt4omini|commonsenseqa,gpt4omini,commonsenseqa,all5,japanese_vs_spanish,False,spanish,1.0000,5,1.0,1004,0,0.0,,,0,0,,,False
gpt4omini|commonsenseqa,gpt4omini,commonsenseqa,all5,russian_vs_spanish,False,spanish,ALL,-1,,2000,442,0.221,0.8009049773755657,0.4004524886877828,198,156,0.559322033898305,0.11864406779661008,True
gpt4omini|commonsenseqa,gpt4omini,commonsenseqa,all5,russian_vs_spanish,False,spanish,0.0000,0,0.0,214,43,0.20093457943925233,0.0,0.0,0,0,,,True
gpt4omini|commonsenseqa,gpt4omini,commonsenseqa,all5,russian_vs_spanish,False,spanish,0.2000,1,0.19999999999999998,154,70,0.45454545454545453,0.6857142857142857,0.34285714285714286,22,26,0.4583333333333333,-0.08333333333333337,True
gpt4omini|commonsenseqa,gpt4omini,commonsenseqa,all5,russian_vs_spanish,False,spanish,0.4000,2,0.3999999999999999,158,103,0.6518987341772152,0.8446601941747572,0.4223300970873786,53,34,0.6091954022988506,0.21839080459770122,True
gpt4omini|commonsenseqa,gpt4omini,commonsenseqa,all5,russian_vs_spanish,False,spanish,0.6000,3,0.5999999999999999,185,112,0.6054054054054054,0.9375,0.46875,63,42,0.6,0.19999999999999996,True
gpt4omini|commonsenseqa,gpt4omini,commonsenseqa,all5,russian_vs_spanish,False,spanish,0.8000,4,0.7999999999999998,285,114,0.4,1.0,0.5,60,54,0.5263157894736842,0.05263157894736836,True
gpt4omini|commonsenseqa,gpt4omini,commonsenseqa,all5,russian_vs_spanish,False,spanish,1.0000,5,1.0,1004,0,0.0,,,0,0,,,False
gpt4omini|mathqa,gpt4omini,mathqa,all5,chinese_vs_japanese,False,chinese,ALL,-1,,2000,403,0.2015,0.7766749379652605,0.3883374689826303,189,124,0.6038338658146964,0.2076677316293929,True
gpt4omini|mathqa,gpt4omini,mathqa,all5,chinese_vs_japanese,False,chinese,0.0000,0,0.0,166,49,0.29518072289156627,0.0,0.0,0,0,,,True
gpt4omini|mathqa,gpt4omini,mathqa,all5,chinese_vs_japanese,False,chinese,0.2000,1,0.19999999999999998,88,55,0.625,0.6727272727272727,0.33636363636363636,25,12,0.6756756756756757,0.3513513513513513,True
gpt4omini|mathqa,gpt4omini,mathqa,all5,chinese_vs_japanese,False,chinese,0.4000,2,0.3999999999999999,86,60,0.6976744186046512,0.8,0.4,27,21,0.5625,0.125,True
gpt4omini|mathqa,gpt4omini,mathqa,all5,chinese_vs_japanese,False,chinese,0.6000,3,0.6000000000000001,133,85,0.6390977443609023,0.8705882352941177,0.43529411764705883,36,38,0.4864864864864865,-0.027027027027026973,True
gpt4omini|mathqa,gpt4omini,mathqa,all5,chinese_vs_japanese,False,chinese,0.8000,4,0.7999999999999998,279,154,0.5519713261648745,1.0,0.5,101,53,0.6558441558441559,0.3116883116883118,True
gpt4omini|mathqa,gpt4omini,mathqa,all5,chinese_vs_japanese,False,chinese,1.0000,5,1.0,1248,0,0.0,,,0,0,,,False
gpt4omini|mathqa,gpt4omini,mathqa,all5,chinese_vs_russian,False,russian,ALL,-1,,2000,361,0.1805,0.7534626038781164,0.3767313019390582,149,123,0.5477941176470589,0.09558823529411775,True
gpt4omini|mathqa,gpt4omini,mathqa,all5,chinese_vs_russian,False,russian,0.0000,0,0.0,166,57,0.3433734939759036,0.0,0.0,0,0,,,True
gpt4omini|mathqa,gpt4omini,mathqa,all5,chinese_vs_russian,False,russian,0.2000,1,0.19999999999999998,88,61,0.6931818181818182,0.7049180327868853,0.3524590163934426,18,25,0.4186046511627907,-0.16279069767441856,True
gpt4omini|mathqa,gpt4omini,mathqa,all5,chinese_vs_russian,False,russian,0.4000,2,0.3999999999999999,86,57,0.6627906976744186,0.8421052631578947,0.42105263157894735,26,22,0.5416666666666666,0.08333333333333326,True
gpt4omini|mathqa,gpt4omini,mathqa,all5,chinese_vs_russian,False,russian,0.6000,3,0.6000000000000001,133,95,0.7142857142857143,0.9473684210526315,0.47368421052631576,52,38,0.5777777777777777,0.15555555555555545,True
gpt4omini|mathqa,gpt4omini,mathqa,all5,chinese_vs_russian,False,russian,0.8000,4,0.7999999999999998,279,91,0.32616487455197135,1.0,0.5,53,38,0.5824175824175825,0.16483516483516492,True
gpt4omini|mathqa,gpt4omini,mathqa,all5,chinese_vs_russian,False,russian,1.0000,5,1.0,1248,0,0.0,,,0,0,,,False
gpt4omini|mathqa,gpt4omini,mathqa,all5,chinese_vs_spanish,False,spanish,ALL,-1,,2000,372,0.186,0.7338709677419355,0.36693548387096775,146,127,0.5347985347985348,0.06959706959706957,True
gpt4omini|mathqa,gpt4omini,mathqa,all5,chinese_vs_spanish,False,spanish,0.0000,0,0.0,166,56,0.3373493975903614,0.0,0.0,0,0,,,True
gpt4omini|mathqa,gpt4omini,mathqa,all5,chinese_vs_spanish,False,spanish,0.2000,1,0.19999999999999998,88,58,0.6590909090909091,0.6206896551724138,0.3103448275862069,11,25,0.3055555555555556,-0.38888888888888884,True
gpt4omini|mathqa,gpt4omini,mathqa,all5,chinese_vs_spanish,False,spanish,0.4000,2,0.3999999999999999,86,65,0.7558139534883721,0.8,0.4,26,26,0.5,0.0,True
gpt4omini|mathqa,gpt4omini,mathqa,all5,chinese_vs_spanish,False,spanish,0.6000,3,0.6000000000000001,133,99,0.7443609022556391,0.9191919191919192,0.4595959595959596,56,35,0.6153846153846154,0.23076923076923084,True
gpt4omini|mathqa,gpt4omini,mathqa,all5,chinese_vs_spanish,False,spanish,0.8000,4,0.7999999999999998,279,94,0.33691756272401435,1.0,0.5,53,41,0.5638297872340425,0.12765957446808507,True
gpt4omini|mathqa,gpt4omini,mathqa,all5,chinese_vs_spanish,False,spanish,1.0000,5,1.0,1248,0,0.0,,,0,0,,,False
gpt4omini|mathqa,gpt4omini,mathqa,all5,english_vs_chinese,True,english,ALL,-1,,2000,365,0.1825,0.7780821917808219,0.38904109589041097,167,117,0.5880281690140845,0.176056338028169,True
gpt4omini|mathqa,gpt4omini,mathqa,all5,english_vs_chinese,True,english,0.0000,0,0.0,166,57,0.3433734939759036,0.0,0.0,0,0,,,True
gpt4omini|mathqa,gpt4omini,mathqa,all5,english_vs_chinese,True,english,0.2000,1,0.19999999999999998,88,61,0.6931818181818182,0.7704918032786885,0.38524590163934425,22,25,0.46808510638297873,-0.06382978723404253,True
gpt4omini|mathqa,gpt4omini,mathqa,all5,english_vs_chinese,True,english,0.4000,2,0.3999999999999999,86,64,0.7441860465116279,0.90625,0.453125,31,27,0.5344827586206896,0.06896551724137923,True
gpt4omini|mathqa,gpt4omini,mathqa,all5,english_vs_chinese,True,english,0.6000,3,0.6000000000000001,133,84,0.631578947368421,0.9523809523809523,0.47619047619047616,61,19,0.7625,0.5249999999999999,True
gpt4omini|mathqa,gpt4omini,mathqa,all5,english_vs_chinese,True,english,0.8000,4,0.7999999999999998,279,99,0.3548387096774194,1.0,0.5,53,46,0.5353535353535354,0.07070707070707072,True
gpt4omini|mathqa,gpt4omini,mathqa,all5,english_vs_chinese,True,english,1.0000,5,1.0,1248,0,0.0,,,0,0,,,False
gpt4omini|mathqa,gpt4omini,mathqa,all5,english_vs_japanese,True,english,ALL,-1,,2000,414,0.207,0.7753623188405797,0.38768115942028986,218,103,0.6791277258566978,0.35825545171339557,True
gpt4omini|mathqa,gpt4omini,mathqa,all5,english_vs_japanese,True,english,0.0000,0,0.0,166,54,0.3253012048192771,0.0,0.0,0,0,,,True
gpt4omini|mathqa,gpt4omini,mathqa,all5,english_vs_japanese,True,english,0.2000,1,0.19999999999999998,88,64,0.7272727272727273,0.53125,0.265625,22,12,0.6470588235294118,0.2941176470588236,True
gpt4omini|mathqa,gpt4omini,mathqa,all5,english_vs_japanese,True,english,0.4000,2,0.3999999999999999,86,59,0.686046511627907,0.8813559322033898,0.4406779661016949,31,21,0.5961538461538461,0.1923076923076923,True
gpt4omini|mathqa,gpt4omini,mathqa,all5,english_vs_japanese,True,english,0.6000,3,0.6000000000000001,133,90,0.6766917293233082,0.9777777777777777,0.4888888888888889,64,24,0.7272727272727273,0.4545454545454546,True
gpt4omini|mathqa,gpt4omini,mathqa,all5,english_vs_japanese,True,english,0.8000,4,0.7999999999999998,279,147,0.5268817204301075,1.0,0.5,101,46,0.6870748299319728,0.37414965986394555,True
gpt4omini|mathqa,gpt4omini,mathqa,all5,english_vs_japanese,True,english,1.0000,5,1.0,1248,0,0.0,,,0,0,,,False
gpt4omini|mathqa,gpt4omini,mathqa,all5,english_vs_russian,True,english,ALL,-1,,2000,327,0.1635,0.7400611620795107,0.37003058103975534,133,109,0.5495867768595041,0.09917355371900816,True
gpt4omini|mathqa,gpt4omini,mathqa,all5,english_vs_russian,True,english,0.0000,0,0.0,166,49,0.29518072289156627,0.0,0.0,0,0,,,True
gpt4omini|mathqa,gpt4omini,mathqa,all5,english_vs_russian,True,english,0.2000,1,0.19999999999999998,88,59,0.6704545454545454,0.6779661016949152,0.3389830508474576,22,18,0.55,0.10000000000000009,True
gpt4omini|mathqa,gpt4omini,mathqa,all5,english_vs_russian,True,english,0.4000,2,0.3999999999999999,86,62,0.7209302325581395,0.8064516129032258,0.4032258064516129,25,25,0.5,0.0,True
gpt4omini|mathqa,gpt4omini,mathqa,all5,english_vs_russian,True,english,0.6000,3,0.6000000000000001,133,73,0.5488721804511278,0.9315068493150684,0.4657534246575342,48,20,0.7058823529411765,0.41176470588235303,True
gpt4omini|mathqa,gpt4omini,mathqa,all5,english_vs_russian,True,english,0.8000,4,0.7999999999999998,279,84,0.3010752688172043,1.0,0.5,38,46,0.4523809523809524,-0.09523809523809523,True
gpt4omini|mathqa,gpt4omini,mathqa,all5,english_vs_russian,True,english,1.0000,5,1.0,1248,0,0.0,,,0,0,,,False
gpt4omini|mathqa,gpt4omini,mathqa,all5,english_vs_spanish,True,english,ALL,-1,,2000,306,0.153,0.7418300653594772,0.3709150326797386,129,98,0.5682819383259912,0.13656387665198233,True
gpt4omini|mathqa,gpt4omini,mathqa,all5,english_vs_spanish,True,english,0.0000,0,0.0,166,47,0.28313253012048195,0.0,0.0,0,0,,,True
gpt4omini|mathqa,gpt4omini,mathqa,all5,english_vs_spanish,True,english,0.2000,1,0.19999999999999998,88,54,0.6136363636363636,0.6111111111111112,0.3055555555555556,22,11,0.6666666666666666,0.33333333333333326,True
gpt4omini|mathqa,gpt4omini,mathqa,all5,english_vs_spanish,True,english,0.4000,2,0.3999999999999999,86,57,0.6627906976744186,0.8771929824561403,0.43859649122807015,27,23,0.54,0.08000000000000007,True
gpt4omini|mathqa,gpt4omini,mathqa,all5,english_vs_spanish,True,english,0.6000,3,0.6000000000000001,133,61,0.45864661654135336,0.9344262295081968,0.4672131147540984,39,18,0.6842105263157895,0.368421052631579,True
gpt4omini|mathqa,gpt4omini,mathqa,all5,english_vs_spanish,True,english,0.8000,4,0.7999999999999998,279,87,0.3118279569892473,1.0,0.5,41,46,0.47126436781609193,-0.05747126436781613,True
gpt4omini|mathqa,gpt4omini,mathqa,all5,english_vs_spanish,True,english,1.0000,5,1.0,1248,0,0.0,,,0,0,,,False
gpt4omini|mathqa,gpt4omini,mathqa,all5,japanese_vs_russian,False,russian,ALL,-1,,2000,405,0.2025,0.7580246913580246,0.3790123456790123,199,108,0.6482084690553745,0.2964169381107491,True
gpt4omini|mathqa,gpt4omini,mathqa,all5,japanese_vs_russian,False,russian,0.0000,0,0.0,166,63,0.3795180722891566,0.0,0.0,0,0,,,True
gpt4omini|mathqa,gpt4omini,mathqa,all5,japanese_vs_russian,False,russian,0.2000,1,0.19999999999999998,88,52,0.5909090909090909,0.5769230769230769,0.28846153846153844,18,12,0.6,0.19999999999999996,True
gpt4omini|mathqa,gpt4omini,mathqa,all5,japanese_vs_russian,False,russian,0.4000,2,0.3999999999999999,86,63,0.7325581395348837,0.8571428571428571,0.42857142857142855,32,22,0.5925925925925926,0.18518518518518512,True
gpt4omini|mathqa,gpt4omini,mathqa,all5,japanese_vs_russian,False,russian,0.6000,3,0.6000000000000001,133,88,0.6616541353383458,0.9545454545454546,0.4772727272727273,48,36,0.5714285714285714,0.1428571428571428,True
gpt4omini|mathqa,gpt4omini,mathqa,all5,japanese_vs_russian,False,russian,0.8000,4,0.7999999999999998,279,139,0.4982078853046595,1.0,0.5,101,38,0.7266187050359713,0.4532374100719425,True
gpt4omini|mathqa,gpt4omini,mathqa,all5,japanese_vs_russian,False,russian,1.0000,5,1.0,1248,0,0.0,,,0,0,,,False
gpt4omini|mathqa,gpt4omini,mathqa,all5,japanese_vs_spanish,False,spanish,ALL,-1,,2000,393,0.1965,0.7582697201017812,0.3791348600508906,191,107,0.6409395973154363,0.2818791946308725,True
gpt4omini|mathqa,gpt4omini,mathqa,all5,japanese_vs_spanish,False,spanish,0.0000,0,0.0,166,50,0.30120481927710846,0.0,0.0,0,0,,,True
gpt4omini|mathqa,gpt4omini,mathqa,all5,japanese_vs_spanish,False,spanish,0.2000,1,0.19999999999999998,88,54,0.6136363636363636,0.42592592592592593,0.21296296296296297,11,12,0.4782608695652174,-0.04347826086956519,True
gpt4omini|mathqa,gpt4omini,mathqa,all5,japanese_vs_spanish,False,spanish,0.4000,2,0.3999999999999999,86,55,0.6395348837209303,0.8363636363636363,0.41818181818181815,26,20,0.5652173913043478,0.13043478260869557,True
gpt4omini|mathqa,gpt4omini,mathqa,all5,japanese_vs_spanish,False,spanish,0.6000,3,0.6000000000000001,133,92,0.6917293233082706,0.9456521739130435,0.47282608695652173,53,34,0.6091954022988506,0.21839080459770122,True
gpt4omini|mathqa,gpt4omini,mathqa,all5,japanese_vs_spanish,False,spanish,0.8000,4,0.7999999999999998,279,142,0.5089605734767025,1.0,0.5,101,41,0.7112676056338029,0.42253521126760574,True
gpt4omini|mathqa,gpt4omini,mathqa,all5,japanese_vs_spanish,False,spanish,1.0000,5,1.0,1248,0,0.0,,,0,0,,,False
gpt4omini|mathqa,gpt4omini,mathqa,all5,russian_vs_spanish,False,russian,ALL,-1,,2000,338,0.169,0.7248520710059172,0.3624260355029586,126,119,0.5142857142857142,0.02857142857142847,True
gpt4omini|mathqa,gpt4omini,mathqa,all5,russian_vs_spanish,False,russian,0.0000,0,0.0,166,54,0.3253012048192771,0.0,0.0,0,0,,,True
gpt4omini|mathqa,gpt4omini,mathqa,all5,russian_vs_spanish,False,russian,0.2000,1,0.19999999999999998,88,53,0.6022727272727273,0.5471698113207547,0.27358490566037735,18,11,0.6206896551724138,0.24137931034482762,True
gpt4omini|mathqa,gpt4omini,mathqa,all5,russian_vs_spanish,False,russian,0.4000,2,0.3999999999999999,86,67,0.7790697674418605,0.8656716417910447,0.43283582089552236,31,27,0.5344827586206896,0.06896551724137923,True
gpt4omini|mathqa,gpt4omini,mathqa,all5,russian_vs_spanish,False,russian,0.6000,3,0.6000000000000001,133,85,0.6390977443609023,0.9294117647058824,0.4647058823529412,36,43,0.45569620253164556,-0.08860759493670889,True
gpt4omini|mathqa,gpt4omini,mathqa,all5,russian_vs_spanish,False,russian,0.8000,4,0.7999999999999998,279,79,0.2831541218637993,1.0,0.5,41,38,0.5189873417721519,0.03797468354430378,True
gpt4omini|mathqa,gpt4omini,mathqa,all5,russian_vs_spanish,False,russian,1.0000,5,1.0,1248,0,0.0,,,0,0,,,False
gpt4omini|mmlu,gpt4omini,mmlu,all5,chinese_vs_japanese,False,japanese,ALL,-1,,2000,407,0.2035,0.7542997542997543,0.37714987714987713,157,150,0.511400651465798,0.0228013029315961,True
gpt4omini|mmlu,gpt4omini,mmlu,all5,chinese_vs_japanese,False,japanese,0.0000,0,0.0,216,58,0.26851851851851855,0.0,0.0,0,0,,,True
gpt4omini|mmlu,gpt4omini,mmlu,all5,chinese_vs_japanese,False,japanese,0.2000,1,0.19999999999999998,97,57,0.5876288659793815,0.7017543859649122,0.3508771929824561,28,12,0.7,0.3999999999999999,True
gpt4omini|mmlu,gpt4omini,mmlu,all5,chinese_vs_japanese,False,japanese,0.4000,2,0.39999999999999997,117,74,0.6324786324786325,0.8108108108108109,0.40540540540540543,29,31,0.48333333333333334,-0.033333333333333326,True
gpt4omini|mmlu,gpt4omini,mmlu,all5,chinese_vs_japanese,False,japanese,0.6000,3,0.6,140,85,0.6071428571428571,0.8705882352941177,0.43529411764705883,33,41,0.44594594594594594,-0.10810810810810811,True
gpt4omini|mmlu,gpt4omini,mmlu,all5,chinese_vs_japanese,False,japanese,0.8000,4,0.8,225,133,0.5911111111111111,1.0,0.5,67,66,0.5037593984962406,0.007518796992481258,True
gpt4omini|mmlu,gpt4omini,mmlu,all5,chinese_vs_japanese,False,japanese,1.0000,5,1.0,1205,0,0.0,,,0,0,,,False
gpt4omini|mmlu,gpt4omini,mmlu,all5,chinese_vs_russian,False,russian,ALL,-1,,2000,373,0.1865,0.774798927613941,0.3873994638069705,153,136,0.5294117647058824,0.05882352941176472,True
gpt4omini|mmlu,gpt4omini,mmlu,all5,chinese_vs_russian,False,russian,0.0000,0,0.0,216,47,0.2175925925925926,0.0,0.0,0,0,,,True
gpt4omini|mmlu,gpt4omini,mmlu,all5,chinese_vs_russian,False,russian,0.2000,1,0.19999999999999998,97,38,0.3917525773195876,0.5263157894736842,0.2631578947368421,8,12,0.4,-0.19999999999999996,True
gpt4omini|mmlu,gpt4omini,mmlu,all5,chinese_vs_russian,False,russian,0.4000,2,0.39999999999999997,117,85,0.7264957264957265,0.8588235294117647,0.4294117647058823,34,39,0.4657534246575342,-0.06849315068493156,True
gpt4omini|mmlu,gpt4omini,mmlu,all5,chinese_vs_russian,False,russian,0.6000,3,0.6,140,90,0.6428571428571429,0.9222222222222223,0.46111111111111114,44,39,0.5301204819277109,0.06024096385542177,True
gpt4omini|mmlu,gpt4omini,mmlu,all5,chinese_vs_russian,False,russian,0.8000,4,0.8,225,113,0.5022222222222222,1.0,0.5,67,46,0.5929203539823009,0.18584070796460184,True
gpt4omini|mmlu,gpt4omini,mmlu,all5,chinese_vs_russian,False,russian,1.0000,5,1.0,1205,0,0.0,,,0,0,,,False
gpt4omini|mmlu,gpt4omini,mmlu,all5,chinese_vs_spanish,False,spanish,ALL,-1,,2000,374,0.187,0.786096256684492,0.393048128342246,173,121,0.5884353741496599,0.1768707482993197,True
gpt4omini|mmlu,gpt4omini,mmlu,all5,chinese_vs_spanish,False,spanish,0.0000,0,0.0,216,53,0.24537037037037038,0.0,0.0,0,0,,,True
gpt4omini|mmlu,gpt4omini,mmlu,all5,chinese_vs_spanish,False,spanish,0.2000,1,0.19999999999999998,97,44,0.4536082474226804,0.6363636363636364,0.3181818181818182,16,12,0.5714285714285714,0.1428571428571428,True
gpt4omini|mmlu,gpt4omini,mmlu,all5,chinese_vs_spanish,False,spanish,0.4000,2,0.39999999999999997,117,83,0.7094017094017094,0.8795180722891566,0.4397590361445783,35,38,0.4794520547945205,-0.04109589041095896,True
gpt4omini|mmlu,gpt4omini,mmlu,all5,chinese_vs_spanish,False,spanish,0.6000,3,0.6,140,97,0.6928571428571428,0.9896907216494846,0.4948453608247423,55,41,0.5729166666666666,0.14583333333333326,True
gpt4omini|mmlu,gpt4omini,mmlu,all5,chinese_vs_spanish,False,spanish,0.8000,4,0.8,225,97,0.4311111111111111,1.0,0.5,67,30,0.6907216494845361,0.38144329896907214,True
gpt4omini|mmlu,gpt4omini,mmlu,all5,chinese_vs_spanish,False,spanish,1.0000,5,1.0,1205,0,0.0,,,0,0,,,False
gpt4omini|mmlu,gpt4omini,mmlu,all5,english_vs_chinese,True,english,ALL,-1,,2000,357,0.1785,0.8151260504201681,0.40756302521008403,208,83,0.7147766323024055,0.429553264604811,True
gpt4omini|mmlu,gpt4omini,mmlu,all5,english_vs_chinese,True,english,0.0000,0,0.0,216,47,0.2175925925925926,0.0,0.0,0,0,,,True
gpt4omini|mmlu,gpt4omini,mmlu,all5,english_vs_chinese,True,english,0.2000,1,0.19999999999999998,97,57,0.5876288659793815,0.7894736842105263,0.39473684210526316,33,12,0.7333333333333333,0.46666666666666656,True
gpt4omini|mmlu,gpt4omini,mmlu,all5,english_vs_chinese,True,english,0.4000,2,0.39999999999999997,117,78,0.6666666666666666,0.9230769230769231,0.46153846153846156,48,24,0.6666666666666666,0.33333333333333326,True
gpt4omini|mmlu,gpt4omini,mmlu,all5,english_vs_chinese,True,english,0.6000,3,0.6,140,92,0.6571428571428571,0.9891304347826086,0.4945652173913043,60,31,0.6593406593406593,0.31868131868131866,True
gpt4omini|mmlu,gpt4omini,mmlu,all5,english_vs_chinese,True,english,0.8000,4,0.8,225,83,0.3688888888888889,1.0,0.5,67,16,0.8072289156626506,0.6144578313253013,True
gpt4omini|mmlu,gpt4omini,mmlu,all5,english_vs_chinese,True,english,1.0000,5,1.0,1205,0,0.0,,,0,0,,,False
gpt4omini|mmlu,gpt4omini,mmlu,all5,english_vs_japanese,True,english,ALL,-1,,2000,391,0.1955,0.8081841432225064,0.4040920716112532,217,99,0.6867088607594937,0.37341772151898733,True
gpt4omini|mmlu,gpt4omini,mmlu,all5,english_vs_japanese,True,english,0.0000,0,0.0,216,59,0.27314814814814814,0.0,0.0,0,0,,,True
gpt4omini|mmlu,gpt4omini,mmlu,all5,english_vs_japanese,True,english,0.2000,1,0.19999999999999998,97,71,0.7319587628865979,0.8591549295774648,0.4295774647887324,33,28,0.5409836065573771,0.08196721311475419,True
gpt4omini|mmlu,gpt4omini,mmlu,all5,english_vs_japanese,True,english,0.4000,2,0.39999999999999997,117,89,0.7606837606837606,0.9438202247191011,0.47191011235955055,55,29,0.6547619047619048,0.30952380952380953,True
gpt4omini|mmlu,gpt4omini,mmlu,all5,english_vs_japanese,True,english,0.6000,3,0.6,140,90,0.6428571428571429,0.9888888888888889,0.49444444444444446,63,26,0.7078651685393258,0.4157303370786516,True
gpt4omini|mmlu,gpt4omini,mmlu,all5,english_vs_japanese,True,english,0.8000,4,0.8,225,82,0.36444444444444446,1.0,0.5,66,16,0.8048780487804879,0.6097560975609757,True
gpt4omini|mmlu,gpt4omini,mmlu,all5,english_vs_japanese,True,english,1.0000,5,1.0,1205,0,0.0,,,0,0,,,False
gpt4omini|mmlu,gpt4omini,mmlu,all5,english_vs_russian,True,english,ALL,-1,,2000,318,0.159,0.8113207547169812,0.4056603773584906,183,75,0.7093023255813954,0.4186046511627908,True
gpt4omini|mmlu,gpt4omini,mmlu,all5,english_vs_russian,True,english,0.0000,0,0.0,216,41,0.18981481481481483,0.0,0.0,0,0,,,True
gpt4omini|mmlu,gpt4omini,mmlu,all5,english_vs_russian,True,english,0.2000,1,0.19999999999999998,97,51,0.5257731958762887,0.803921568627451,0.4019607843137255,33,8,0.8048780487804879,0.6097560975609757,True
gpt4omini|mmlu,gpt4omini,mmlu,all5,english_vs_russian,True,english,0.4000,2,0.39999999999999997,117,84,0.717948717948718,0.9166666666666666,0.4583333333333333,53,24,0.6883116883116883,0.37662337662337664,True
gpt4omini|mmlu,gpt4omini,mmlu,all5,english_vs_russian,True,english,0.6000,3,0.6,140,80,0.5714285714285714,0.975,0.4875,51,27,0.6538461538461539,0.3076923076923077,True
gpt4omini|mmlu,gpt4omini,mmlu,all5,english_vs_russian,True,english,0.8000,4,0.8,225,62,0.27555555555555555,1.0,0.5,46,16,0.7419354838709677,0.4838709677419355,True
gpt4omini|mmlu,gpt4omini,mmlu,all5,english_vs_russian,True,english,1.0000,5,1.0,1205,0,0.0,,,0,0,,,False
gpt4omini|mmlu,gpt4omini,mmlu,all5,english_vs_spanish,True,english,ALL,-1,,2000,275,0.1375,0.8036363636363636,0.4018181818181818,147,74,0.665158371040724,0.3303167420814479,True
gpt4omini|mmlu,gpt4omini,mmlu,all5,english_vs_spanish,True,english,0.0000,0,0.0,216,42,0.19444444444444445,0.0,0.0,0,0,,,True
gpt4omini|mmlu,gpt4omini,mmlu,all5,english_vs_spanish,True,english,0.2000,1,0.19999999999999998,97,57,0.5876288659793815,0.8596491228070176,0.4298245614035088,33,16,0.673469387755102,0.346938775510204,True
gpt4omini|mmlu,gpt4omini,mmlu,all5,english_vs_spanish,True,english,0.4000,2,0.39999999999999997,117,73,0.6239316239316239,0.9452054794520548,0.4726027397260274,48,21,0.6956521739130435,0.3913043478260869,True
gpt4omini|mmlu,gpt4omini,mmlu,all5,english_vs_spanish,True,english,0.6000,3,0.6,140,57,0.40714285714285714,1.0,0.5,36,21,0.631578947368421,0.26315789473684204,True
gpt4omini|mmlu,gpt4omini,mmlu,all5,english_vs_spanish,True,english,0.8000,4,0.8,225,46,0.20444444444444446,1.0,0.5,30,16,0.6521739130434783,0.30434782608695654,True
gpt4omini|mmlu,gpt4omini,mmlu,all5,english_vs_spanish,True,english,1.0000,5,1.0,1205,0,0.0,,,0,0,,,False
gpt4omini|mmlu,gpt4omini,mmlu,all5,japanese_vs_russian,False,russian,ALL,-1,,2000,396,0.198,0.7676767676767676,0.3838383838383838,157,147,0.5164473684210527,0.03289473684210531,True
gpt4omini|mmlu,gpt4omini,mmlu,all5,japanese_vs_russian,False,russian,0.0000,0,0.0,216,57,0.2638888888888889,0.0,0.0,0,0,,,True
gpt4omini|mmlu,gpt4omini,mmlu,all5,japanese_vs_russian,False,russian,0.2000,1,0.19999999999999998,97,55,0.5670103092783505,0.6545454545454545,0.32727272727272727,8,28,0.2222222222222222,-0.5555555555555556,True
gpt4omini|mmlu,gpt4omini,mmlu,all5,japanese_vs_russian,False,russian,0.4000,2,0.39999999999999997,117,72,0.6153846153846154,0.8472222222222222,0.4236111111111111,29,32,0.47540983606557374,-0.049180327868852514,True
gpt4omini|mmlu,gpt4omini,mmlu,all5,japanese_vs_russian,False,russian,0.6000,3,0.6,140,100,0.7142857142857143,0.95,0.475,54,41,0.5684210526315789,0.13684210526315788,True
gpt4omini|mmlu,gpt4omini,mmlu,all5,japanese_vs_russian,False,russian,0.8000,4,0.8,225,112,0.49777777777777776,1.0,0.5,66,46,0.5892857142857143,0.1785714285714286,True
gpt4omini|mmlu,gpt4omini,mmlu,all5,japanese_vs_russian,False,russian,1.0000,5,1.0,1205,0,0.0,,,0,0,,,False
gpt4omini|mmlu,gpt4omini,mmlu,all5,japanese_vs_spanish,False,spanish,ALL,-1,,2000,383,0.1915,0.7963446475195822,0.3981723237597911,175,130,0.5737704918032787,0.14754098360655732,True
gpt4omini|mmlu,gpt4omini,mmlu,all5,japanese_vs_spanish,False,spanish,0.0000,0,0.0,216,54,0.25,0.0,0.0,0,0,,,True
gpt4omini|mmlu,gpt4omini,mmlu,all5,japanese_vs_spanish,False,spanish,0.2000,1,0.19999999999999998,97,57,0.5876288659793815,0.7719298245614035,0.38596491228070173,16,28,0.36363636363636365,-0.2727272727272727,True
gpt4omini|mmlu,gpt4omini,mmlu,all5,japanese_vs_spanish,False,spanish,0.4000,2,0.39999999999999997,117,78,0.6666666666666666,0.9102564102564102,0.4551282051282051,35,36,0.49295774647887325,-0.014084507042253502,True
gpt4omini|mmlu,gpt4omini,mmlu,all5,japanese_vs_spanish,False,spanish,0.6000,3,0.6,140,98,0.7,0.9591836734693877,0.47959183673469385,58,36,0.6170212765957447,0.23404255319148937,True
gpt4omini|mmlu,gpt4omini,mmlu,all5,japanese_vs_spanish,False,spanish,0.8000,4,0.8,225,96,0.4266666666666667,1.0,0.5,66,30,0.6875,0.375,True
gpt4omini|mmlu,gpt4omini,mmlu,all5,japanese_vs_spanish,False,spanish,1.0000,5,1.0,1205,0,0.0,,,0,0,,,False
gpt4omini|mmlu,gpt4omini,mmlu,all5,russian_vs_spanish,False,spanish,ALL,-1,,2000,320,0.16,0.765625,0.3828125,140,105,0.5714285714285714,0.1428571428571428,True
gpt4omini|mmlu,gpt4omini,mmlu,all5,russian_vs_spanish,False,spanish,0.0000,0,0.0,216,46,0.21296296296296297,0.0,0.0,0,0,,,True
gpt4omini|mmlu,gpt4omini,mmlu,all5,russian_vs_spanish,False,spanish,0.2000,1,0.19999999999999998,97,44,0.4536082474226804,0.5454545454545454,0.2727272727272727,16,8,0.6666666666666666,0.33333333333333326,True
gpt4omini|mmlu,gpt4omini,mmlu,all5,russian_vs_spanish,False,spanish,0.4000,2,0.39999999999999997,117,69,0.5897435897435898,0.8985507246376812,0.4492753623188406,32,30,0.5161290322580645,0.032258064516129004,True
gpt4omini|mmlu,gpt4omini,mmlu,all5,russian_vs_spanish,False,spanish,0.6000,3,0.6,140,85,0.6071428571428571,0.9764705882352941,0.48823529411764705,46,37,0.5542168674698795,0.10843373493975905,True
gpt4omini|mmlu,gpt4omini,mmlu,all5,russian_vs_spanish,False,spanish,0.8000,4,0.8,225,76,0.3377777777777778,1.0,0.5,46,30,0.6052631578947368,0.21052631578947367,True
gpt4omini|mmlu,gpt4omini,mmlu,all5,russian_vs_spanish,False,spanish,1.0000,5,1.0,1205,0,0.0,,,0,0,,,False
gpt4omini|truthfulqa,gpt4omini,truthfulqa,all5,chinese_vs_japanese,False,chinese,ALL,-1,,817,185,0.22643818849449204,0.7135135135135136,0.3567567567567568,75,57,0.5681818181818182,0.13636363636363646,True
gpt4omini|truthfulqa,gpt4omini,truthfulqa,all5,chinese_vs_japanese,False,chinese,0.0000,0,0.0,129,41,0.3178294573643411,0.0,0.0,0,0,,,True
gpt4omini|truthfulqa,gpt4omini,truthfulqa,all5,chinese_vs_japanese,False,chinese,0.2000,1,0.19999999999999993,54,32,0.5925925925925926,0.84375,0.421875,17,10,0.6296296296296297,0.2592592592592593,True
gpt4omini|truthfulqa,gpt4omini,truthfulqa,all5,chinese_vs_japanese,False,chinese,0.4000,2,0.39999999999999997,49,34,0.6938775510204082,0.8529411764705882,0.4264705882352941,21,8,0.7241379310344828,0.4482758620689655,True
gpt4omini|truthfulqa,gpt4omini,truthfulqa,all5,chinese_vs_japanese,False,chinese,0.6000,3,0.6000000000000002,53,31,0.5849056603773585,0.9354838709677419,0.46774193548387094,17,12,0.5862068965517241,0.17241379310344818,True
gpt4omini|truthfulqa,gpt4omini,truthfulqa,all5,chinese_vs_japanese,False,chinese,0.8000,4,0.7999999999999997,94,47,0.5,1.0,0.5,20,27,0.425531914893617,-0.14893617021276595,True
gpt4omini|truthfulqa,gpt4omini,truthfulqa,all5,chinese_vs_japanese,False,chinese,1.0000,5,1.0,438,0,0.0,,,0,0,,,False
gpt4omini|truthfulqa,gpt4omini,truthfulqa,all5,chinese_vs_russian,False,chinese,ALL,-1,,817,193,0.23623011015911874,0.7305699481865285,0.36528497409326427,82,59,0.5815602836879432,0.16312056737588643,True
gpt4omini|truthfulqa,gpt4omini,truthfulqa,all5,chinese_vs_russian,False,chinese,0.0000,0,0.0,129,45,0.3488372093023256,0.0,0.0,0,0,,,True
gpt4omini|truthfulqa,gpt4omini,truthfulqa,all5,chinese_vs_russian,False,chinese,0.2000,1,0.19999999999999993,54,26,0.48148148148148145,0.8076923076923077,0.40384615384615385,17,4,0.8095238095238095,0.6190476190476191,False
gpt4omini|truthfulqa,gpt4omini,truthfulqa,all5,chinese_vs_russian,False,chinese,0.4000,2,0.39999999999999997,49,34,0.6938775510204082,0.9411764705882353,0.47058823529411764,20,12,0.625,0.25,True
gpt4omini|truthfulqa,gpt4omini,truthfulqa,all5,chinese_vs_russian,False,chinese,0.6000,3,0.6000000000000002,53,35,0.660377358490566,1.0,0.5,19,16,0.5428571428571428,0.08571428571428563,True
gpt4omini|truthfulqa,gpt4omini,truthfulqa,all5,chinese_vs_russian,False,chinese,0.8000,4,0.7999999999999997,94,53,0.5638297872340425,1.0,0.5,26,27,0.49056603773584906,-0.018867924528301883,True
gpt4omini|truthfulqa,gpt4omini,truthfulqa,all5,chinese_vs_russian,False,chinese,1.0000,5,1.0,438,0,0.0,,,0,0,,,False
gpt4omini|truthfulqa,gpt4omini,truthfulqa,all5,chinese_vs_spanish,False,chinese,ALL,-1,,817,194,0.23745410036719705,0.7164948453608248,0.3582474226804124,72,67,0.5179856115107914,0.03597122302158273,True
gpt4omini|truthfulqa,gpt4omini,truthfulqa,all5,chinese_vs_spanish,False,chinese,0.0000,0,0.0,129,42,0.32558139534883723,0.0,0.0,0,0,,,True
gpt4omini|truthfulqa,gpt4omini,truthfulqa,all5,chinese_vs_spanish,False,chinese,0.2000,1,0.19999999999999993,54,37,0.6851851851851852,0.7027027027027027,0.35135135135135137,17,9,0.6538461538461539,0.3076923076923077,True
gpt4omini|truthfulqa,gpt4omini,truthfulqa,all5,chinese_vs_spanish,False,chinese,0.4000,2,0.39999999999999997,49,40,0.8163265306122449,0.975,0.4875,25,14,0.6410256410256411,0.28205128205128216,True
gpt4omini|truthfulqa,gpt4omini,truthfulqa,all5,chinese_vs_spanish,False,chinese,0.6000,3,0.6000000000000002,53,35,0.660377358490566,0.9714285714285714,0.4857142857142857,17,17,0.5,0.0,True
gpt4omini|truthfulqa,gpt4omini,truthfulqa,all5,chinese_vs_spanish,False,chinese,0.8000,4,0.7999999999999997,94,40,0.425531914893617,1.0,0.5,13,27,0.325,-0.35,True
gpt4omini|truthfulqa,gpt4omini,truthfulqa,all5,chinese_vs_spanish,False,chinese,1.0000,5,1.0,438,0,0.0,,,0,0,,,False
gpt4omini|truthfulqa,gpt4omini,truthfulqa,all5,english_vs_chinese,True,english,ALL,-1,,817,167,0.204406364749082,0.718562874251497,0.3592814371257485,64,56,0.5333333333333333,0.06666666666666665,True
gpt4omini|truthfulqa,gpt4omini,truthfulqa,all5,english_vs_chinese,True,english,0.0000,0,0.0,129,34,0.26356589147286824,0.0,0.0,0,0,,,True
gpt4omini|truthfulqa,gpt4omini,truthfulqa,all5,english_vs_chinese,True,english,0.2000,1,0.19999999999999993,54,39,0.7222222222222222,0.7948717948717948,0.3974358974358974,14,17,0.45161290322580644,-0.09677419354838712,True
gpt4omini|truthfulqa,gpt4omini,truthfulqa,all5,english_vs_chinese,True,english,0.4000,2,0.39999999999999997,49,29,0.5918367346938775,0.896551724137931,0.4482758620689655,8,18,0.3076923076923077,-0.3846153846153846,False
gpt4omini|truthfulqa,gpt4omini,truthfulqa,all5,english_vs_chinese,True,english,0.6000,3,0.6000000000000002,53,30,0.5660377358490566,0.9333333333333333,0.4666666666666667,15,13,0.5357142857142857,0.0714285714285714,True
gpt4omini|truthfulqa,gpt4omini,truthfulqa,all5,english_vs_chinese,True,english,0.8000,4,0.7999999999999997,94,35,0.3723404255319149,1.0,0.5,27,8,0.7714285714285715,0.5428571428571429,True
gpt4omini|truthfulqa,gpt4omini,truthfulqa,all5,english_vs_chinese,True,english,1.0000,5,1.0,438,0,0.0,,,0,0,,,False
gpt4omini|truthfulqa,gpt4omini,truthfulqa,all5,english_vs_japanese,True,english,ALL,-1,,817,169,0.20685434516523868,0.6982248520710059,0.34911242603550297,72,46,0.6101694915254238,0.22033898305084754,True
gpt4omini|truthfulqa,gpt4omini,truthfulqa,all5,english_vs_japanese,True,english,0.0000,0,0.0,129,37,0.2868217054263566,0.0,0.0,0,0,,,True
gpt4omini|truthfulqa,gpt4omini,truthfulqa,all5,english_vs_japanese,True,english,0.2000,1,0.19999999999999993,54,31,0.5740740740740741,0.7741935483870968,0.3870967741935484,14,10,0.5833333333333334,0.16666666666666674,True
gpt4omini|truthfulqa,gpt4omini,truthfulqa,all5,english_vs_japanese,True,english,0.4000,2,0.39999999999999997,49,36,0.7346938775510204,0.8611111111111112,0.4305555555555556,17,14,0.5483870967741935,0.09677419354838701,True
gpt4omini|truthfulqa,gpt4omini,truthfulqa,all5,english_vs_japanese,True,english,0.6000,3,0.6000000000000002,53,37,0.6981132075471698,0.9459459459459459,0.47297297297297297,21,14,0.6,0.19999999999999996,True
gpt4omini|truthfulqa,gpt4omini,truthfulqa,all5,english_vs_japanese,True,english,0.8000,4,0.7999999999999997,94,28,0.2978723404255319,1.0,0.5,20,8,0.7142857142857143,0.4285714285714286,False
gpt4omini|truthfulqa,gpt4omini,truthfulqa,all5,english_vs_japanese,True,english,1.0000,5,1.0,438,0,0.0,,,0,0,,,False
gpt4omini|truthfulqa,gpt4omini,truthfulqa,all5,english_vs_russian,True,english,ALL,-1,,817,176,0.21542227662178703,0.6647727272727273,0.33238636363636365,74,43,0.6324786324786325,0.2649572649572649,True
gpt4omini|truthfulqa,gpt4omini,truthfulqa,all5,english_vs_russian,True,english,0.0000,0,0.0,129,42,0.32558139534883723,0.0,0.0,0,0,,,True
gpt4omini|truthfulqa,gpt4omini,truthfulqa,all5,english_vs_russian,True,english,0.2000,1,0.19999999999999993,54,30,0.5555555555555556,0.6,0.3,14,4,0.7777777777777778,0.5555555555555556,True
gpt4omini|truthfulqa,gpt4omini,truthfulqa,all5,english_vs_russian,True,english,0.4000,2,0.39999999999999997,49,37,0.7551020408163265,0.918918918918919,0.4594594594594595,16,18,0.47058823529411764,-0.05882352941176472,True
gpt4omini|truthfulqa,gpt4omini,truthfulqa,all5,english_vs_russian,True,english,0.6000,3,0.6000000000000002,53,33,0.6226415094339622,0.9393939393939394,0.4696969696969697,18,13,0.5806451612903226,0.16129032258064524,True
gpt4omini|truthfulqa,gpt4omini,truthfulqa,all5,english_vs_russian,True,english,0.8000,4,0.7999999999999997,94,34,0.3617021276595745,1.0,0.5,26,8,0.7647058823529411,0.5294117647058822,True
gpt4omini|truthfulqa,gpt4omini,truthfulqa,all5,english_vs_russian,True,english,1.0000,5,1.0,438,0,0.0,,,0,0,,,False
gpt4omini|truthfulqa,gpt4omini,truthfulqa,all5,english_vs_spanish,True,english,ALL,-1,,817,150,0.1835985312117503,0.66,0.33,56,43,0.5656565656565656,0.13131313131313127,True
gpt4omini|truthfulqa,gpt4omini,truthfulqa,all5,english_vs_spanish,True,english,0.0000,0,0.0,129,40,0.31007751937984496,0.0,0.0,0,0,,,True
gpt4omini|truthfulqa,gpt4omini,truthfulqa,all5,english_vs_spanish,True,english,0.2000,1,0.19999999999999993,54,30,0.5555555555555556,0.7666666666666667,0.38333333333333336,14,9,0.6086956521739131,0.21739130434782616,True
gpt4omini|truthfulqa,gpt4omini,truthfulqa,all5,english_vs_spanish,True,english,0.4000,2,0.39999999999999997,49,29,0.5918367346938775,0.8620689655172413,0.43103448275862066,13,12,0.52,0.040000000000000036,False
gpt4omini|truthfulqa,gpt4omini,truthfulqa,all5,english_vs_spanish,True,english,0.6000,3,0.6000000000000002,53,30,0.5660377358490566,1.0,0.5,16,14,0.5333333333333333,0.06666666666666665,True
gpt4omini|truthfulqa,gpt4omini,truthfulqa,all5,english_vs_spanish,True,english,0.8000,4,0.7999999999999997,94,21,0.22340425531914893,1.0,0.5,13,8,0.6190476190476191,0.23809523809523814,False
gpt4omini|truthfulqa,gpt4omini,truthfulqa,all5,english_vs_spanish,True,english,1.0000,5,1.0,438,0,0.0,,,0,0,,,False
gpt4omini|truthfulqa,gpt4omini,truthfulqa,all5,japanese_vs_russian,False,japanese,ALL,-1,,817,175,0.2141982864137087,0.6914285714285714,0.3457142857142857,63,58,0.5206611570247934,0.04132231404958686,True
gpt4omini|truthfulqa,gpt4omini,truthfulqa,all5,japanese_vs_russian,False,japanese,0.0000,0,0.0,129,38,0.29457364341085274,0.0,0.0,0,0,,,True
gpt4omini|truthfulqa,gpt4omini,truthfulqa,all5,japanese_vs_russian,False,japanese,0.2000,1,0.19999999999999993,54,21,0.3888888888888889,0.6666666666666666,0.3333333333333333,10,4,0.7142857142857143,0.4285714285714286,False
gpt4omini|truthfulqa,gpt4omini,truthfulqa,all5,japanese_vs_russian,False,japanese,0.4000,2,0.39999999999999997,49,34,0.6938775510204082,0.7941176470588235,0.39705882352941174,11,16,0.4074074074074074,-0.18518518518518523,True
gpt4omini|truthfulqa,gpt4omini,truthfulqa,all5,japanese_vs_russian,False,japanese,0.6000,3,0.6000000000000002,53,36,0.6792452830188679,0.9444444444444444,0.4722222222222222,16,18,0.47058823529411764,-0.05882352941176472,True
gpt4omini|truthfulqa,gpt4omini,truthfulqa,all5,japanese_vs_russian,False,japanese,0.8000,4,0.7999999999999997,94,46,0.48936170212765956,1.0,0.5,26,20,0.5652173913043478,0.13043478260869557,True
gpt4omini|truthfulqa,gpt4omini,truthfulqa,all5,japanese_vs_russian,False,japanese,1.0000,5,1.0,438,0,0.0,,,0,0,,,False
gpt4omini|truthfulqa,gpt4omini,truthfulqa,all5,japanese_vs_spanish,False,spanish,ALL,-1,,817,172,0.21052631578947367,0.6453488372093024,0.3226744186046512,62,49,0.5585585585585585,0.11711711711711703,True
gpt4omini|truthfulqa,gpt4omini,truthfulqa,all5,japanese_vs_spanish,False,spanish,0.0000,0,0.0,129,45,0.3488372093023256,0.0,0.0,0,0,,,True
gpt4omini|truthfulqa,gpt4omini,truthfulqa,all5,japanese_vs_spanish,False,spanish,0.2000,1,0.19999999999999993,54,26,0.48148148148148145,0.7307692307692307,0.36538461538461536,9,10,0.47368421052631576,-0.052631578947368474,False
gpt4omini|truthfulqa,gpt4omini,truthfulqa,all5,japanese_vs_spanish,False,spanish,0.4000,2,0.39999999999999997,49,32,0.6530612244897959,0.8125,0.40625,14,12,0.5384615384615384,0.07692307692307687,True
gpt4omini|truthfulqa,gpt4omini,truthfulqa,all5,japanese_vs_spanish,False,spanish,0.6000,3,0.6000000000000002,53,36,0.6792452830188679,0.9166666666666666,0.4583333333333333,19,14,0.5757575757575758,0.1515151515151516,True
gpt4omini|truthfulqa,gpt4omini,truthfulqa,all5,japanese_vs_spanish,False,spanish,0.8000,4,0.7999999999999997,94,33,0.35106382978723405,1.0,0.5,20,13,0.6060606060606061,0.21212121212121215,True
gpt4omini|truthfulqa,gpt4omini,truthfulqa,all5,japanese_vs_spanish,False,spanish,1.0000,5,1.0,438,0,0.0,,,0,0,,,False
gpt4omini|truthfulqa,gpt4omini,truthfulqa,all5,russian_vs_spanish,False,spanish,ALL,-1,,817,171,0.20930232558139536,0.6198830409356725,0.30994152046783624,62,44,0.5849056603773585,0.16981132075471694,True
gpt4omini|truthfulqa,gpt4omini,truthfulqa,all5,russian_vs_spanish,False,spanish,0.0000,0,0.0,129,45,0.3488372093023256,0.0,0.0,0,0,,,True
gpt4omini|truthfulqa,gpt4omini,truthfulqa,all5,russian_vs_spanish,False,spanish,0.2000,1,0.19999999999999993,54,23,0.42592592592592593,0.5652173913043478,0.2826086956521739,9,4,0.6923076923076923,0.3846153846153846,False
gpt4omini|truthfulqa,gpt4omini,truthfulqa,all5,russian_vs_spanish,False,spanish,0.4000,2,0.39999999999999997,49,32,0.6530612244897959,0.78125,0.390625,11,14,0.44,-0.12,True
gpt4omini|truthfulqa,gpt4omini,truthfulqa,all5,russian_vs_spanish,False,spanish,0.6000,3,0.6000000000000002,53,32,0.6037735849056604,0.90625,0.453125,16,13,0.5517241379310345,0.10344827586206895,True
gpt4omini|truthfulqa,gpt4omini,truthfulqa,all5,russian_vs_spanish,False,spanish,0.8000,4,0.7999999999999997,94,39,0.4148936170212766,1.0,0.5,26,13,0.6666666666666666,0.33333333333333326,True
gpt4omini|truthfulqa,gpt4omini,truthfulqa,all5,russian_vs_spanish,False,spanish,1.0000,5,1.0,438,0,0.0,,,0,0,,,False
qwen|commonsenseqa,qwen,commonsenseqa,all5,chinese_vs_japanese,False,chinese,ALL,-1,,2000,658,0.329,0.7659574468085106,0.3829787234042553,258,246,0.5119047619047619,0.023809523809523725,True
qwen|commonsenseqa,qwen,commonsenseqa,all5,chinese_vs_japanese,False,chinese,0.0000,0,0.0,186,53,0.2849462365591398,0.0,0.0,0,0,,,True
qwen|commonsenseqa,qwen,commonsenseqa,all5,chinese_vs_japanese,False,chinese,0.2000,1,0.19999999999999998,193,119,0.616580310880829,0.5546218487394958,0.2773109243697479,31,35,0.4696969696969697,-0.06060606060606055,True
qwen|commonsenseqa,qwen,commonsenseqa,all5,chinese_vs_japanese,False,chinese,0.4000,2,0.4000000000000001,217,150,0.6912442396313364,0.7866666666666666,0.3933333333333333,55,63,0.4661016949152542,-0.06779661016949157,True
qwen|commonsenseqa,qwen,commonsenseqa,all5,chinese_vs_japanese,False,chinese,0.6000,3,0.6,255,169,0.6627450980392157,0.9053254437869822,0.4526627218934911,75,78,0.49019607843137253,-0.019607843137254943,True
qwen|commonsenseqa,qwen,commonsenseqa,all5,chinese_vs_japanese,False,chinese,0.8000,4,0.7999999999999999,333,167,0.5015015015015015,1.0,0.5,97,70,0.5808383233532934,0.16167664670658688,True
qwen|commonsenseqa,qwen,commonsenseqa,all5,chinese_vs_japanese,False,chinese,1.0000,5,1.0,816,0,0.0,,,0,0,,,False
qwen|commonsenseqa,qwen,commonsenseqa,all5,chinese_vs_russian,False,chinese,ALL,-1,,2000,651,0.3255,0.7588325652841782,0.3794162826420891,257,237,0.520242914979757,0.04048582995951411,True
qwen|commonsenseqa,qwen,commonsenseqa,all5,chinese_vs_russian,False,chinese,0.0000,0,0.0,186,53,0.2849462365591398,0.0,0.0,0,0,,,True
qwen|commonsenseqa,qwen,commonsenseqa,all5,chinese_vs_russian,False,chinese,0.2000,1,0.19999999999999998,193,118,0.6113989637305699,0.576271186440678,0.288135593220339,31,37,0.45588235294117646,-0.08823529411764708,True
qwen|commonsenseqa,qwen,commonsenseqa,all5,chinese_vs_russian,False,chinese,0.4000,2,0.4000000000000001,217,148,0.6820276497695853,0.7702702702702703,0.38513513513513514,63,51,0.5526315789473685,0.10526315789473695,True
qwen|commonsenseqa,qwen,commonsenseqa,all5,chinese_vs_russian,False,chinese,0.6000,3,0.6,255,180,0.7058823529411765,0.8888888888888888,0.4444444444444444,81,79,0.50625,0.012499999999999956,True
qwen|commonsenseqa,qwen,commonsenseqa,all5,chinese_vs_russian,False,chinese,0.8000,4,0.7999999999999999,333,152,0.45645645645645644,1.0,0.5,82,70,0.5394736842105263,0.07894736842105265,True
qwen|commonsenseqa,qwen,commonsenseqa,all5,chinese_vs_russian,False,chinese,1.0000,5,1.0,816,0,0.0,,,0,0,,,False
qwen|commonsenseqa,qwen,commonsenseqa,all5,chinese_vs_spanish,False,spanish,ALL,-1,,2000,646,0.323,0.7708978328173375,0.38544891640866874,258,240,0.5180722891566265,0.03614457831325302,True
qwen|commonsenseqa,qwen,commonsenseqa,all5,chinese_vs_spanish,False,spanish,0.0000,0,0.0,186,60,0.3225806451612903,0.0,0.0,0,0,,,True
qwen|commonsenseqa,qwen,commonsenseqa,all5,chinese_vs_spanish,False,spanish,0.2000,1,0.19999999999999998,193,110,0.5699481865284974,0.5272727272727272,0.2636363636363636,27,31,0.46551724137931033,-0.06896551724137934,True
qwen|commonsenseqa,qwen,commonsenseqa,all5,chinese_vs_spanish,False,spanish,0.4000,2,0.4000000000000001,217,156,0.7188940092165899,0.8525641025641025,0.42628205128205127,72,61,0.5413533834586466,0.08270676691729317,True
qwen|commonsenseqa,qwen,commonsenseqa,all5,chinese_vs_spanish,False,spanish,0.6000,3,0.6,255,185,0.7254901960784313,0.9297297297297298,0.4648648648648649,89,83,0.5174418604651163,0.03488372093023262,True
qwen|commonsenseqa,qwen,commonsenseqa,all5,chinese_vs_spanish,False,spanish,0.8000,4,0.7999999999999999,333,135,0.40540540540540543,1.0,0.5,70,65,0.5185185185185185,0.03703703703703698,True
qwen|commonsenseqa,qwen,commonsenseqa,all5,chinese_vs_spanish,False,spanish,1.0000,5,1.0,816,0,0.0,,,0,0,,,False
qwen|commonsenseqa,qwen,commonsenseqa,all5,english_vs_chinese,True,english,ALL,-1,,2000,572,0.286,0.8181818181818182,0.4090909090909091,343,125,0.7329059829059829,0.4658119658119657,True
qwen|commonsenseqa,qwen,commonsenseqa,all5,english_vs_chinese,True,english,0.0000,0,0.0,186,52,0.27956989247311825,0.0,0.0,0,0,,,True
qwen|commonsenseqa,qwen,commonsenseqa,all5,english_vs_chinese,True,english,0.2000,1,0.19999999999999998,193,129,0.6683937823834197,0.7286821705426356,0.3643410852713178,63,31,0.6702127659574468,0.34042553191489366,True
qwen|commonsenseqa,qwen,commonsenseqa,all5,english_vs_chinese,True,english,0.4000,2,0.4000000000000001,217,155,0.7142857142857143,0.9161290322580645,0.45806451612903226,102,40,0.7183098591549296,0.43661971830985924,True
qwen|commonsenseqa,qwen,commonsenseqa,all5,english_vs_chinese,True,english,0.6000,3,0.6,255,147,0.5764705882352941,0.9727891156462585,0.48639455782312924,108,35,0.7552447552447552,0.5104895104895104,True
qwen|commonsenseqa,qwen,commonsenseqa,all5,english_vs_chinese,True,english,0.8000,4,0.7999999999999999,333,89,0.2672672672672673,1.0,0.5,70,19,0.7865168539325843,0.5730337078651686,True
qwen|commonsenseqa,qwen,commonsenseqa,all5,english_vs_chinese,True,english,1.0000,5,1.0,816,0,0.0,,,0,0,,,False
qwen|commonsenseqa,qwen,commonsenseqa,all5,english_vs_japanese,True,english,ALL,-1,,2000,604,0.302,0.8311258278145696,0.4155629139072848,366,136,0.7290836653386454,0.4581673306772909,True
qwen|commonsenseqa,qwen,commonsenseqa,all5,english_vs_japanese,True,english,0.0000,0,0.0,186,53,0.2849462365591398,0.0,0.0,0,0,,,True
qwen|commonsenseqa,qwen,commonsenseqa,all5,english_vs_japanese,True,english,0.2000,1,0.19999999999999998,193,133,0.689119170984456,0.7368421052631579,0.3684210526315789,63,35,0.6428571428571429,0.2857142857142858,True
qwen|commonsenseqa,qwen,commonsenseqa,all5,english_vs_japanese,True,english,0.4000,2,0.4000000000000001,217,162,0.7465437788018433,0.9259259259259259,0.46296296296296297,102,48,0.68,0.3600000000000001,True
qwen|commonsenseqa,qwen,commonsenseqa,all5,english_vs_japanese,True,english,0.6000,3,0.6,255,140,0.5490196078431373,0.9857142857142858,0.4928571428571429,104,34,0.7536231884057971,0.5072463768115942,True
qwen|commonsenseqa,qwen,commonsenseqa,all5,english_vs_japanese,True,english,0.8000,4,0.7999999999999999,333,116,0.3483483483483483,1.0,0.5,97,19,0.8362068965517241,0.6724137931034482,True
qwen|commonsenseqa,qwen,commonsenseqa,all5,english_vs_japanese,True,english,1.0000,5,1.0,816,0,0.0,,,0,0,,,False
qwen|commonsenseqa,qwen,commonsenseqa,all5,english_vs_russian,True,english,ALL,-1,,2000,600,0.3,0.82,0.41,365,127,0.741869918699187,0.4837398373983739,True
qwen|commonsenseqa,qwen,commonsenseqa,all5,english_vs_russian,True,english,0.0000,0,0.0,186,55,0.2956989247311828,0.0,0.0,0,0,,,True
qwen|commonsenseqa,qwen,commonsenseqa,all5,english_vs_russian,True,english,0.2000,1,0.19999999999999998,193,132,0.6839378238341969,0.7575757575757576,0.3787878787878788,63,37,0.63,0.26,True
qwen|commonsenseqa,qwen,commonsenseqa,all5,english_vs_russian,True,english,0.4000,2,0.4000000000000001,217,164,0.7557603686635944,0.8902439024390244,0.4451219512195122,110,36,0.7534246575342466,0.5068493150684932,True
qwen|commonsenseqa,qwen,commonsenseqa,all5,english_vs_russian,True,english,0.6000,3,0.6,255,148,0.5803921568627451,0.9797297297297297,0.48986486486486486,110,35,0.7586206896551724,0.5172413793103448,True
qwen|commonsenseqa,qwen,commonsenseqa,all5,english_vs_russian,True,english,0.8000,4,0.7999999999999999,333,101,0.3033033033033033,1.0,0.5,82,19,0.8118811881188119,0.6237623762376239,True
qwen|commonsenseqa,qwen,commonsenseqa,all5,english_vs_russian,True,english,1.0000,5,1.0,816,0,0.0,,,0,0,,,False
qwen|commonsenseqa,qwen,commonsenseqa,all5,english_vs_spanish,True,english,ALL,-1,,2000,548,0.274,0.791970802919708,0.395985401459854,317,117,0.7304147465437788,0.4608294930875576,True
qwen|commonsenseqa,qwen,commonsenseqa,all5,english_vs_spanish,True,english,0.0000,0,0.0,186,60,0.3225806451612903,0.0,0.0,0,0,,,True
qwen|commonsenseqa,qwen,commonsenseqa,all5,english_vs_spanish,True,english,0.2000,1,0.19999999999999998,193,124,0.6424870466321243,0.7258064516129032,0.3629032258064516,63,27,0.7,0.3999999999999999,True
qwen|commonsenseqa,qwen,commonsenseqa,all5,english_vs_spanish,True,english,0.4000,2,0.4000000000000001,217,146,0.6728110599078341,0.8972602739726028,0.4486301369863014,91,40,0.6946564885496184,0.38931297709923673,True
qwen|commonsenseqa,qwen,commonsenseqa,all5,english_vs_spanish,True,english,0.6000,3,0.6,255,134,0.5254901960784314,0.9626865671641791,0.48134328358208955,98,31,0.7596899224806202,0.5193798449612403,True
qwen|commonsenseqa,qwen,commonsenseqa,all5,english_vs_spanish,True,english,0.8000,4,0.7999999999999999,333,84,0.25225225225225223,1.0,0.5,65,19,0.7738095238095238,0.5476190476190477,True
qwen|commonsenseqa,qwen,commonsenseqa,all5,english_vs_spanish,True,english,1.0000,5,1.0,816,0,0.0,,,0,0,,,False
qwen|commonsenseqa,qwen,commonsenseqa,all5,japanese_vs_russian,False,japanese,ALL,-1,,2000,695,0.3475,0.7683453237410072,0.3841726618705036,271,263,0.5074906367041199,0.014981273408239737,True
qwen|commonsenseqa,qwen,commonsenseqa,all5,japanese_vs_russian,False,japanese,0.0000,0,0.0,186,63,0.3387096774193548,0.0,0.0,0,0,,,True
qwen|commonsenseqa,qwen,commonsenseqa,all5,japanese_vs_russian,False,japanese,0.2000,1,0.19999999999999998,193,115,0.5958549222797928,0.6260869565217392,0.3130434782608696,35,37,0.4861111111111111,-0.02777777777777779,True
qwen|commonsenseqa,qwen,commonsenseqa,all5,japanese_vs_russian,False,japanese,0.4000,2,0.4000000000000001,217,154,0.7096774193548387,0.7402597402597403,0.37012987012987014,67,47,0.5877192982456141,0.17543859649122817,True
qwen|commonsenseqa,qwen,commonsenseqa,all5,japanese_vs_russian,False,japanese,0.6000,3,0.6,255,184,0.7215686274509804,0.9184782608695652,0.4592391304347826,87,82,0.514792899408284,0.029585798816567976,True
qwen|commonsenseqa,qwen,commonsenseqa,all5,japanese_vs_russian,False,japanese,0.8000,4,0.7999999999999999,333,179,0.5375375375375375,1.0,0.5,82,97,0.4581005586592179,-0.08379888268156421,True
qwen|commonsenseqa,qwen,commonsenseqa,all5,japanese_vs_russian,False,japanese,1.0000,5,1.0,816,0,0.0,,,0,0,,,False
qwen|commonsenseqa,qwen,commonsenseqa,all5,japanese_vs_spanish,False,spanish,ALL,-1,,2000,663,0.3315,0.7873303167420814,0.3936651583710407,276,246,0.5287356321839081,0.05747126436781613,True
qwen|commonsenseqa,qwen,commonsenseqa,all5,japanese_vs_spanish,False,spanish,0.0000,0,0.0,186,55,0.2956989247311828,0.0,0.0,0,0,,,True
qwen|commonsenseqa,qwen,commonsenseqa,all5,japanese_vs_spanish,False,spanish,0.2000,1,0.19999999999999998,193,108,0.5595854922279793,0.5740740740740741,0.28703703703703703,27,35,0.43548387096774194,-0.12903225806451613,True
qwen|commonsenseqa,qwen,commonsenseqa,all5,japanese_vs_spanish,False,spanish,0.4000,2,0.4000000000000001,217,158,0.728110599078341,0.8417721518987342,0.4208860759493671,68,65,0.5112781954887218,0.022556390977443552,True
qwen|commonsenseqa,qwen,commonsenseqa,all5,japanese_vs_spanish,False,spanish,0.6000,3,0.6,255,180,0.7058823529411765,0.9166666666666666,0.4583333333333333,84,81,0.509090909090909,0.018181818181818077,True
qwen|commonsenseqa,qwen,commonsenseqa,all5,japanese_vs_spanish,False,spanish,0.8000,4,0.7999999999999999,333,162,0.4864864864864865,1.0,0.5,97,65,0.5987654320987654,0.19753086419753085,True
qwen|commonsenseqa,qwen,commonsenseqa,all5,japanese_vs_spanish,False,spanish,1.0000,5,1.0,816,0,0.0,,,0,0,,,False
qwen|commonsenseqa,qwen,commonsenseqa,all5,russian_vs_spanish,False,spanish,ALL,-1,,2000,627,0.3135,0.7783094098883573,0.38915470494417864,263,225,0.5389344262295082,0.07786885245901631,True
qwen|commonsenseqa,qwen,commonsenseqa,all5,russian_vs_spanish,False,spanish,0.0000,0,0.0,186,58,0.3118279569892473,0.0,0.0,0,0,,,True
qwen|commonsenseqa,qwen,commonsenseqa,all5,russian_vs_spanish,False,spanish,0.2000,1,0.19999999999999998,193,106,0.5492227979274611,0.6037735849056604,0.3018867924528302,27,37,0.421875,-0.15625,True
qwen|commonsenseqa,qwen,commonsenseqa,all5,russian_vs_spanish,False,spanish,0.4000,2,0.4000000000000001,217,145,0.6682027649769585,0.8344827586206897,0.41724137931034483,72,49,0.5950413223140496,0.1900826446280992,True
qwen|commonsenseqa,qwen,commonsenseqa,all5,russian_vs_spanish,False,spanish,0.6000,3,0.6,255,171,0.6705882352941176,0.9122807017543859,0.45614035087719296,82,74,0.5256410256410257,0.05128205128205132,True
qwen|commonsenseqa,qwen,commonsenseqa,all5,russian_vs_spanish,False,spanish,0.8000,4,0.7999999999999999,333,147,0.44144144144144143,1.0,0.5,82,65,0.5578231292517006,0.11564625850340127,True
qwen|commonsenseqa,qwen,commonsenseqa,all5,russian_vs_spanish,False,spanish,1.0000,5,1.0,816,0,0.0,,,0,0,,,False
qwen|mathqa,qwen,mathqa,all5,chinese_vs_japanese,False,japanese,ALL,-1,,2000,495,0.2475,0.7656565656565657,0.38282828282828285,190,189,0.5013192612137203,0.0026385224274405594,True
qwen|mathqa,qwen,mathqa,all5,chinese_vs_japanese,False,japanese,0.0000,0,0.0,146,56,0.3835616438356164,0.0,0.0,0,0,,,True
qwen|mathqa,qwen,mathqa,all5,chinese_vs_japanese,False,japanese,0.2000,1,0.19999999999999996,86,62,0.7209302325581395,0.5645161290322581,0.28225806451612906,21,14,0.6,0.19999999999999996,True
qwen|mathqa,qwen,mathqa,all5,chinese_vs_japanese,False,japanese,0.4000,2,0.39999999999999997,118,86,0.7288135593220338,0.7558139534883721,0.37790697674418605,34,31,0.5230769230769231,0.04615384615384621,True
qwen|mathqa,qwen,mathqa,all5,chinese_vs_japanese,False,japanese,0.6000,3,0.5999999999999999,178,126,0.7078651685393258,0.9047619047619048,0.4523809523809524,64,50,0.5614035087719298,0.12280701754385959,True
qwen|mathqa,qwen,mathqa,all5,chinese_vs_japanese,False,japanese,0.8000,4,0.7999999999999999,268,165,0.6156716417910447,1.0,0.5,71,94,0.4303030303030303,-0.1393939393939394,True
qwen|mathqa,qwen,mathqa,all5,chinese_vs_japanese,False,japanese,1.0000,5,1.0,1204,0,0.0,,,0,0,,,False
qwen|mathqa,qwen,mathqa,all5,chinese_vs_russian,False,russian,ALL,-1,,2000,431,0.2155,0.7703016241299304,0.3851508120649652,201,131,0.6054216867469879,0.21084337349397586,True
qwen|mathqa,qwen,mathqa,all5,chinese_vs_russian,False,russian,0.0000,0,0.0,146,55,0.3767123287671233,0.0,0.0,0,0,,,True
qwen|mathqa,qwen,mathqa,all5,chinese_vs_russian,False,russian,0.2000,1,0.19999999999999996,86,55,0.6395348837209303,0.5636363636363636,0.2818181818181818,17,14,0.5483870967741935,0.09677419354838701,True
qwen|mathqa,qwen,mathqa,all5,chinese_vs_russian,False,russian,0.4000,2,0.39999999999999997,118,87,0.7372881355932204,0.8275862068965517,0.41379310344827586,40,32,0.5555555555555556,0.11111111111111116,True
qwen|mathqa,qwen,mathqa,all5,chinese_vs_russian,False,russian,0.6000,3,0.5999999999999999,178,124,0.6966292134831461,0.9596774193548387,0.4798387096774194,73,46,0.6134453781512605,0.2268907563025211,True
qwen|mathqa,qwen,mathqa,all5,chinese_vs_russian,False,russian,0.8000,4,0.7999999999999999,268,110,0.41044776119402987,1.0,0.5,71,39,0.6454545454545455,0.290909090909091,True
qwen|mathqa,qwen,mathqa,all5,chinese_vs_russian,False,russian,1.0000,5,1.0,1204,0,0.0,,,0,0,,,False
qwen|mathqa,qwen,mathqa,all5,chinese_vs_spanish,False,spanish,ALL,-1,,2000,428,0.214,0.780373831775701,0.3901869158878505,204,130,0.6107784431137725,0.221556886227545,True
qwen|mathqa,qwen,mathqa,all5,chinese_vs_spanish,False,spanish,0.0000,0,0.0,146,52,0.3561643835616438,0.0,0.0,0,0,,,True
qwen|mathqa,qwen,mathqa,all5,chinese_vs_spanish,False,spanish,0.2000,1,0.19999999999999996,86,52,0.6046511627906976,0.5384615384615384,0.2692307692307692,14,14,0.5,0.0,True
qwen|mathqa,qwen,mathqa,all5,chinese_vs_spanish,False,spanish,0.4000,2,0.39999999999999997,118,92,0.7796610169491526,0.8804347826086957,0.44021739130434784,49,32,0.6049382716049383,0.2098765432098766,True
qwen|mathqa,qwen,mathqa,all5,chinese_vs_spanish,False,spanish,0.6000,3,0.5999999999999999,178,123,0.6910112359550562,0.943089430894309,0.4715447154471545,70,46,0.603448275862069,0.2068965517241379,True
qwen|mathqa,qwen,mathqa,all5,chinese_vs_spanish,False,spanish,0.8000,4,0.7999999999999999,268,109,0.40671641791044777,1.0,0.5,71,38,0.6513761467889908,0.3027522935779816,True
qwen|mathqa,qwen,mathqa,all5,chinese_vs_spanish,False,spanish,1.0000,5,1.0,1204,0,0.0,,,0,0,,,False
qwen|mathqa,qwen,mathqa,all5,english_vs_chinese,True,english,ALL,-1,,2000,377,0.1885,0.7506631299734748,0.3753315649867374,183,100,0.6466431095406361,0.29328621908127217,True
qwen|mathqa,qwen,mathqa,all5,english_vs_chinese,True,english,0.0000,0,0.0,146,45,0.3082191780821918,0.0,0.0,0,0,,,True
qwen|mathqa,qwen,mathqa,all5,english_vs_chinese,True,english,0.2000,1,0.19999999999999996,86,56,0.6511627906976745,0.6071428571428571,0.30357142857142855,20,14,0.5882352941176471,0.17647058823529416,True
qwen|mathqa,qwen,mathqa,all5,english_vs_chinese,True,english,0.4000,2,0.39999999999999997,118,71,0.6016949152542372,0.8028169014084507,0.4014084507042254,35,22,0.6140350877192983,0.22807017543859653,True
qwen|mathqa,qwen,mathqa,all5,english_vs_chinese,True,english,0.6000,3,0.5999999999999999,178,108,0.6067415730337079,0.8796296296296297,0.4398148148148148,57,38,0.6,0.19999999999999996,True
qwen|mathqa,qwen,mathqa,all5,english_vs_chinese,True,english,0.8000,4,0.7999999999999999,268,97,0.3619402985074627,1.0,0.5,71,26,0.7319587628865979,0.4639175257731958,True
qwen|mathqa,qwen,mathqa,all5,english_vs_chinese,True,english,1.0000,5,1.0,1204,0,0.0,,,0,0,,,False
qwen|mathqa,qwen,mathqa,all5,english_vs_japanese,True,english,ALL,-1,,2000,428,0.214,0.8130841121495327,0.40654205607476634,215,133,0.617816091954023,0.23563218390804597,True
qwen|mathqa,qwen,mathqa,all5,english_vs_japanese,True,english,0.0000,0,0.0,146,50,0.3424657534246575,0.0,0.0,0,0,,,True
qwen|mathqa,qwen,mathqa,all5,english_vs_japanese,True,english,0.2000,1,0.19999999999999996,86,56,0.6511627906976745,0.7321428571428571,0.36607142857142855,20,21,0.4878048780487805,-0.024390243902439046,True
qwen|mathqa,qwen,mathqa,all5,english_vs_japanese,True,english,0.4000,2,0.39999999999999997,118,85,0.7203389830508474,0.9176470588235294,0.4588235294117647,44,34,0.5641025641025641,0.1282051282051282,True
qwen|mathqa,qwen,mathqa,all5,english_vs_japanese,True,english,0.6000,3,0.5999999999999999,178,117,0.6573033707865169,0.9316239316239316,0.4658119658119658,57,52,0.5229357798165137,0.04587155963302747,True
qwen|mathqa,qwen,mathqa,all5,english_vs_japanese,True,english,0.8000,4,0.7999999999999999,268,120,0.44776119402985076,1.0,0.5,94,26,0.7833333333333333,0.5666666666666667,True
qwen|mathqa,qwen,mathqa,all5,english_vs_japanese,True,english,1.0000,5,1.0,1204,0,0.0,,,0,0,,,False
qwen|mathqa,qwen,mathqa,all5,english_vs_russian,True,english,ALL,-1,,2000,372,0.186,0.7661290322580645,0.38306451612903225,149,136,0.5228070175438596,0.04561403508771922,True
qwen|mathqa,qwen,mathqa,all5,english_vs_russian,True,english,0.0000,0,0.0,146,49,0.3356164383561644,0.0,0.0,0,0,,,True
qwen|mathqa,qwen,mathqa,all5,english_vs_russian,True,english,0.2000,1,0.19999999999999996,86,60,0.6976744186046512,0.6166666666666667,0.30833333333333335,20,17,0.5405405405405406,0.08108108108108114,True
qwen|mathqa,qwen,mathqa,all5,english_vs_russian,True,english,0.4000,2,0.39999999999999997,118,84,0.711864406779661,0.8928571428571429,0.44642857142857145,40,35,0.5333333333333333,0.06666666666666665,True
qwen|mathqa,qwen,mathqa,all5,english_vs_russian,True,english,0.6000,3,0.5999999999999999,178,114,0.6404494382022472,0.9473684210526315,0.47368421052631576,50,58,0.46296296296296297,-0.07407407407407407,True
qwen|mathqa,qwen,mathqa,all5,english_vs_russian,True,english,0.8000,4,0.7999999999999999,268,65,0.24253731343283583,1.0,0.5,39,26,0.6,0.19999999999999996,True
qwen|mathqa,qwen,mathqa,all5,english_vs_russian,True,english,1.0000,5,1.0,1204,0,0.0,,,0,0,,,False
qwen|mathqa,qwen,mathqa,all5,english_vs_spanish,True,english,ALL,-1,,2000,367,0.1835,0.7874659400544959,0.39373297002724794,149,140,0.5155709342560554,0.03114186851211076,True
qwen|mathqa,qwen,mathqa,all5,english_vs_spanish,True,english,0.0000,0,0.0,146,44,0.3013698630136986,0.0,0.0,0,0,,,True
qwen|mathqa,qwen,mathqa,all5,english_vs_spanish,True,english,0.2000,1,0.19999999999999996,86,55,0.6395348837209303,0.6181818181818182,0.3090909090909091,20,14,0.5882352941176471,0.17647058823529416,True
qwen|mathqa,qwen,mathqa,all5,english_vs_spanish,True,english,0.4000,2,0.39999999999999997,118,86,0.7288135593220338,0.9069767441860465,0.45348837209302323,37,41,0.47435897435897434,-0.05128205128205132,True
qwen|mathqa,qwen,mathqa,all5,english_vs_spanish,True,english,0.6000,3,0.5999999999999999,178,118,0.6629213483146067,0.9576271186440678,0.4788135593220339,54,59,0.4778761061946903,-0.04424778761061943,True
qwen|mathqa,qwen,mathqa,all5,english_vs_spanish,True,english,0.8000,4,0.7999999999999999,268,64,0.23880597014925373,1.0,0.5,38,26,0.59375,0.1875,True
qwen|mathqa,qwen,mathqa,all5,english_vs_spanish,True,english,1.0000,5,1.0,1204,0,0.0,,,0,0,,,False
qwen|mathqa,qwen,mathqa,all5,japanese_vs_russian,False,russian,ALL,-1,,2000,457,0.2285,0.75054704595186,0.37527352297593,206,137,0.6005830903790087,0.2011661807580174,True
qwen|mathqa,qwen,mathqa,all5,japanese_vs_russian,False,russian,0.0000,0,0.0,146,63,0.4315068493150685,0.0,0.0,0,0,,,True
qwen|mathqa,qwen,mathqa,all5,japanese_vs_russian,False,russian,0.2000,1,0.19999999999999996,86,66,0.7674418604651163,0.5757575757575758,0.2878787878787879,17,21,0.4473684210526316,-0.10526315789473684,True
qwen|mathqa,qwen,mathqa,all5,japanese_vs_russian,False,russian,0.4000,2,0.39999999999999997,118,88,0.7457627118644068,0.7840909090909091,0.39204545454545453,37,32,0.5362318840579711,0.07246376811594213,True
qwen|mathqa,qwen,mathqa,all5,japanese_vs_russian,False,russian,0.6000,3,0.5999999999999999,178,107,0.601123595505618,0.9626168224299065,0.48130841121495327,58,45,0.5631067961165048,0.12621359223300965,True
qwen|mathqa,qwen,mathqa,all5,japanese_vs_russian,False,russian,0.8000,4,0.7999999999999999,268,133,0.4962686567164179,1.0,0.5,94,39,0.706766917293233,0.4135338345864661,True
qwen|mathqa,qwen,mathqa,all5,japanese_vs_russian,False,russian,1.0000,5,1.0,1204,0,0.0,,,0,0,,,False
qwen|mathqa,qwen,mathqa,all5,japanese_vs_spanish,False,spanish,ALL,-1,,2000,436,0.218,0.7729357798165137,0.38646788990825687,205,132,0.6083086053412463,0.21661721068249262,True
qwen|mathqa,qwen,mathqa,all5,japanese_vs_spanish,False,spanish,0.0000,0,0.0,146,50,0.3424657534246575,0.0,0.0,0,0,,,True
qwen|mathqa,qwen,mathqa,all5,japanese_vs_spanish,False,spanish,0.2000,1,0.19999999999999996,86,63,0.7325581395348837,0.5555555555555556,0.2777777777777778,14,21,0.4,-0.19999999999999996,True
qwen|mathqa,qwen,mathqa,all5,japanese_vs_spanish,False,spanish,0.4000,2,0.39999999999999997,118,82,0.6949152542372882,0.8048780487804879,0.4024390243902439,40,26,0.6060606060606061,0.21212121212121215,True
qwen|mathqa,qwen,mathqa,all5,japanese_vs_spanish,False,spanish,0.6000,3,0.5999999999999999,178,109,0.6123595505617978,0.9541284403669725,0.47706422018348627,57,47,0.5480769230769231,0.09615384615384626,True
qwen|mathqa,qwen,mathqa,all5,japanese_vs_spanish,False,spanish,0.8000,4,0.7999999999999999,268,132,0.4925373134328358,1.0,0.5,94,38,0.7121212121212122,0.4242424242424243,True
qwen|mathqa,qwen,mathqa,all5,japanese_vs_spanish,False,spanish,1.0000,5,1.0,1204,0,0.0,,,0,0,,,False
qwen|mathqa,qwen,mathqa,all5,russian_vs_spanish,False,spanish,ALL,-1,,2000,351,0.1755,0.7464387464387464,0.3732193732193732,133,129,0.5076335877862596,0.01526717557251911,True
qwen|mathqa,qwen,mathqa,all5,russian_vs_spanish,False,spanish,0.0000,0,0.0,146,55,0.3767123287671233,0.0,0.0,0,0,,,True
qwen|mathqa,qwen,mathqa,all5,russian_vs_spanish,False,spanish,0.2000,1,0.19999999999999996,86,48,0.5581395348837209,0.6458333333333334,0.3229166666666667,14,17,0.45161290322580644,-0.09677419354838712,True
qwen|mathqa,qwen,mathqa,all5,russian_vs_spanish,False,spanish,0.4000,2,0.39999999999999997,118,81,0.6864406779661016,0.8271604938271605,0.41358024691358025,38,29,0.5671641791044776,0.13432835820895517,True
qwen|mathqa,qwen,mathqa,all5,russian_vs_spanish,False,spanish,0.6000,3,0.5999999999999999,178,90,0.5056179775280899,0.9666666666666667,0.48333333333333334,42,45,0.4827586206896552,-0.03448275862068961,True
qwen|mathqa,qwen,mathqa,all5,russian_vs_spanish,False,spanish,0.8000,4,0.7999999999999999,268,77,0.2873134328358209,1.0,0.5,39,38,0.5064935064935064,0.01298701298701288,True
qwen|mathqa,qwen,mathqa,all5,russian_vs_spanish,False,spanish,1.0000,5,1.0,1204,0,0.0,,,0,0,,,False
qwen|mmlu,qwen,mmlu,all5,chinese_vs_japanese,False,chinese,ALL,-1,,2000,539,0.2695,0.75139146567718,0.37569573283859,221,184,0.5456790123456791,0.09135802469135812,True
qwen|mmlu,qwen,mmlu,all5,chinese_vs_japanese,False,chinese,0.0000,0,0.0,187,70,0.37433155080213903,0.0,0.0,0,0,,,True
qwen|mmlu,qwen,mmlu,all5,chinese_vs_japanese,False,chinese,0.2000,1,0.19999999999999996,140,87,0.6214285714285714,0.6091954022988506,0.3045977011494253,26,27,0.49056603773584906,-0.018867924528301883,True
qwen|mmlu,qwen,mmlu,all5,chinese_vs_japanese,False,chinese,0.4000,2,0.3999999999999999,151,112,0.7417218543046358,0.8392857142857143,0.41964285714285715,42,52,0.44680851063829785,-0.1063829787234043,True
qwen|mmlu,qwen,mmlu,all5,chinese_vs_japanese,False,chinese,0.6000,3,0.5999999999999999,195,123,0.6307692307692307,0.9024390243902439,0.45121951219512196,67,44,0.6036036036036037,0.2072072072072073,True
qwen|mmlu,qwen,mmlu,all5,chinese_vs_japanese,False,chinese,0.8000,4,0.7999999999999999,283,147,0.519434628975265,1.0,0.5,86,61,0.5850340136054422,0.17006802721088432,True
qwen|mmlu,qwen,mmlu,all5,chinese_vs_japanese,False,chinese,1.0000,5,1.0,1044,0,0.0,,,0,0,,,False
qwen|mmlu,qwen,mmlu,all5,chinese_vs_russian,False,russian,ALL,-1,,2000,505,0.2525,0.7524752475247525,0.37623762376237624,192,188,0.5052631578947369,0.010526315789473717,True
qwen|mmlu,qwen,mmlu,all5,chinese_vs_russian,False,russian,0.0000,0,0.0,187,68,0.36363636363636365,0.0,0.0,0,0,,,True
qwen|mmlu,qwen,mmlu,all5,chinese_vs_russian,False,russian,0.2000,1,0.19999999999999996,140,81,0.5785714285714286,0.6049382716049383,0.30246913580246915,23,26,0.46938775510204084,-0.061224489795918324,True
qwen|mmlu,qwen,mmlu,all5,chinese_vs_russian,False,russian,0.4000,2,0.3999999999999999,151,101,0.6688741721854304,0.7920792079207921,0.39603960396039606,43,37,0.5375,0.07499999999999996,True
qwen|mmlu,qwen,mmlu,all5,chinese_vs_russian,False,russian,0.6000,3,0.5999999999999999,195,130,0.6666666666666666,0.9692307692307692,0.4846153846153846,65,61,0.5158730158730159,0.031746031746031855,True
qwen|mmlu,qwen,mmlu,all5,chinese_vs_russian,False,russian,0.8000,4,0.7999999999999999,283,125,0.4416961130742049,1.0,0.5,61,64,0.488,-0.02400000000000002,True
qwen|mmlu,qwen,mmlu,all5,chinese_vs_russian,False,russian,1.0000,5,1.0,1044,0,0.0,,,0,0,,,False
qwen|mmlu,qwen,mmlu,all5,chinese_vs_spanish,False,spanish,ALL,-1,,2000,490,0.245,0.7653061224489796,0.3826530612244898,190,185,0.5066666666666667,0.01333333333333342,True
qwen|mmlu,qwen,mmlu,all5,chinese_vs_spanish,False,spanish,0.0000,0,0.0,187,65,0.34759358288770054,0.0,0.0,0,0,,,True
qwen|mmlu,qwen,mmlu,all5,chinese_vs_spanish,False,spanish,0.2000,1,0.19999999999999996,140,82,0.5857142857142857,0.6341463414634146,0.3170731707317073,26,26,0.5,0.0,True
qwen|mmlu,qwen,mmlu,all5,chinese_vs_spanish,False,spanish,0.4000,2,0.3999999999999999,151,105,0.695364238410596,0.819047619047619,0.4095238095238095,38,48,0.4418604651162791,-0.11627906976744184,True
qwen|mmlu,qwen,mmlu,all5,chinese_vs_spanish,False,spanish,0.6000,3,0.5999999999999999,195,125,0.6410256410256411,0.992,0.496,65,59,0.5241935483870968,0.048387096774193505,True
qwen|mmlu,qwen,mmlu,all5,chinese_vs_spanish,False,spanish,0.8000,4,0.7999999999999999,283,113,0.3992932862190813,1.0,0.5,61,52,0.5398230088495575,0.07964601769911495,True
qwen|mmlu,qwen,mmlu,all5,chinese_vs_spanish,False,spanish,1.0000,5,1.0,1044,0,0.0,,,0,0,,,False
qwen|mmlu,qwen,mmlu,all5,english_vs_chinese,True,english,ALL,-1,,2000,449,0.2245,0.7839643652561247,0.39198218262806234,222,130,0.6306818181818182,0.26136363636363646,True
qwen|mmlu,qwen,mmlu,all5,english_vs_chinese,True,english,0.0000,0,0.0,187,57,0.3048128342245989,0.0,0.0,0,0,,,True
qwen|mmlu,qwen,mmlu,all5,english_vs_chinese,True,english,0.2000,1,0.19999999999999996,140,86,0.6142857142857143,0.7441860465116279,0.37209302325581395,38,26,0.59375,0.1875,True
qwen|mmlu,qwen,mmlu,all5,english_vs_chinese,True,english,0.4000,2,0.3999999999999999,151,113,0.7483443708609272,0.8672566371681416,0.4336283185840708,57,41,0.5816326530612245,0.16326530612244894,True
qwen|mmlu,qwen,mmlu,all5,english_vs_chinese,True,english,0.6000,3,0.5999999999999999,195,112,0.5743589743589743,0.9732142857142857,0.48660714285714285,66,43,0.6055045871559633,0.21100917431192667,True
qwen|mmlu,qwen,mmlu,all5,english_vs_chinese,True,english,0.8000,4,0.7999999999999999,283,81,0.2862190812720848,1.0,0.5,61,20,0.7530864197530864,0.5061728395061729,True
qwen|mmlu,qwen,mmlu,all5,english_vs_chinese,True,english,1.0000,5,1.0,1044,0,0.0,,,0,0,,,False
qwen|mmlu,qwen,mmlu,all5,english_vs_japanese,True,english,ALL,-1,,2000,481,0.2405,0.8004158004158004,0.4002079002079002,257,128,0.6675324675324675,0.33506493506493507,True
qwen|mmlu,qwen,mmlu,all5,english_vs_japanese,True,english,0.0000,0,0.0,187,60,0.32085561497326204,0.0,0.0,0,0,,,True
qwen|mmlu,qwen,mmlu,all5,english_vs_japanese,True,english,0.2000,1,0.19999999999999996,140,84,0.6,0.7738095238095238,0.3869047619047619,38,27,0.5846153846153846,0.1692307692307693,True
qwen|mmlu,qwen,mmlu,all5,english_vs_japanese,True,english,0.4000,2,0.3999999999999999,151,100,0.6622516556291391,0.9,0.45,48,42,0.5333333333333333,0.06666666666666665,True
qwen|mmlu,qwen,mmlu,all5,english_vs_japanese,True,english,0.6000,3,0.5999999999999999,195,131,0.6717948717948717,0.9465648854961832,0.4732824427480916,85,39,0.6854838709677419,0.37096774193548376,True
qwen|mmlu,qwen,mmlu,all5,english_vs_japanese,True,english,0.8000,4,0.7999999999999999,283,106,0.3745583038869258,1.0,0.5,86,20,0.8113207547169812,0.6226415094339623,True
qwen|mmlu,qwen,mmlu,all5,english_vs_japanese,True,english,1.0000,5,1.0,1044,0,0.0,,,0,0,,,False
qwen|mmlu,qwen,mmlu,all5,english_vs_russian,True,english,ALL,-1,,2000,442,0.221,0.8009049773755657,0.4004524886877828,221,133,0.6242937853107344,0.24858757062146886,True
qwen|mmlu,qwen,mmlu,all5,english_vs_russian,True,english,0.0000,0,0.0,187,55,0.29411764705882354,0.0,0.0,0,0,,,True
qwen|mmlu,qwen,mmlu,all5,english_vs_russian,True,english,0.2000,1,0.19999999999999996,140,84,0.6,0.7261904761904762,0.3630952380952381,38,23,0.6229508196721312,0.24590163934426235,True
qwen|mmlu,qwen,mmlu,all5,english_vs_russian,True,english,0.4000,2,0.3999999999999999,151,107,0.7086092715231788,0.9345794392523364,0.4672897196261682,55,45,0.55,0.10000000000000009,True
qwen|mmlu,qwen,mmlu,all5,english_vs_russian,True,english,0.6000,3,0.5999999999999999,195,112,0.5743589743589743,0.9732142857142857,0.48660714285714285,64,45,0.5871559633027523,0.17431192660550465,True
qwen|mmlu,qwen,mmlu,all5,english_vs_russian,True,english,0.8000,4,0.7999999999999999,283,84,0.2968197879858657,1.0,0.5,64,20,0.7619047619047619,0.5238095238095237,True
qwen|mmlu,qwen,mmlu,all5,english_vs_russian,True,english,1.0000,5,1.0,1044,0,0.0,,,0,0,,,False
qwen|mmlu,qwen,mmlu,all5,english_vs_spanish,True,english,ALL,-1,,2000,399,0.1995,0.8195488721804511,0.40977443609022557,207,120,0.6330275229357798,0.2660550458715596,True
qwen|mmlu,qwen,mmlu,all5,english_vs_spanish,True,english,0.0000,0,0.0,187,42,0.22459893048128343,0.0,0.0,0,0,,,True
qwen|mmlu,qwen,mmlu,all5,english_vs_spanish,True,english,0.2000,1,0.19999999999999996,140,79,0.5642857142857143,0.810126582278481,0.4050632911392405,38,26,0.59375,0.1875,True
qwen|mmlu,qwen,mmlu,all5,english_vs_spanish,True,english,0.4000,2,0.3999999999999999,151,97,0.6423841059602649,0.8865979381443299,0.44329896907216493,56,30,0.6511627906976745,0.30232558139534893,True
qwen|mmlu,qwen,mmlu,all5,english_vs_spanish,True,english,0.6000,3,0.5999999999999999,195,109,0.558974358974359,0.963302752293578,0.481651376146789,61,44,0.580952380952381,0.161904761904762,True
qwen|mmlu,qwen,mmlu,all5,english_vs_spanish,True,english,0.8000,4,0.7999999999999999,283,72,0.254416961130742,1.0,0.5,52,20,0.7222222222222222,0.4444444444444444,True
qwen|mmlu,qwen,mmlu,all5,english_vs_spanish,True,english,1.0000,5,1.0,1044,0,0.0,,,0,0,,,False
qwen|mmlu,qwen,mmlu,all5,japanese_vs_russian,False,russian,ALL,-1,,2000,546,0.273,0.7747252747252747,0.3873626373626374,232,191,0.5484633569739953,0.09692671394799057,True
qwen|mmlu,qwen,mmlu,all5,japanese_vs_russian,False,russian,0.0000,0,0.0,187,65,0.34759358288770054,0.0,0.0,0,0,,,True
qwen|mmlu,qwen,mmlu,all5,japanese_vs_russian,False,russian,0.2000,1,0.19999999999999996,140,78,0.5571428571428572,0.6410256410256411,0.32051282051282054,23,27,0.46,-0.07999999999999996,True
qwen|mmlu,qwen,mmlu,all5,japanese_vs_russian,False,russian,0.4000,2,0.3999999999999999,151,114,0.7549668874172185,0.8421052631578947,0.42105263157894735,46,50,0.4791666666666667,-0.04166666666666663,True
qwen|mmlu,qwen,mmlu,all5,japanese_vs_russian,False,russian,0.6000,3,0.5999999999999999,195,139,0.7128205128205128,0.9136690647482014,0.4568345323741007,77,50,0.6062992125984252,0.21259842519685046,True
qwen|mmlu,qwen,mmlu,all5,japanese_vs_russian,False,russian,0.8000,4,0.7999999999999999,283,150,0.5300353356890459,1.0,0.5,86,64,0.5733333333333334,0.14666666666666672,True
qwen|mmlu,qwen,mmlu,all5,japanese_vs_russian,False,russian,1.0000,5,1.0,1044,0,0.0,,,0,0,,,False
qwen|mmlu,qwen,mmlu,all5,japanese_vs_spanish,False,spanish,ALL,-1,,2000,522,0.261,0.7854406130268199,0.39272030651340994,226,184,0.551219512195122,0.102439024390244,True
qwen|mmlu,qwen,mmlu,all5,japanese_vs_spanish,False,spanish,0.0000,0,0.0,187,67,0.3582887700534759,0.0,0.0,0,0,,,True
qwen|mmlu,qwen,mmlu,all5,japanese_vs_spanish,False,spanish,0.2000,1,0.19999999999999996,140,75,0.5357142857142857,0.7066666666666667,0.35333333333333333,26,27,0.49056603773584906,-0.018867924528301883,True
qwen|mmlu,qwen,mmlu,all5,japanese_vs_spanish,False,spanish,0.4000,2,0.3999999999999999,151,103,0.6821192052980133,0.8543689320388349,0.42718446601941745,34,54,0.38636363636363635,-0.2272727272727273,True
qwen|mmlu,qwen,mmlu,all5,japanese_vs_spanish,False,spanish,0.6000,3,0.5999999999999999,195,139,0.7128205128205128,0.9424460431654677,0.4712230215827338,80,51,0.6106870229007634,0.22137404580152675,True
qwen|mmlu,qwen,mmlu,all5,japanese_vs_spanish,False,spanish,0.8000,4,0.7999999999999999,283,138,0.4876325088339223,1.0,0.5,86,52,0.6231884057971014,0.24637681159420288,True
qwen|mmlu,qwen,mmlu,all5,japanese_vs_spanish,False,spanish,1.0000,5,1.0,1044,0,0.0,,,0,0,,,False
qwen|mmlu,qwen,mmlu,all5,russian_vs_spanish,False,spanish,ALL,-1,,2000,450,0.225,0.7933333333333333,0.39666666666666667,179,178,0.5014005602240896,0.0028011204481792618,True
qwen|mmlu,qwen,mmlu,all5,russian_vs_spanish,False,spanish,0.0000,0,0.0,187,47,0.25133689839572193,0.0,0.0,0,0,,,True
qwen|mmlu,qwen,mmlu,all5,russian_vs_spanish,False,spanish,0.2000,1,0.19999999999999996,140,76,0.5428571428571428,0.6447368421052632,0.3223684210526316,26,23,0.5306122448979592,0.061224489795918435,True
qwen|mmlu,qwen,mmlu,all5,russian_vs_spanish,False,spanish,0.4000,2,0.3999999999999999,151,102,0.6754966887417219,0.8627450980392157,0.43137254901960786,36,52,0.4090909090909091,-0.18181818181818177,True
qwen|mmlu,qwen,mmlu,all5,russian_vs_spanish,False,spanish,0.6000,3,0.5999999999999999,195,109,0.558974358974359,0.9541284403669725,0.47706422018348627,53,51,0.5096153846153846,0.019230769230769162,True
qwen|mmlu,qwen,mmlu,all5,russian_vs_spanish,False,spanish,0.8000,4,0.7999999999999999,283,116,0.4098939929328622,1.0,0.5,64,52,0.5517241379310345,0.10344827586206895,True
qwen|mmlu,qwen,mmlu,all5,russian_vs_spanish,False,spanish,1.0000,5,1.0,1044,0,0.0,,,0,0,,,False
qwen|truthfulqa,qwen,truthfulqa,all5,chinese_vs_japanese,False,chinese,ALL,-1,,817,204,0.24969400244798043,0.7598039215686274,0.3799019607843137,107,48,0.6903225806451613,0.38064516129032255,True
qwen|truthfulqa,qwen,truthfulqa,all5,chinese_vs_japanese,False,chinese,0.0000,0,0.0,91,30,0.32967032967032966,0.0,0.0,0,0,,,True
qwen|truthfulqa,qwen,truthfulqa,all5,chinese_vs_japanese,False,chinese,0.2000,1,0.1999999999999999,47,27,0.574468085106383,0.6666666666666666,0.3333333333333333,13,5,0.7222222222222222,0.4444444444444444,False
qwen|truthfulqa,qwen,truthfulqa,all5,chinese_vs_japanese,False,chinese,0.4000,2,0.39999999999999986,61,40,0.6557377049180327,0.85,0.425,20,14,0.5882352941176471,0.17647058823529416,True
qwen|truthfulqa,qwen,truthfulqa,all5,chinese_vs_japanese,False,chinese,0.6000,3,0.6,83,50,0.6024096385542169,0.92,0.46,27,19,0.5869565217391305,0.17391304347826098,True
qwen|truthfulqa,qwen,truthfulqa,all5,chinese_vs_japanese,False,chinese,0.8000,4,0.7999999999999999,129,57,0.4418604651162791,1.0,0.5,47,10,0.8245614035087719,0.6491228070175439,True
qwen|truthfulqa,qwen,truthfulqa,all5,chinese_vs_japanese,False,chinese,1.0000,5,1.0,406,0,0.0,,,0,0,,,False
qwen|truthfulqa,qwen,truthfulqa,all5,chinese_vs_russian,False,chinese,ALL,-1,,817,208,0.25458996328029376,0.7211538461538461,0.3605769230769231,92,58,0.6133333333333333,0.22666666666666657,True
qwen|truthfulqa,qwen,truthfulqa,all5,chinese_vs_russian,False,chinese,0.0000,0,0.0,91,31,0.34065934065934067,0.0,0.0,0,0,,,True
qwen|truthfulqa,qwen,truthfulqa,all5,chinese_vs_russian,False,chinese,0.2000,1,0.1999999999999999,47,37,0.7872340425531915,0.6486486486486487,0.32432432432432434,13,11,0.5416666666666666,0.08333333333333326,True
qwen|truthfulqa,qwen,truthfulqa,all5,chinese_vs_russian,False,chinese,0.4000,2,0.39999999999999986,61,47,0.7704918032786885,0.7659574468085106,0.3829787234042553,20,16,0.5555555555555556,0.11111111111111116,True
qwen|truthfulqa,qwen,truthfulqa,all5,chinese_vs_russian,False,chinese,0.6000,3,0.6,83,50,0.6024096385542169,0.94,0.47,26,21,0.5531914893617021,0.1063829787234043,True
qwen|truthfulqa,qwen,truthfulqa,all5,chinese_vs_russian,False,chinese,0.8000,4,0.7999999999999999,129,43,0.3333333333333333,1.0,0.5,33,10,0.7674418604651163,0.5348837209302326,True
qwen|truthfulqa,qwen,truthfulqa,all5,chinese_vs_russian,False,chinese,1.0000,5,1.0,406,0,0.0,,,0,0,,,False
qwen|truthfulqa,qwen,truthfulqa,all5,chinese_vs_spanish,False,chinese,ALL,-1,,817,203,0.2484700122399021,0.7635467980295566,0.3817733990147783,87,68,0.5612903225806452,0.1225806451612903,True
qwen|truthfulqa,qwen,truthfulqa,all5,chinese_vs_spanish,False,chinese,0.0000,0,0.0,91,33,0.3626373626373626,0.0,0.0,0,0,,,True
qwen|truthfulqa,qwen,truthfulqa,all5,chinese_vs_spanish,False,chinese,0.2000,1,0.1999999999999999,47,33,0.7021276595744681,0.7575757575757576,0.3787878787878788,13,12,0.52,0.040000000000000036,True
qwen|truthfulqa,qwen,truthfulqa,all5,chinese_vs_spanish,False,chinese,0.4000,2,0.39999999999999986,61,47,0.7704918032786885,0.8723404255319149,0.43617021276595747,22,19,0.5365853658536586,0.07317073170731714,True
qwen|truthfulqa,qwen,truthfulqa,all5,chinese_vs_spanish,False,chinese,0.6000,3,0.6,83,55,0.6626506024096386,0.9818181818181818,0.4909090909090909,27,27,0.5,0.0,True
qwen|truthfulqa,qwen,truthfulqa,all5,chinese_vs_spanish,False,chinese,0.8000,4,0.7999999999999999,129,35,0.2713178294573643,1.0,0.5,25,10,0.7142857142857143,0.4285714285714286,True
qwen|truthfulqa,qwen,truthfulqa,all5,chinese_vs_spanish,False,chinese,1.0000,5,1.0,406,0,0.0,,,0,0,,,False
qwen|truthfulqa,qwen,truthfulqa,all5,english_vs_chinese,True,chinese,ALL,-1,,817,182,0.22276621787025705,0.7197802197802198,0.3598901098901099,70,61,0.5343511450381679,0.06870229007633588,True
qwen|truthfulqa,qwen,truthfulqa,all5,english_vs_chinese,True,chinese,0.0000,0,0.0,91,30,0.32967032967032966,0.0,0.0,0,0,,,True
qwen|truthfulqa,qwen,truthfulqa,all5,english_vs_chinese,True,chinese,0.2000,1,0.1999999999999999,47,31,0.6595744680851063,0.6129032258064516,0.3064516129032258,13,6,0.6842105263157895,0.368421052631579,True
qwen|truthfulqa,qwen,truthfulqa,all5,english_vs_chinese,True,chinese,0.4000,2,0.39999999999999986,61,45,0.7377049180327869,0.8444444444444444,0.4222222222222222,19,19,0.5,0.0,True
qwen|truthfulqa,qwen,truthfulqa,all5,english_vs_chinese,True,chinese,0.6000,3,0.6,83,52,0.6265060240963856,0.9615384615384616,0.4807692307692308,24,26,0.48,-0.040000000000000036,True
qwen|truthfulqa,qwen,truthfulqa,all5,english_vs_chinese,True,chinese,0.8000,4,0.7999999999999999,129,24,0.18604651162790697,1.0,0.5,14,10,0.5833333333333334,0.16666666666666674,False
qwen|truthfulqa,qwen,truthfulqa,all5,english_vs_chinese,True,chinese,1.0000,5,1.0,406,0,0.0,,,0,0,,,False
qwen|truthfulqa,qwen,truthfulqa,all5,english_vs_japanese,True,english,ALL,-1,,817,214,0.26193390452876375,0.7757009345794392,0.3878504672897196,108,58,0.6506024096385542,0.3012048192771084,True
qwen|truthfulqa,qwen,truthfulqa,all5,english_vs_japanese,True,english,0.0000,0,0.0,91,27,0.2967032967032967,0.0,0.0,0,0,,,False
qwen|truthfulqa,qwen,truthfulqa,all5,english_vs_japanese,True,english,0.2000,1,0.1999999999999999,47,22,0.46808510638297873,0.5,0.25,6,5,0.5454545454545454,0.09090909090909083,False
qwen|truthfulqa,qwen,truthfulqa,all5,english_vs_japanese,True,english,0.4000,2,0.39999999999999986,61,50,0.819672131147541,0.84,0.42,24,18,0.5714285714285714,0.1428571428571428,True
qwen|truthfulqa,qwen,truthfulqa,all5,english_vs_japanese,True,english,0.6000,3,0.6,83,54,0.6506024096385542,0.9629629629629629,0.48148148148148145,31,21,0.5961538461538461,0.1923076923076923,True
qwen|truthfulqa,qwen,truthfulqa,all5,english_vs_japanese,True,english,0.8000,4,0.7999999999999999,129,61,0.4728682170542636,1.0,0.5,47,14,0.7704918032786885,0.540983606557377,True
qwen|truthfulqa,qwen,truthfulqa,all5,english_vs_japanese,True,english,1.0000,5,1.0,406,0,0.0,,,0,0,,,False
qwen|truthfulqa,qwen,truthfulqa,all5,english_vs_russian,True,english,ALL,-1,,817,204,0.24969400244798043,0.7696078431372549,0.38480392156862747,91,66,0.5796178343949044,0.15923566878980888,True
qwen|truthfulqa,qwen,truthfulqa,all5,english_vs_russian,True,english,0.0000,0,0.0,91,32,0.3516483516483517,0.0,0.0,0,0,,,True
qwen|truthfulqa,qwen,truthfulqa,all5,english_vs_russian,True,english,0.2000,1,0.1999999999999999,47,24,0.5106382978723404,0.7083333333333334,0.3541666666666667,6,11,0.35294117647058826,-0.2941176470588235,False
qwen|truthfulqa,qwen,truthfulqa,all5,english_vs_russian,True,english,0.4000,2,0.39999999999999986,61,49,0.8032786885245902,0.8571428571428571,0.42857142857142855,23,19,0.5476190476190477,0.09523809523809534,True
qwen|truthfulqa,qwen,truthfulqa,all5,english_vs_russian,True,english,0.6000,3,0.6,83,52,0.6265060240963856,0.9807692307692307,0.49038461538461536,29,22,0.5686274509803921,0.13725490196078427,True
qwen|truthfulqa,qwen,truthfulqa,all5,english_vs_russian,True,english,0.8000,4,0.7999999999999999,129,47,0.3643410852713178,1.0,0.5,33,14,0.7021276595744681,0.4042553191489362,True
qwen|truthfulqa,qwen,truthfulqa,all5,english_vs_russian,True,english,1.0000,5,1.0,406,0,0.0,,,0,0,,,False
qwen|truthfulqa,qwen,truthfulqa,all5,english_vs_spanish,True,english,ALL,-1,,817,161,0.19706242350061198,0.782608695652174,0.391304347826087,68,58,0.5396825396825397,0.0793650793650793,True
qwen|truthfulqa,qwen,truthfulqa,all5,english_vs_spanish,True,english,0.0000,0,0.0,91,23,0.25274725274725274,0.0,0.0,0,0,,,False
qwen|truthfulqa,qwen,truthfulqa,all5,english_vs_spanish,True,english,0.2000,1,0.1999999999999999,47,24,0.5106382978723404,0.75,0.375,6,12,0.3333333333333333,-0.33333333333333337,False
qwen|truthfulqa,qwen,truthfulqa,all5,english_vs_spanish,True,english,0.4000,2,0.39999999999999986,61,30,0.4918032786885246,0.9,0.45,15,12,0.5555555555555556,0.11111111111111116,True
qwen|truthfulqa,qwen,truthfulqa,all5,english_vs_spanish,True,english,0.6000,3,0.6,83,45,0.5421686746987951,0.9333333333333333,0.4666666666666667,22,20,0.5238095238095238,0.04761904761904767,True
qwen|truthfulqa,qwen,truthfulqa,all5,english_vs_spanish,True,english,0.8000,4,0.7999999999999999,129,39,0.3023255813953488,1.0,0.5,25,14,0.6410256410256411,0.28205128205128216,True
qwen|truthfulqa,qwen,truthfulqa,all5,english_vs_spanish,True,english,1.0000,5,1.0,406,0,0.0,,,0,0,,,False
qwen|truthfulqa,qwen,truthfulqa,all5,japanese_vs_russian,False,russian,ALL,-1,,817,230,0.28151774785801714,0.7782608695652173,0.38913043478260867,102,77,0.5698324022346368,0.13966480446927365,True
qwen|truthfulqa,qwen,truthfulqa,all5,japanese_vs_russian,False,russian,0.0000,0,0.0,91,31,0.34065934065934067,0.0,0.0,0,0,,,True
qwen|truthfulqa,qwen,truthfulqa,all5,japanese_vs_russian,False,russian,0.2000,1,0.1999999999999999,47,27,0.574468085106383,0.5925925925925926,0.2962962962962963,11,5,0.6875,0.375,False
qwen|truthfulqa,qwen,truthfulqa,all5,japanese_vs_russian,False,russian,0.4000,2,0.39999999999999986,61,36,0.5901639344262295,0.7777777777777778,0.3888888888888889,15,13,0.5357142857142857,0.0714285714285714,True
qwen|truthfulqa,qwen,truthfulqa,all5,japanese_vs_russian,False,russian,0.6000,3,0.6,83,56,0.6746987951807228,0.9821428571428571,0.49107142857142855,29,26,0.5272727272727272,0.05454545454545445,True
qwen|truthfulqa,qwen,truthfulqa,all5,japanese_vs_russian,False,russian,0.8000,4,0.7999999999999999,129,80,0.6201550387596899,1.0,0.5,47,33,0.5875,0.17500000000000004,True
qwen|truthfulqa,qwen,truthfulqa,all5,japanese_vs_russian,False,russian,1.0000,5,1.0,406,0,0.0,,,0,0,,,False
qwen|truthfulqa,qwen,truthfulqa,all5,japanese_vs_spanish,False,spanish,ALL,-1,,817,231,0.2827417380660955,0.7792207792207793,0.38961038961038963,110,70,0.6111111111111112,0.22222222222222232,True
qwen|truthfulqa,qwen,truthfulqa,all5,japanese_vs_spanish,False,spanish,0.0000,0,0.0,91,26,0.2857142857142857,0.0,0.0,0,0,,,False
qwen|truthfulqa,qwen,truthfulqa,all5,japanese_vs_spanish,False,spanish,0.2000,1,0.1999999999999999,47,28,0.5957446808510638,0.6071428571428571,0.30357142857142855,12,5,0.7058823529411765,0.41176470588235303,False
qwen|truthfulqa,qwen,truthfulqa,all5,japanese_vs_spanish,False,spanish,0.4000,2,0.39999999999999986,61,48,0.7868852459016393,0.8125,0.40625,21,18,0.5384615384615384,0.07692307692307687,True
qwen|truthfulqa,qwen,truthfulqa,all5,japanese_vs_spanish,False,spanish,0.6000,3,0.6,83,57,0.6867469879518072,0.9122807017543859,0.45614035087719296,30,22,0.5769230769230769,0.15384615384615374,True
qwen|truthfulqa,qwen,truthfulqa,all5,japanese_vs_spanish,False,spanish,0.8000,4,0.7999999999999999,129,72,0.5581395348837209,1.0,0.5,47,25,0.6527777777777778,0.3055555555555556,True
qwen|truthfulqa,qwen,truthfulqa,all5,japanese_vs_spanish,False,spanish,1.0000,5,1.0,406,0,0.0,,,0,0,,,False
qwen|truthfulqa,qwen,truthfulqa,all5,russian_vs_spanish,False,spanish,ALL,-1,,817,217,0.26560587515299877,0.7788018433179723,0.38940092165898615,92,77,0.5443786982248521,0.08875739644970415,True
qwen|truthfulqa,qwen,truthfulqa,all5,russian_vs_spanish,False,spanish,0.0000,0,0.0,91,35,0.38461538461538464,0.0,0.0,0,0,,,True
qwen|truthfulqa,qwen,truthfulqa,all5,russian_vs_spanish,False,spanish,0.2000,1,0.1999999999999999,47,28,0.5957446808510638,0.8214285714285714,0.4107142857142857,12,11,0.5217391304347826,0.04347826086956519,False
qwen|truthfulqa,qwen,truthfulqa,all5,russian_vs_spanish,False,spanish,0.4000,2,0.39999999999999986,61,43,0.7049180327868853,0.9069767441860465,0.45348837209302323,20,19,0.5128205128205128,0.02564102564102555,True
qwen|truthfulqa,qwen,truthfulqa,all5,russian_vs_spanish,False,spanish,0.6000,3,0.6,83,53,0.6385542168674698,0.9245283018867925,0.46226415094339623,27,22,0.5510204081632653,0.1020408163265305,True
qwen|truthfulqa,qwen,truthfulqa,all5,russian_vs_spanish,False,spanish,0.8000,4,0.7999999999999999,129,58,0.4496124031007752,1.0,0.5,33,25,0.5689655172413793,0.13793103448275867,True
qwen|truthfulqa,qwen,truthfulqa,all5,russian_vs_spanish,False,spanish,1.0000,5,1.0,406,0,0.0,,,0,0,,,False
deepseek|commonsenseqa,deepseek,commonsenseqa,cross_model,chinese_vs_japanese,False,chinese,ALL,-1,,2000,416,0.208,0.7884615384615384,0.3942307692307692,177,151,0.5396341463414634,0.0792682926829269,True
deepseek|commonsenseqa,deepseek,commonsenseqa,cross_model,chinese_vs_japanese,False,chinese,S0,0,0.15863247863247862,390,143,0.36666666666666664,0.5734265734265734,0.2867132867132867,44,38,0.5365853658536586,0.07317073170731714,True
deepseek|commonsenseqa,deepseek,commonsenseqa,cross_model,chinese_vs_japanese,False,chinese,S1,1,0.5413762287756926,373,153,0.4101876675603217,0.8823529411764706,0.4411764705882353,77,58,0.5703703703703704,0.14074074074074083,True
deepseek|commonsenseqa,deepseek,commonsenseqa,cross_model,chinese_vs_japanese,False,chinese,S2,2,0.8117647058823528,391,85,0.21739130434782608,0.9176470588235294,0.4588235294117647,33,45,0.4230769230769231,-0.15384615384615385,True
deepseek|commonsenseqa,deepseek,commonsenseqa,cross_model,chinese_vs_japanese,False,chinese,S3,3,0.9333333333333335,203,23,0.11330049261083744,0.9130434782608695,0.45652173913043476,13,8,0.6190476190476191,0.23809523809523814,False
deepseek|commonsenseqa,deepseek,commonsenseqa,cross_model,chinese_vs_japanese,False,chinese,S4,4,1.0,643,12,0.01866251944012442,1.0,0.5,10,2,0.8333333333333334,0.6666666666666667,False
deepseek|commonsenseqa,deepseek,commonsenseqa,cross_model,chinese_vs_russian,False,chinese,ALL,-1,,2000,460,0.23,0.7978260869565217,0.39891304347826084,185,182,0.5040871934604905,0.008174386920980936,True
deepseek|commonsenseqa,deepseek,commonsenseqa,cross_model,chinese_vs_russian,False,chinese,S0,0,0.15863247863247862,390,174,0.4461538461538462,0.6149425287356322,0.3074712643678161,50,57,0.4672897196261682,-0.06542056074766356,True
deepseek|commonsenseqa,deepseek,commonsenseqa,cross_model,chinese_vs_russian,False,chinese,S1,1,0.5413762287756926,373,157,0.42091152815013405,0.8662420382165605,0.43312101910828027,67,69,0.49264705882352944,-0.014705882352941124,True
deepseek|commonsenseqa,deepseek,commonsenseqa,cross_model,chinese_vs_russian,False,chinese,S2,2,0.8117647058823528,391,88,0.22506393861892582,0.9659090909090909,0.48295454545454547,43,42,0.5058823529411764,0.0117647058823529,True
deepseek|commonsenseqa,deepseek,commonsenseqa,cross_model,chinese_vs_russian,False,chinese,S3,3,0.9333333333333335,203,25,0.12315270935960591,0.92,0.46,14,9,0.6086956521739131,0.21739130434782616,False
deepseek|commonsenseqa,deepseek,commonsenseqa,cross_model,chinese_vs_russian,False,chinese,S4,4,1.0,643,16,0.024883359253499222,1.0,0.5,11,5,0.6875,0.375,False
deepseek|commonsenseqa,deepseek,commonsenseqa,cross_model,chinese_vs_spanish,False,spanish,ALL,-1,,2000,436,0.218,0.786697247706422,0.393348623853211,182,161,0.5306122448979592,0.061224489795918435,True
deepseek|commonsenseqa,deepseek,commonsenseqa,cross_model,chinese_vs_spanish,False,spanish,S0,0,0.15863247863247862,390,174,0.4461538461538462,0.5919540229885057,0.2959770114942529,56,47,0.5436893203883495,0.08737864077669899,True
deepseek|commonsenseqa,deepseek,commonsenseqa,cross_model,chinese_vs_spanish,False,spanish,S1,1,0.5413762287756926,373,146,0.3914209115281501,0.8972602739726028,0.4486301369863014,67,64,0.5114503816793893,0.022900763358778553,True
deepseek|commonsenseqa,deepseek,commonsenseqa,cross_model,chinese_vs_spanish,False,spanish,S2,2,0.8117647058823528,391,84,0.21483375959079284,0.9523809523809523,0.47619047619047616,48,32,0.6,0.19999999999999996,True
deepseek|commonsenseqa,deepseek,commonsenseqa,cross_model,chinese_vs_spanish,False,spanish,S3,3,0.9333333333333335,203,18,0.08866995073891626,0.8333333333333334,0.4166666666666667,6,9,0.4,-0.19999999999999996,False
deepseek|commonsenseqa,deepseek,commonsenseqa,cross_model,chinese_vs_spanish,False,spanish,S4,4,1.0,643,14,0.02177293934681182,1.0,0.5,5,9,0.35714285714285715,-0.2857142857142857,False
deepseek|commonsenseqa,deepseek,commonsenseqa,cross_model,english_vs_chinese,True,english,ALL,-1,,2000,405,0.2025,0.8098765432098766,0.4049382716049383,240,88,0.7317073170731707,0.46341463414634143,True
deepseek|commonsenseqa,deepseek,commonsenseqa,cross_model,english_vs_chinese,True,english,S0,0,0.15863247863247862,390,189,0.4846153846153846,0.671957671957672,0.335978835978836,91,36,0.7165354330708661,0.4330708661417322,True
deepseek|commonsenseqa,deepseek,commonsenseqa,cross_model,english_vs_chinese,True,english,S1,1,0.5413762287756926,373,125,0.3351206434316354,0.92,0.46,85,30,0.7391304347826086,0.4782608695652173,True
deepseek|commonsenseqa,deepseek,commonsenseqa,cross_model,english_vs_chinese,True,english,S2,2,0.8117647058823528,391,68,0.17391304347826086,0.9411764705882353,0.47058823529411764,47,17,0.734375,0.46875,True
deepseek|commonsenseqa,deepseek,commonsenseqa,cross_model,english_vs_chinese,True,english,S3,3,0.9333333333333335,203,17,0.08374384236453201,0.9411764705882353,0.47058823529411764,12,4,0.75,0.5,False
deepseek|commonsenseqa,deepseek,commonsenseqa,cross_model,english_vs_chinese,True,english,S4,4,1.0,643,6,0.00933125972006221,1.0,0.5,5,1,0.8333333333333334,0.6666666666666667,False
deepseek|commonsenseqa,deepseek,commonsenseqa,cross_model,english_vs_japanese,True,english,ALL,-1,,2000,425,0.2125,0.8470588235294118,0.4235294117647059,269,91,0.7472222222222222,0.49444444444444446,True
deepseek|commonsenseqa,deepseek,commonsenseqa,cross_model,english_vs_japanese,True,english,S0,0,0.15863247863247862,390,185,0.47435897435897434,0.7081081081081081,0.35405405405405405,96,35,0.732824427480916,0.46564885496183206,True
deepseek|commonsenseqa,deepseek,commonsenseqa,cross_model,english_vs_japanese,True,english,S1,1,0.5413762287756926,373,142,0.3806970509383378,0.9436619718309859,0.47183098591549294,104,30,0.7761194029850746,0.5522388059701493,True
deepseek|commonsenseqa,deepseek,commonsenseqa,cross_model,english_vs_japanese,True,english,S2,2,0.8117647058823528,391,62,0.1585677749360614,0.967741935483871,0.4838709677419355,39,21,0.65,0.30000000000000004,True
deepseek|commonsenseqa,deepseek,commonsenseqa,cross_model,english_vs_japanese,True,english,S3,3,0.9333333333333335,203,22,0.10837438423645321,0.9545454545454546,0.4772727272727273,17,4,0.8095238095238095,0.6190476190476191,False
deepseek|commonsenseqa,deepseek,commonsenseqa,cross_model,english_vs_japanese,True,english,S4,4,1.0,643,14,0.02177293934681182,1.0,0.5,13,1,0.9285714285714286,0.8571428571428572,False
deepseek|commonsenseqa,deepseek,commonsenseqa,cross_model,english_vs_russian,True,english,ALL,-1,,2000,407,0.2035,0.828009828009828,0.414004914004914,246,91,0.7299703264094956,0.4599406528189911,True
deepseek|commonsenseqa,deepseek,commonsenseqa,cross_model,english_vs_russian,True,english,S0,0,0.15863247863247862,390,189,0.4846153846153846,0.708994708994709,0.3544973544973545,91,43,0.6791044776119403,0.3582089552238805,True
deepseek|commonsenseqa,deepseek,commonsenseqa,cross_model,english_vs_russian,True,english,S1,1,0.5413762287756926,373,119,0.3190348525469169,0.8991596638655462,0.4495798319327731,80,27,0.7476635514018691,0.49532710280373826,True
deepseek|commonsenseqa,deepseek,commonsenseqa,cross_model,english_vs_russian,True,english,S2,2,0.8117647058823528,391,67,0.17135549872122763,0.9701492537313433,0.48507462686567165,48,17,0.7384615384615385,0.476923076923077,True
deepseek|commonsenseqa,deepseek,commonsenseqa,cross_model,english_vs_russian,True,english,S3,3,0.9333333333333335,203,20,0.09852216748768473,0.95,0.475,16,3,0.8421052631578947,0.6842105263157894,False
deepseek|commonsenseqa,deepseek,commonsenseqa,cross_model,english_vs_russian,True,english,S4,4,1.0,643,12,0.01866251944012442,1.0,0.5,11,1,0.9166666666666666,0.8333333333333333,False
deepseek|commonsenseqa,deepseek,commonsenseqa,cross_model,english_vs_spanish,True,english,ALL,-1,,2000,351,0.1755,0.8233618233618234,0.4116809116809117,210,79,0.726643598615917,0.45328719723183397,True
deepseek|commonsenseqa,deepseek,commonsenseqa,cross_model,english_vs_spanish,True,english,S0,0,0.15863247863247862,390,146,0.37435897435897436,0.6712328767123288,0.3356164383561644,72,26,0.7346938775510204,0.4693877551020409,True
deepseek|commonsenseqa,deepseek,commonsenseqa,cross_model,english_vs_spanish,True,english,S1,1,0.5413762287756926,373,125,0.3351206434316354,0.928,0.464,84,32,0.7241379310344828,0.4482758620689655,True
deepseek|commonsenseqa,deepseek,commonsenseqa,cross_model,english_vs_spanish,True,english,S2,2,0.8117647058823528,391,54,0.13810741687979539,0.9259259259259259,0.46296296296296297,32,18,0.64,0.28,True
deepseek|commonsenseqa,deepseek,commonsenseqa,cross_model,english_vs_spanish,True,english,S3,3,0.9333333333333335,203,16,0.07881773399014778,0.9375,0.46875,13,2,0.8666666666666667,0.7333333333333334,False
deepseek|commonsenseqa,deepseek,commonsenseqa,cross_model,english_vs_spanish,True,english,S4,4,1.0,643,10,0.015552099533437015,1.0,0.5,9,1,0.9,0.8,False
deepseek|commonsenseqa,deepseek,commonsenseqa,cross_model,japanese_vs_russian,False,russian,ALL,-1,,2000,479,0.2395,0.824634655532359,0.4123173277661795,209,186,0.529113924050633,0.05822784810126591,True
deepseek|commonsenseqa,deepseek,commonsenseqa,cross_model,japanese_vs_russian,False,russian,S0,0,0.15863247863247862,390,166,0.4256410256410256,0.6325301204819277,0.31626506024096385,59,46,0.5619047619047619,0.12380952380952381,True
deepseek|commonsenseqa,deepseek,commonsenseqa,cross_model,japanese_vs_russian,False,russian,S1,1,0.5413762287756926,373,169,0.45308310991957107,0.8698224852071006,0.4349112426035503,84,63,0.5714285714285714,0.1428571428571428,True
deepseek|commonsenseqa,deepseek,commonsenseqa,cross_model,japanese_vs_russian,False,russian,S2,2,0.8117647058823528,391,91,0.23273657289002558,1.0,0.5,39,52,0.42857142857142855,-0.1428571428571429,True
deepseek|commonsenseqa,deepseek,commonsenseqa,cross_model,japanese_vs_russian,False,russian,S3,3,0.9333333333333335,203,33,0.1625615763546798,0.9696969696969697,0.48484848484848486,16,16,0.5,0.0,True
deepseek|commonsenseqa,deepseek,commonsenseqa,cross_model,japanese_vs_russian,False,russian,S4,4,1.0,643,20,0.03110419906687403,1.0,0.5,11,9,0.55,0.10000000000000009,False
deepseek|commonsenseqa,deepseek,commonsenseqa,cross_model,japanese_vs_spanish,False,spanish,ALL,-1,,2000,454,0.227,0.8215859030837004,0.4107929515418502,210,163,0.5630026809651475,0.126005361930295,True
deepseek|commonsenseqa,deepseek,commonsenseqa,cross_model,japanese_vs_spanish,False,spanish,S0,0,0.15863247863247862,390,159,0.4076923076923077,0.6477987421383647,0.3238993710691824,59,44,0.5728155339805825,0.14563106796116498,True
deepseek|commonsenseqa,deepseek,commonsenseqa,cross_model,japanese_vs_spanish,False,spanish,S1,1,0.5413762287756926,373,173,0.46380697050938335,0.9017341040462428,0.4508670520231214,89,67,0.5705128205128205,0.14102564102564097,True
deepseek|commonsenseqa,deepseek,commonsenseqa,cross_model,japanese_vs_spanish,False,spanish,S2,2,0.8117647058823528,391,75,0.1918158567774936,0.9333333333333333,0.4666666666666667,37,33,0.5285714285714286,0.05714285714285716,True
deepseek|commonsenseqa,deepseek,commonsenseqa,cross_model,japanese_vs_spanish,False,spanish,S3,3,0.9333333333333335,203,27,0.1330049261083744,0.8888888888888888,0.4444444444444444,13,11,0.5416666666666666,0.08333333333333326,False
deepseek|commonsenseqa,deepseek,commonsenseqa,cross_model,japanese_vs_spanish,False,spanish,S4,4,1.0,643,20,0.03110419906687403,1.0,0.5,12,8,0.6,0.19999999999999996,False
deepseek|commonsenseqa,deepseek,commonsenseqa,cross_model,russian_vs_spanish,False,spanish,ALL,-1,,2000,412,0.206,0.8058252427184466,0.4029126213592233,178,154,0.536144578313253,0.07228915662650603,True
deepseek|commonsenseqa,deepseek,commonsenseqa,cross_model,russian_vs_spanish,False,spanish,S0,0,0.15863247863247862,390,149,0.382051282051282,0.6174496644295302,0.3087248322147651,47,45,0.5108695652173914,0.021739130434782705,True
deepseek|commonsenseqa,deepseek,commonsenseqa,cross_model,russian_vs_spanish,False,spanish,S1,1,0.5413762287756926,373,142,0.3806970509383378,0.8802816901408451,0.44014084507042256,63,62,0.504,0.008000000000000007,True
deepseek|commonsenseqa,deepseek,commonsenseqa,cross_model,russian_vs_spanish,False,spanish,S2,2,0.8117647058823528,391,77,0.1969309462915601,0.948051948051948,0.474025974025974,45,28,0.6164383561643836,0.23287671232876717,True
deepseek|commonsenseqa,deepseek,commonsenseqa,cross_model,russian_vs_spanish,False,spanish,S3,3,0.9333333333333335,203,28,0.13793103448275862,0.9285714285714286,0.4642857142857143,14,12,0.5384615384615384,0.07692307692307687,False
deepseek|commonsenseqa,deepseek,commonsenseqa,cross_model,russian_vs_spanish,False,spanish,S4,4,1.0,643,16,0.024883359253499222,1.0,0.5,9,7,0.5625,0.125,False
deepseek|mathqa,deepseek,mathqa,cross_model,chinese_vs_japanese,False,chinese,ALL,-1,,2000,96,0.048,0.7708333333333334,0.3854166666666667,39,35,0.527027027027027,0.054054054054053946,True
deepseek|mathqa,deepseek,mathqa,cross_model,chinese_vs_japanese,False,chinese,S0,0,0.2889443059019119,401,81,0.20199501246882792,0.7283950617283951,0.36419753086419754,32,27,0.5423728813559322,0.0847457627118644,True
deepseek|mathqa,deepseek,mathqa,cross_model,chinese_vs_japanese,False,chinese,S1,1,0.8013925152306354,383,9,0.02349869451697128,1.0,0.5,4,5,0.4444444444444444,-0.11111111111111116,False
deepseek|mathqa,deepseek,mathqa,cross_model,chinese_vs_japanese,False,chinese,S2,2,0.9333333333333336,303,2,0.006600660066006601,1.0,0.5,0,2,0.0,-1.0,False
deepseek|mathqa,deepseek,mathqa,cross_model,chinese_vs_japanese,False,chinese,S3,3,1.0,913,4,0.004381161007667032,1.0,0.5,3,1,0.75,0.5,False
deepseek|mathqa,deepseek,mathqa,cross_model,chinese_vs_russian,False,chinese,ALL,-1,,2000,112,0.056,0.7053571428571429,0.35267857142857145,45,34,0.569620253164557,0.139240506329114,True
deepseek|mathqa,deepseek,mathqa,cross_model,chinese_vs_russian,False,chinese,S0,0,0.2889443059019119,401,93,0.23192019950124687,0.6451612903225806,0.3225806451612903,34,26,0.5666666666666667,0.1333333333333333,True
deepseek|mathqa,deepseek,mathqa,cross_model,chinese_vs_russian,False,chinese,S1,1,0.8013925152306354,383,12,0.031331592689295036,1.0,0.5,7,5,0.5833333333333334,0.16666666666666674,False
deepseek|mathqa,deepseek,mathqa,cross_model,chinese_vs_russian,False,chinese,S2,2,0.9333333333333336,303,5,0.0165016501650165,1.0,0.5,3,2,0.6,0.19999999999999996,False
deepseek|mathqa,deepseek,mathqa,cross_model,chinese_vs_russian,False,chinese,S3,3,1.0,913,2,0.002190580503833516,1.0,0.5,1,1,0.5,0.0,False
deepseek|mathqa,deepseek,mathqa,cross_model,chinese_vs_spanish,False,chinese,ALL,-1,,2000,82,0.041,0.6585365853658537,0.32926829268292684,28,26,0.5185185185185185,0.03703703703703698,True
deepseek|mathqa,deepseek,mathqa,cross_model,chinese_vs_spanish,False,chinese,S0,0,0.2889443059019119,401,73,0.18204488778054864,0.6164383561643836,0.3082191780821918,25,20,0.5555555555555556,0.11111111111111116,True
deepseek|mathqa,deepseek,mathqa,cross_model,chinese_vs_spanish,False,chinese,S1,1,0.8013925152306354,383,6,0.015665796344647518,1.0,0.5,2,4,0.3333333333333333,-0.33333333333333337,False
deepseek|mathqa,deepseek,mathqa,cross_model,chinese_vs_spanish,False,chinese,S2,2,0.9333333333333336,303,2,0.006600660066006601,1.0,0.5,1,1,0.5,0.0,False
deepseek|mathqa,deepseek,mathqa,cross_model,chinese_vs_spanish,False,chinese,S3,3,1.0,913,1,0.001095290251916758,1.0,0.5,0,1,0.0,-1.0,False
deepseek|mathqa,deepseek,mathqa,cross_model,english_vs_chinese,True,chinese,ALL,-1,,2000,102,0.051,0.7058823529411765,0.35294117647058826,39,33,0.5416666666666666,0.08333333333333326,True
deepseek|mathqa,deepseek,mathqa,cross_model,english_vs_chinese,True,chinese,S0,0,0.2889443059019119,401,89,0.22194513715710723,0.6629213483146067,0.33146067415730335,34,25,0.576271186440678,0.15254237288135597,True
deepseek|mathqa,deepseek,mathqa,cross_model,english_vs_chinese,True,chinese,S1,1,0.8013925152306354,383,8,0.020887728459530026,1.0,0.5,3,5,0.375,-0.25,False
deepseek|mathqa,deepseek,mathqa,cross_model,english_vs_chinese,True,chinese,S2,2,0.9333333333333336,303,3,0.009900990099009901,1.0,0.5,1,2,0.3333333333333333,-0.33333333333333337,False
deepseek|mathqa,deepseek,mathqa,cross_model,english_vs_chinese,True,chinese,S3,3,1.0,913,2,0.002190580503833516,1.0,0.5,1,1,0.5,0.0,False
deepseek|mathqa,deepseek,mathqa,cross_model,english_vs_japanese,True,japanese,ALL,-1,,2000,110,0.055,0.7636363636363637,0.38181818181818183,43,41,0.5119047619047619,0.023809523809523725,True
deepseek|mathqa,deepseek,mathqa,cross_model,english_vs_japanese,True,japanese,S0,0,0.2889443059019119,401,96,0.23940149625935161,0.7291666666666666,0.3645833333333333,37,33,0.5285714285714286,0.05714285714285716,True
deepseek|mathqa,deepseek,mathqa,cross_model,english_vs_japanese,True,japanese,S1,1,0.8013925152306354,383,9,0.02349869451697128,1.0,0.5,4,5,0.4444444444444444,-0.11111111111111116,False
deepseek|mathqa,deepseek,mathqa,cross_model,english_vs_japanese,True,japanese,S2,2,0.9333333333333336,303,1,0.0033003300330033004,1.0,0.5,1,0,1.0,1.0,False
deepseek|mathqa,deepseek,mathqa,cross_model,english_vs_japanese,True,japanese,S3,3,1.0,913,4,0.004381161007667032,1.0,0.5,1,3,0.25,-0.5,False
deepseek|mathqa,deepseek,mathqa,cross_model,english_vs_russian,True,english,ALL,-1,,2000,109,0.0545,0.7064220183486238,0.3532110091743119,41,36,0.5324675324675324,0.06493506493506485,True
deepseek|mathqa,deepseek,mathqa,cross_model,english_vs_russian,True,english,S0,0,0.2889443059019119,401,92,0.22942643391521197,0.6630434782608695,0.33152173913043476,30,31,0.4918032786885246,-0.016393442622950838,True
deepseek|mathqa,deepseek,mathqa,cross_model,english_vs_russian,True,english,S1,1,0.8013925152306354,383,11,0.028720626631853787,0.9090909090909091,0.45454545454545453,7,3,0.7,0.3999999999999999,False
deepseek|mathqa,deepseek,mathqa,cross_model,english_vs_russian,True,english,S2,2,0.9333333333333336,303,4,0.013201320132013201,1.0,0.5,3,1,0.75,0.5,False
deepseek|mathqa,deepseek,mathqa,cross_model,english_vs_russian,True,english,S3,3,1.0,913,2,0.002190580503833516,1.0,0.5,1,1,0.5,0.0,False
deepseek|mathqa,deepseek,mathqa,cross_model,english_vs_spanish,True,spanish,ALL,-1,,2000,86,0.043,0.6976744186046512,0.3488372093023256,32,28,0.5333333333333333,0.06666666666666665,True
deepseek|mathqa,deepseek,mathqa,cross_model,english_vs_spanish,True,spanish,S0,0,0.2889443059019119,401,76,0.18952618453865336,0.6578947368421053,0.32894736842105265,27,23,0.54,0.08000000000000007,True
deepseek|mathqa,deepseek,mathqa,cross_model,english_vs_spanish,True,spanish,S1,1,0.8013925152306354,383,6,0.015665796344647518,1.0,0.5,3,3,0.5,0.0,False
deepseek|mathqa,deepseek,mathqa,cross_model,english_vs_spanish,True,spanish,S2,2,0.9333333333333336,303,3,0.009900990099009901,1.0,0.5,1,2,0.3333333333333333,-0.33333333333333337,False
deepseek|mathqa,deepseek,mathqa,cross_model,english_vs_spanish,True,spanish,S3,3,1.0,913,1,0.001095290251916758,1.0,0.5,1,0,1.0,1.0,False
deepseek|mathqa,deepseek,mathqa,cross_model,japanese_vs_russian,False,japanese,ALL,-1,,2000,97,0.0485,0.7319587628865979,0.36597938144329895,39,32,0.5492957746478874,0.09859154929577474,True
deepseek|mathqa,deepseek,mathqa,cross_model,japanese_vs_russian,False,japanese,S0,0,0.2889443059019119,401,83,0.20698254364089774,0.6867469879518072,0.3433734939759036,30,27,0.5263157894736842,0.05263157894736836,True
deepseek|mathqa,deepseek,mathqa,cross_model,japanese_vs_russian,False,japanese,S1,1,0.8013925152306354,383,9,0.02349869451697128,1.0,0.5,6,3,0.6666666666666666,0.33333333333333326,False
deepseek|mathqa,deepseek,mathqa,cross_model,japanese_vs_russian,False,japanese,S2,2,0.9333333333333336,303,3,0.009900990099009901,1.0,0.5,3,0,1.0,1.0,False
deepseek|mathqa,deepseek,mathqa,cross_model,japanese_vs_russian,False,japanese,S3,3,1.0,913,2,0.002190580503833516,1.0,0.5,0,2,0.0,-1.0,False
deepseek|mathqa,deepseek,mathqa,cross_model,japanese_vs_spanish,False,spanish,ALL,-1,,2000,96,0.048,0.7291666666666666,0.3645833333333333,36,34,0.5142857142857142,0.02857142857142847,True
deepseek|mathqa,deepseek,mathqa,cross_model,japanese_vs_spanish,False,spanish,S0,0,0.2889443059019119,401,84,0.20947630922693267,0.6904761904761905,0.34523809523809523,29,29,0.5,0.0,True
deepseek|mathqa,deepseek,mathqa,cross_model,japanese_vs_spanish,False,spanish,S1,1,0.8013925152306354,383,7,0.018276762402088774,1.0,0.5,4,3,0.5714285714285714,0.1428571428571428,False
deepseek|mathqa,deepseek,mathqa,cross_model,japanese_vs_spanish,False,spanish,S2,2,0.9333333333333336,303,2,0.006600660066006601,1.0,0.5,0,2,0.0,-1.0,False
deepseek|mathqa,deepseek,mathqa,cross_model,japanese_vs_spanish,False,spanish,S3,3,1.0,913,3,0.0032858707557502738,1.0,0.5,3,0,1.0,1.0,False
deepseek|mathqa,deepseek,mathqa,cross_model,russian_vs_spanish,False,spanish,ALL,-1,,2000,95,0.0475,0.6842105263157895,0.34210526315789475,37,28,0.5692307692307692,0.1384615384615384,True
deepseek|mathqa,deepseek,mathqa,cross_model,russian_vs_spanish,False,spanish,S0,0,0.2889443059019119,401,79,0.1970074812967581,0.620253164556962,0.310126582278481,26,23,0.5306122448979592,0.061224489795918435,True
deepseek|mathqa,deepseek,mathqa,cross_model,russian_vs_spanish,False,spanish,S1,1,0.8013925152306354,383,10,0.02610966057441253,1.0,0.5,7,3,0.7,0.3999999999999999,False
deepseek|mathqa,deepseek,mathqa,cross_model,russian_vs_spanish,False,spanish,S2,2,0.9333333333333336,303,5,0.0165016501650165,1.0,0.5,3,2,0.6,0.19999999999999996,False
deepseek|mathqa,deepseek,mathqa,cross_model,russian_vs_spanish,False,spanish,S3,3,1.0,913,1,0.001095290251916758,1.0,0.5,1,0,1.0,1.0,False
deepseek|mmlu,deepseek,mmlu,cross_model,chinese_vs_japanese,False,chinese,ALL,-1,,2000,172,0.086,0.872093023255814,0.436046511627907,81,69,0.54,0.08000000000000007,True
deepseek|mmlu,deepseek,mmlu,cross_model,chinese_vs_japanese,False,chinese,S0,0,0.21428571428571427,378,99,0.2619047619047619,0.7878787878787878,0.3939393939393939,40,38,0.5128205128205128,0.02564102564102555,True
deepseek|mmlu,deepseek,mmlu,cross_model,chinese_vs_japanese,False,chinese,S1,1,0.691710758377425,378,53,0.1402116402116402,0.9811320754716981,0.49056603773584906,28,24,0.5384615384615384,0.07692307692307687,True
deepseek|mmlu,deepseek,mmlu,cross_model,chinese_vs_japanese,False,chinese,S2,2,0.9073129251700682,392,15,0.03826530612244898,1.0,0.5,8,7,0.5333333333333333,0.06666666666666665,False
deepseek|mmlu,deepseek,mmlu,cross_model,chinese_vs_japanese,False,chinese,S3,3,1.0,852,5,0.005868544600938967,1.0,0.5,5,0,1.0,1.0,False
deepseek|mmlu,deepseek,mmlu,cross_model,chinese_vs_russian,False,chinese,ALL,-1,,2000,160,0.08,0.83125,0.415625,72,61,0.5413533834586466,0.08270676691729317,True
deepseek|mmlu,deepseek,mmlu,cross_model,chinese_vs_russian,False,chinese,S0,0,0.21428571428571427,378,95,0.25132275132275134,0.7368421052631579,0.3684210526315789,42,28,0.6,0.19999999999999996,True
deepseek|mmlu,deepseek,mmlu,cross_model,chinese_vs_russian,False,chinese,S1,1,0.691710758377425,378,51,0.1349206349206349,0.9607843137254902,0.4803921568627451,22,27,0.4489795918367347,-0.10204081632653061,True
deepseek|mmlu,deepseek,mmlu,cross_model,chinese_vs_russian,False,chinese,S2,2,0.9073129251700682,392,12,0.030612244897959183,1.0,0.5,6,6,0.5,0.0,False
deepseek|mmlu,deepseek,mmlu,cross_model,chinese_vs_russian,False,chinese,S3,3,1.0,852,2,0.002347417840375587,1.0,0.5,2,0,1.0,1.0,False
deepseek|mmlu,deepseek,mmlu,cross_model,chinese_vs_spanish,False,spanish,ALL,-1,,2000,177,0.0885,0.8700564971751412,0.4350282485875706,82,72,0.5324675324675324,0.06493506493506485,True
deepseek|mmlu,deepseek,mmlu,cross_model,chinese_vs_spanish,False,spanish,S0,0,0.21428571428571427,378,110,0.291005291005291,0.8,0.4,46,42,0.5227272727272727,0.045454545454545414,True
deepseek|mmlu,deepseek,mmlu,cross_model,chinese_vs_spanish,False,spanish,S1,1,0.691710758377425,378,49,0.12962962962962962,0.9795918367346939,0.4897959183673469,28,20,0.5833333333333334,0.16666666666666674,True
deepseek|mmlu,deepseek,mmlu,cross_model,chinese_vs_spanish,False,spanish,S2,2,0.9073129251700682,392,15,0.03826530612244898,1.0,0.5,8,7,0.5333333333333333,0.06666666666666665,False
deepseek|mmlu,deepseek,mmlu,cross_model,chinese_vs_spanish,False,spanish,S3,3,1.0,852,3,0.0035211267605633804,1.0,0.5,0,3,0.0,-1.0,False
deepseek|mmlu,deepseek,mmlu,cross_model,english_vs_chinese,True,english,ALL,-1,,2000,149,0.0745,0.8322147651006712,0.4161073825503356,81,43,0.6532258064516129,0.30645161290322576,True
deepseek|mmlu,deepseek,mmlu,cross_model,english_vs_chinese,True,english,S0,0,0.21428571428571427,378,95,0.25132275132275134,0.7473684210526316,0.3736842105263158,44,27,0.6197183098591549,0.23943661971830976,True
deepseek|mmlu,deepseek,mmlu,cross_model,english_vs_chinese,True,english,S1,1,0.691710758377425,378,45,0.11904761904761904,0.9777777777777777,0.4888888888888889,30,14,0.6818181818181818,0.36363636363636354,True
deepseek|mmlu,deepseek,mmlu,cross_model,english_vs_chinese,True,english,S2,2,0.9073129251700682,392,8,0.02040816326530612,1.0,0.5,7,1,0.875,0.75,False
deepseek|mmlu,deepseek,mmlu,cross_model,english_vs_chinese,True,english,S3,3,1.0,852,1,0.0011737089201877935,1.0,0.5,0,1,0.0,-1.0,False
deepseek|mmlu,deepseek,mmlu,cross_model,english_vs_japanese,True,english,ALL,-1,,2000,174,0.087,0.8620689655172413,0.43103448275862066,100,50,0.6666666666666666,0.33333333333333326,True
deepseek|mmlu,deepseek,mmlu,cross_model,english_vs_japanese,True,english,S0,0,0.21428571428571427,378,110,0.291005291005291,0.7909090909090909,0.39545454545454545,53,34,0.6091954022988506,0.21839080459770122,True
deepseek|mmlu,deepseek,mmlu,cross_model,english_vs_japanese,True,english,S1,1,0.691710758377425,378,51,0.1349206349206349,0.9803921568627451,0.49019607843137253,35,15,0.7,0.3999999999999999,True
deepseek|mmlu,deepseek,mmlu,cross_model,english_vs_japanese,True,english,S2,2,0.9073129251700682,392,9,0.02295918367346939,1.0,0.5,8,1,0.8888888888888888,0.7777777777777777,False
deepseek|mmlu,deepseek,mmlu,cross_model,english_vs_japanese,True,english,S3,3,1.0,852,4,0.004694835680751174,1.0,0.5,4,0,1.0,1.0,False
deepseek|mmlu,deepseek,mmlu,cross_model,english_vs_russian,True,english,ALL,-1,,2000,157,0.0785,0.8726114649681529,0.43630573248407645,93,44,0.6788321167883211,0.35766423357664223,True
deepseek|mmlu,deepseek,mmlu,cross_model,english_vs_russian,True,english,S0,0,0.21428571428571427,378,99,0.2619047619047619,0.797979797979798,0.398989898989899,55,24,0.6962025316455697,0.39240506329113933,True
deepseek|mmlu,deepseek,mmlu,cross_model,english_vs_russian,True,english,S1,1,0.691710758377425,378,47,0.12433862433862433,1.0,0.5,29,18,0.6170212765957447,0.23404255319148937,True
deepseek|mmlu,deepseek,mmlu,cross_model,english_vs_russian,True,english,S2,2,0.9073129251700682,392,10,0.025510204081632654,1.0,0.5,8,2,0.8,0.6000000000000001,False
deepseek|mmlu,deepseek,mmlu,cross_model,english_vs_russian,True,english,S3,3,1.0,852,1,0.0011737089201877935,1.0,0.5,1,0,1.0,1.0,False
deepseek|mmlu,deepseek,mmlu,cross_model,english_vs_spanish,True,english,ALL,-1,,2000,143,0.0715,0.8391608391608392,0.4195804195804196,74,46,0.6166666666666667,0.2333333333333334,True
deepseek|mmlu,deepseek,mmlu,cross_model,english_vs_spanish,True,english,S0,0,0.21428571428571427,378,97,0.2566137566137566,0.7731958762886598,0.3865979381443299,44,31,0.5866666666666667,0.17333333333333334,True
deepseek|mmlu,deepseek,mmlu,cross_model,english_vs_spanish,True,english,S1,1,0.691710758377425,378,37,0.09788359788359788,0.972972972972973,0.4864864864864865,22,14,0.6111111111111112,0.22222222222222232,True
deepseek|mmlu,deepseek,mmlu,cross_model,english_vs_spanish,True,english,S2,2,0.9073129251700682,392,7,0.017857142857142856,1.0,0.5,6,1,0.8571428571428571,0.7142857142857142,False
deepseek|mmlu,deepseek,mmlu,cross_model,english_vs_spanish,True,english,S3,3,1.0,852,2,0.002347417840375587,1.0,0.5,2,0,1.0,1.0,False
deepseek|mmlu,deepseek,mmlu,cross_model,japanese_vs_russian,False,russian,ALL,-1,,2000,183,0.0915,0.825136612021858,0.412568306010929,76,75,0.5033112582781457,0.0066225165562914245,True
deepseek|mmlu,deepseek,mmlu,cross_model,japanese_vs_russian,False,russian,S0,0,0.21428571428571427,378,112,0.2962962962962963,0.75,0.375,36,48,0.42857142857142855,-0.1428571428571429,True
deepseek|mmlu,deepseek,mmlu,cross_model,japanese_vs_russian,False,russian,S1,1,0.691710758377425,378,53,0.1402116402116402,0.9622641509433962,0.4811320754716981,30,21,0.5882352941176471,0.17647058823529416,True
deepseek|mmlu,deepseek,mmlu,cross_model,japanese_vs_russian,False,russian,S2,2,0.9073129251700682,392,13,0.03316326530612245,0.8461538461538461,0.4230769230769231,6,5,0.5454545454545454,0.09090909090909083,False
deepseek|mmlu,deepseek,mmlu,cross_model,japanese_vs_russian,False,russian,S3,3,1.0,852,5,0.005868544600938967,1.0,0.5,4,1,0.8,0.6000000000000001,False
deepseek|mmlu,deepseek,mmlu,cross_model,japanese_vs_spanish,False,spanish,ALL,-1,,2000,180,0.09,0.8555555555555555,0.42777777777777776,88,66,0.5714285714285714,0.1428571428571428,True
deepseek|mmlu,deepseek,mmlu,cross_model,japanese_vs_spanish,False,spanish,S0,0,0.21428571428571427,378,110,0.291005291005291,0.7818181818181819,0.39090909090909093,46,40,0.5348837209302325,0.06976744186046502,True
deepseek|mmlu,deepseek,mmlu,cross_model,japanese_vs_spanish,False,spanish,S1,1,0.691710758377425,378,51,0.1349206349206349,0.9803921568627451,0.49019607843137253,31,19,0.62,0.24,True
deepseek|mmlu,deepseek,mmlu,cross_model,japanese_vs_spanish,False,spanish,S2,2,0.9073129251700682,392,13,0.03316326530612245,0.9230769230769231,0.46153846153846156,7,5,0.5833333333333334,0.16666666666666674,False
deepseek|mmlu,deepseek,mmlu,cross_model,japanese_vs_spanish,False,spanish,S3,3,1.0,852,6,0.007042253521126761,1.0,0.5,4,2,0.6666666666666666,0.33333333333333326,False
deepseek|mmlu,deepseek,mmlu,cross_model,russian_vs_spanish,False,spanish,ALL,-1,,2000,160,0.08,0.88125,0.440625,81,60,0.574468085106383,0.14893617021276606,True
deepseek|mmlu,deepseek,mmlu,cross_model,russian_vs_spanish,False,spanish,S0,0,0.21428571428571427,378,103,0.2724867724867725,0.8155339805825242,0.4077669902912621,51,33,0.6071428571428571,0.2142857142857142,True
deepseek|mmlu,deepseek,mmlu,cross_model,russian_vs_spanish,False,spanish,S1,1,0.691710758377425,378,43,0.11375661375661375,1.0,0.5,23,20,0.5348837209302325,0.06976744186046502,True
deepseek|mmlu,deepseek,mmlu,cross_model,russian_vs_spanish,False,spanish,S2,2,0.9073129251700682,392,11,0.02806122448979592,1.0,0.5,6,5,0.5454545454545454,0.09090909090909083,False
deepseek|mmlu,deepseek,mmlu,cross_model,russian_vs_spanish,False,spanish,S3,3,1.0,852,3,0.0035211267605633804,1.0,0.5,1,2,0.3333333333333333,-0.33333333333333337,False
deepseek|truthfulqa,deepseek,truthfulqa,cross_model,chinese_vs_japanese,False,chinese,ALL,-1,,817,102,0.12484700122399021,0.8725490196078431,0.4362745098039216,47,42,0.5280898876404494,0.05617977528089879,True
deepseek|truthfulqa,deepseek,truthfulqa,cross_model,chinese_vs_japanese,False,chinese,S0,0,0.18089430894308942,164,67,0.40853658536585363,0.8059701492537313,0.40298507462686567,31,23,0.5740740740740741,0.14814814814814814,True
deepseek|truthfulqa,deepseek,truthfulqa,cross_model,chinese_vs_japanese,False,chinese,S1,1,0.613053613053613,143,21,0.14685314685314685,1.0,0.5,9,12,0.42857142857142855,-0.1428571428571429,False
deepseek|truthfulqa,deepseek,truthfulqa,cross_model,chinese_vs_japanese,False,chinese,S2,2,0.8821256038647344,207,10,0.04830917874396135,1.0,0.5,4,6,0.4,-0.19999999999999996,False
deepseek|truthfulqa,deepseek,truthfulqa,cross_model,chinese_vs_japanese,False,chinese,S3,3,1.0,303,4,0.013201320132013201,1.0,0.5,3,1,0.75,0.5,False
deepseek|truthfulqa,deepseek,truthfulqa,cross_model,chinese_vs_russian,False,chinese,ALL,-1,,817,111,0.13586291309669524,0.8378378378378378,0.4189189189189189,56,37,0.6021505376344086,0.20430107526881724,True
deepseek|truthfulqa,deepseek,truthfulqa,cross_model,chinese_vs_russian,False,chinese,S0,0,0.18089430894308942,164,65,0.39634146341463417,0.7538461538461538,0.3769230769230769,30,19,0.6122448979591837,0.22448979591836737,True
deepseek|truthfulqa,deepseek,truthfulqa,cross_model,chinese_vs_russian,False,chinese,S1,1,0.613053613053613,143,24,0.16783216783216784,0.9583333333333334,0.4791666666666667,13,10,0.5652173913043478,0.13043478260869557,False
deepseek|truthfulqa,deepseek,truthfulqa,cross_model,chinese_vs_russian,False,chinese,S2,2,0.8821256038647344,207,18,0.08695652173913043,0.9444444444444444,0.4722222222222222,11,6,0.6470588235294118,0.2941176470588236,False
deepseek|truthfulqa,deepseek,truthfulqa,cross_model,chinese_vs_russian,False,chinese,S3,3,1.0,303,4,0.013201320132013201,1.0,0.5,2,2,0.5,0.0,False
deepseek|truthfulqa,deepseek,truthfulqa,cross_model,chinese_vs_spanish,False,chinese,ALL,-1,,817,96,0.1175030599755202,0.7708333333333334,0.3854166666666667,48,26,0.6486486486486487,0.29729729729729737,True
deepseek|truthfulqa,deepseek,truthfulqa,cross_model,chinese_vs_spanish,False,chinese,S0,0,0.18089430894308942,164,62,0.3780487804878049,0.6451612903225806,0.3225806451612903,27,13,0.675,0.3500000000000001,True
deepseek|truthfulqa,deepseek,truthfulqa,cross_model,chinese_vs_spanish,False,chinese,S1,1,0.613053613053613,143,21,0.14685314685314685,1.0,0.5,14,7,0.6666666666666666,0.33333333333333326,False
deepseek|truthfulqa,deepseek,truthfulqa,cross_model,chinese_vs_spanish,False,chinese,S2,2,0.8821256038647344,207,10,0.04830917874396135,1.0,0.5,6,4,0.6,0.19999999999999996,False
deepseek|truthfulqa,deepseek,truthfulqa,cross_model,chinese_vs_spanish,False,chinese,S3,3,1.0,303,3,0.009900990099009901,1.0,0.5,1,2,0.3333333333333333,-0.33333333333333337,False
deepseek|truthfulqa,deepseek,truthfulqa,cross_model,english_vs_chinese,True,chinese,ALL,-1,,817,111,0.13586291309669524,0.8378378378378378,0.4189189189189189,60,33,0.6451612903225806,0.29032258064516125,True
deepseek|truthfulqa,deepseek,truthfulqa,cross_model,english_vs_chinese,True,chinese,S0,0,0.18089430894308942,164,61,0.3719512195121951,0.7213114754098361,0.36065573770491804,27,17,0.6136363636363636,0.2272727272727273,True
deepseek|truthfulqa,deepseek,truthfulqa,cross_model,english_vs_chinese,True,chinese,S1,1,0.613053613053613,143,29,0.20279720279720279,0.9655172413793104,0.4827586206896552,20,8,0.7142857142857143,0.4285714285714286,False
deepseek|truthfulqa,deepseek,truthfulqa,cross_model,english_vs_chinese,True,chinese,S2,2,0.8821256038647344,207,17,0.0821256038647343,1.0,0.5,11,6,0.6470588235294118,0.2941176470588236,False
deepseek|truthfulqa,deepseek,truthfulqa,cross_model,english_vs_chinese,True,chinese,S3,3,1.0,303,4,0.013201320132013201,1.0,0.5,2,2,0.5,0.0,False
deepseek|truthfulqa,deepseek,truthfulqa,cross_model,english_vs_japanese,True,japanese,ALL,-1,,817,110,0.1346389228886169,0.8727272727272727,0.43636363636363634,59,37,0.6145833333333334,0.22916666666666674,True
deepseek|truthfulqa,deepseek,truthfulqa,cross_model,english_vs_japanese,True,japanese,S0,0,0.18089430894308942,164,67,0.40853658536585363,0.8059701492537313,0.40298507462686567,28,26,0.5185185185185185,0.03703703703703698,True
deepseek|truthfulqa,deepseek,truthfulqa,cross_model,english_vs_japanese,True,japanese,S1,1,0.613053613053613,143,26,0.18181818181818182,0.9615384615384616,0.4807692307692308,20,5,0.8,0.6000000000000001,False
deepseek|truthfulqa,deepseek,truthfulqa,cross_model,english_vs_japanese,True,japanese,S2,2,0.8821256038647344,207,11,0.05314009661835749,1.0,0.5,9,2,0.8181818181818182,0.6363636363636365,False
deepseek|truthfulqa,deepseek,truthfulqa,cross_model,english_vs_japanese,True,japanese,S3,3,1.0,303,6,0.019801980198019802,1.0,0.5,2,4,0.3333333333333333,-0.33333333333333337,False
deepseek|truthfulqa,deepseek,truthfulqa,cross_model,english_vs_russian,True,russian,ALL,-1,,817,116,0.1419828641370869,0.8103448275862069,0.4051724137931034,51,43,0.5425531914893617,0.0851063829787233,True
deepseek|truthfulqa,deepseek,truthfulqa,cross_model,english_vs_russian,True,russian,S0,0,0.18089430894308942,164,64,0.3902439024390244,0.703125,0.3515625,22,23,0.4888888888888889,-0.022222222222222254,True
deepseek|truthfulqa,deepseek,truthfulqa,cross_model,english_vs_russian,True,russian,S1,1,0.613053613053613,143,31,0.21678321678321677,1.0,0.5,20,11,0.6451612903225806,0.29032258064516125,True
deepseek|truthfulqa,deepseek,truthfulqa,cross_model,english_vs_russian,True,russian,S2,2,0.8821256038647344,207,17,0.0821256038647343,0.8235294117647058,0.4117647058823529,7,7,0.5,0.0,False
deepseek|truthfulqa,deepseek,truthfulqa,cross_model,english_vs_russian,True,russian,S3,3,1.0,303,4,0.013201320132013201,1.0,0.5,2,2,0.5,0.0,False
deepseek|truthfulqa,deepseek,truthfulqa,cross_model,english_vs_spanish,True,spanish,ALL,-1,,817,93,0.11383108935128519,0.7634408602150538,0.3817204301075269,38,33,0.5352112676056338,0.07042253521126751,True
deepseek|truthfulqa,deepseek,truthfulqa,cross_model,english_vs_spanish,True,spanish,S0,0,0.18089430894308942,164,55,0.3353658536585366,0.6909090909090909,0.34545454545454546,17,21,0.4473684210526316,-0.10526315789473684,True
deepseek|truthfulqa,deepseek,truthfulqa,cross_model,english_vs_spanish,True,spanish,S1,1,0.613053613053613,143,24,0.16783216783216784,0.875,0.4375,13,8,0.6190476190476191,0.23809523809523814,False
deepseek|truthfulqa,deepseek,truthfulqa,cross_model,english_vs_spanish,True,spanish,S2,2,0.8821256038647344,207,12,0.057971014492753624,0.9166666666666666,0.4583333333333333,7,4,0.6363636363636364,0.2727272727272727,False
deepseek|truthfulqa,deepseek,truthfulqa,cross_model,english_vs_spanish,True,spanish,S3,3,1.0,303,2,0.006600660066006601,0.5,0.25,1,0,1.0,1.0,False
deepseek|truthfulqa,deepseek,truthfulqa,cross_model,japanese_vs_russian,False,japanese,ALL,-1,,817,105,0.12851897184822522,0.8952380952380953,0.44761904761904764,54,40,0.574468085106383,0.14893617021276606,True
deepseek|truthfulqa,deepseek,truthfulqa,cross_model,japanese_vs_russian,False,japanese,S0,0,0.18089430894308942,164,64,0.3902439024390244,0.828125,0.4140625,28,25,0.5283018867924528,0.05660377358490565,True
deepseek|truthfulqa,deepseek,truthfulqa,cross_model,japanese_vs_russian,False,japanese,S1,1,0.613053613053613,143,22,0.15384615384615385,1.0,0.5,14,8,0.6363636363636364,0.2727272727272727,False
deepseek|truthfulqa,deepseek,truthfulqa,cross_model,japanese_vs_russian,False,japanese,S2,2,0.8821256038647344,207,13,0.06280193236714976,1.0,0.5,10,3,0.7692307692307693,0.5384615384615385,False
deepseek|truthfulqa,deepseek,truthfulqa,cross_model,japanese_vs_russian,False,japanese,S3,3,1.0,303,6,0.019801980198019802,1.0,0.5,2,4,0.3333333333333333,-0.33333333333333337,False
deepseek|truthfulqa,deepseek,truthfulqa,cross_model,japanese_vs_spanish,False,japanese,ALL,-1,,817,113,0.1383108935128519,0.8053097345132744,0.4026548672566372,54,37,0.5934065934065934,0.18681318681318682,True
deepseek|truthfulqa,deepseek,truthfulqa,cross_model,japanese_vs_spanish,False,japanese,S0,0,0.18089430894308942,164,76,0.4634146341463415,0.7368421052631579,0.3684210526315789,31,25,0.5535714285714286,0.1071428571428572,True
deepseek|truthfulqa,deepseek,truthfulqa,cross_model,japanese_vs_spanish,False,japanese,S1,1,0.613053613053613,143,24,0.16783216783216784,0.9166666666666666,0.4583333333333333,16,6,0.7272727272727273,0.4545454545454546,False
deepseek|truthfulqa,deepseek,truthfulqa,cross_model,japanese_vs_spanish,False,japanese,S2,2,0.8821256038647344,207,8,0.03864734299516908,1.0,0.5,6,2,0.75,0.5,False
deepseek|truthfulqa,deepseek,truthfulqa,cross_model,japanese_vs_spanish,False,japanese,S3,3,1.0,303,5,0.0165016501650165,1.0,0.5,1,4,0.2,-0.6,False
deepseek|truthfulqa,deepseek,truthfulqa,cross_model,russian_vs_spanish,False,russian,ALL,-1,,817,112,0.13708690330477355,0.7589285714285714,0.3794642857142857,44,41,0.5176470588235295,0.03529411764705892,True
deepseek|truthfulqa,deepseek,truthfulqa,cross_model,russian_vs_spanish,False,russian,S0,0,0.18089430894308942,164,66,0.4024390243902439,0.6515151515151515,0.32575757575757575,23,20,0.5348837209302325,0.06976744186046502,True
deepseek|truthfulqa,deepseek,truthfulqa,cross_model,russian_vs_spanish,False,russian,S1,1,0.613053613053613,143,28,0.1958041958041958,0.9285714285714286,0.4642857142857143,15,11,0.5769230769230769,0.15384615384615374,False
deepseek|truthfulqa,deepseek,truthfulqa,cross_model,russian_vs_spanish,False,russian,S2,2,0.8821256038647344,207,15,0.07246376811594203,0.8666666666666667,0.43333333333333335,5,8,0.38461538461538464,-0.23076923076923073,False
deepseek|truthfulqa,deepseek,truthfulqa,cross_model,russian_vs_spanish,False,russian,S3,3,1.0,303,3,0.009900990099009901,1.0,0.5,1,2,0.3333333333333333,-0.33333333333333337,False
gemini|commonsenseqa,gemini,commonsenseqa,cross_model,chinese_vs_japanese,False,chinese,ALL,-1,,2000,490,0.245,0.7755102040816326,0.3877551020408163,191,189,0.5026315789473684,0.0052631578947368585,True
gemini|commonsenseqa,gemini,commonsenseqa,cross_model,chinese_vs_japanese,False,chinese,S0,0,0.19104477611940301,402,166,0.4129353233830846,0.5180722891566265,0.25903614457831325,36,50,0.4186046511627907,-0.16279069767441856,True
gemini|commonsenseqa,gemini,commonsenseqa,cross_model,chinese_vs_japanese,False,chinese,S1,1,0.6100965107646622,449,210,0.46770601336302897,0.8714285714285714,0.4357142857142857,89,94,0.48633879781420764,-0.02732240437158473,True
gemini|commonsenseqa,gemini,commonsenseqa,cross_model,chinese_vs_japanese,False,chinese,S2,2,0.841522491349481,289,63,0.2179930795847751,0.9523809523809523,0.47619047619047616,33,27,0.55,0.10000000000000009,True
gemini|commonsenseqa,gemini,commonsenseqa,cross_model,chinese_vs_japanese,False,chinese,S3,3,0.9333333333333335,211,34,0.16113744075829384,1.0,0.5,20,14,0.5882352941176471,0.17647058823529416,True
gemini|commonsenseqa,gemini,commonsenseqa,cross_model,chinese_vs_japanese,False,chinese,S4,4,1.0,649,17,0.026194144838212634,1.0,0.5,13,4,0.7647058823529411,0.5294117647058822,False
gemini|commonsenseqa,gemini,commonsenseqa,cross_model,chinese_vs_russian,False,russian,ALL,-1,,2000,471,0.2355,0.7558386411889597,0.37791932059447986,180,176,0.5056179775280899,0.011235955056179803,True
gemini|commonsenseqa,gemini,commonsenseqa,cross_model,chinese_vs_russian,False,russian,S0,0,0.19104477611940301,402,167,0.4154228855721393,0.5269461077844312,0.2634730538922156,48,40,0.5454545454545454,0.09090909090909083,True
gemini|commonsenseqa,gemini,commonsenseqa,cross_model,chinese_vs_russian,False,russian,S1,1,0.6100965107646622,449,193,0.4298440979955457,0.8393782383419689,0.41968911917098445,89,73,0.5493827160493827,0.09876543209876543,True
gemini|commonsenseqa,gemini,commonsenseqa,cross_model,chinese_vs_russian,False,russian,S2,2,0.841522491349481,289,63,0.2179930795847751,0.9365079365079365,0.46825396825396826,27,32,0.4576271186440678,-0.0847457627118644,True
gemini|commonsenseqa,gemini,commonsenseqa,cross_model,chinese_vs_russian,False,russian,S3,3,0.9333333333333335,211,27,0.12796208530805686,0.9629629629629629,0.48148148148148145,13,13,0.5,0.0,False
gemini|commonsenseqa,gemini,commonsenseqa,cross_model,chinese_vs_russian,False,russian,S4,4,1.0,649,21,0.032357473035439135,1.0,0.5,3,18,0.14285714285714285,-0.7142857142857143,False
gemini|commonsenseqa,gemini,commonsenseqa,cross_model,chinese_vs_spanish,False,spanish,ALL,-1,,2000,446,0.223,0.773542600896861,0.3867713004484305,197,148,0.5710144927536231,0.1420289855072463,True
gemini|commonsenseqa,gemini,commonsenseqa,cross_model,chinese_vs_spanish,False,spanish,S0,0,0.19104477611940301,402,162,0.40298507462686567,0.5864197530864198,0.2932098765432099,57,38,0.6,0.19999999999999996,True
gemini|commonsenseqa,gemini,commonsenseqa,cross_model,chinese_vs_spanish,False,spanish,S1,1,0.6100965107646622,449,193,0.4298440979955457,0.8341968911917098,0.4170984455958549,93,68,0.577639751552795,0.15527950310559002,True
gemini|commonsenseqa,gemini,commonsenseqa,cross_model,chinese_vs_spanish,False,spanish,S2,2,0.841522491349481,289,60,0.20761245674740483,0.9833333333333333,0.49166666666666664,30,29,0.5084745762711864,0.016949152542372836,True
gemini|commonsenseqa,gemini,commonsenseqa,cross_model,chinese_vs_spanish,False,spanish,S3,3,0.9333333333333335,211,20,0.0947867298578199,0.95,0.475,14,5,0.7368421052631579,0.4736842105263157,False
gemini|commonsenseqa,gemini,commonsenseqa,cross_model,chinese_vs_spanish,False,spanish,S4,4,1.0,649,11,0.01694915254237288,1.0,0.5,3,8,0.2727272727272727,-0.4545454545454546,False
gemini|commonsenseqa,gemini,commonsenseqa,cross_model,english_vs_chinese,True,english,ALL,-1,,2000,502,0.251,0.6992031872509961,0.34960159362549803,203,148,0.5783475783475783,0.15669515669515666,True
gemini|commonsenseqa,gemini,commonsenseqa,cross_model,english_vs_chinese,True,english,S0,0,0.19104477611940301,402,197,0.4900497512437811,0.4416243654822335,0.22081218274111675,54,33,0.6206896551724138,0.24137931034482762,True
gemini|commonsenseqa,gemini,commonsenseqa,cross_model,english_vs_chinese,True,english,S1,1,0.6100965107646622,449,200,0.44543429844098,0.84,0.42,101,67,0.6011904761904762,0.20238095238095233,True
gemini|commonsenseqa,gemini,commonsenseqa,cross_model,english_vs_chinese,True,english,S2,2,0.841522491349481,289,65,0.22491349480968859,0.8615384615384616,0.4307692307692308,28,28,0.5,0.0,True
gemini|commonsenseqa,gemini,commonsenseqa,cross_model,english_vs_chinese,True,english,S3,3,0.9333333333333335,211,25,0.11848341232227488,1.0,0.5,16,9,0.64,0.28,False
gemini|commonsenseqa,gemini,commonsenseqa,cross_model,english_vs_chinese,True,english,S4,4,1.0,649,15,0.023112480739599383,1.0,0.5,4,11,0.26666666666666666,-0.4666666666666667,False
gemini|commonsenseqa,gemini,commonsenseqa,cross_model,english_vs_japanese,True,english,ALL,-1,,2000,518,0.259,0.7316602316602316,0.3658301158301158,218,161,0.575197889182058,0.1503957783641161,True
gemini|commonsenseqa,gemini,commonsenseqa,cross_model,english_vs_japanese,True,english,S0,0,0.19104477611940301,402,199,0.49502487562189057,0.5276381909547738,0.2638190954773869,56,49,0.5333333333333333,0.06666666666666665,True
gemini|commonsenseqa,gemini,commonsenseqa,cross_model,english_vs_japanese,True,english,S1,1,0.6100965107646622,449,200,0.44543429844098,0.815,0.4075,96,67,0.588957055214724,0.17791411042944794,True
gemini|commonsenseqa,gemini,commonsenseqa,cross_model,english_vs_japanese,True,english,S2,2,0.841522491349481,289,68,0.23529411764705882,0.8823529411764706,0.4411764705882353,33,27,0.55,0.10000000000000009,True
gemini|commonsenseqa,gemini,commonsenseqa,cross_model,english_vs_japanese,True,english,S3,3,0.9333333333333335,211,31,0.14691943127962084,1.0,0.5,22,9,0.7096774193548387,0.4193548387096775,True
gemini|commonsenseqa,gemini,commonsenseqa,cross_model,english_vs_japanese,True,english,S4,4,1.0,649,20,0.030816640986132512,1.0,0.5,11,9,0.55,0.10000000000000009,False
gemini|commonsenseqa,gemini,commonsenseqa,cross_model,english_vs_russian,True,english,ALL,-1,,2000,497,0.2485,0.7062374245472837,0.35311871227364183,201,150,0.5726495726495726,0.14529914529914523,True
gemini|commonsenseqa,gemini,commonsenseqa,cross_model,english_vs_russian,True,english,S0,0,0.19104477611940301,402,187,0.4651741293532338,0.48663101604278075,0.24331550802139038,52,39,0.5714285714285714,0.1428571428571428,True
gemini|commonsenseqa,gemini,commonsenseqa,cross_model,english_vs_russian,True,english,S1,1,0.6100965107646622,449,195,0.43429844097995546,0.8,0.4,87,69,0.5576923076923077,0.11538461538461542,True
gemini|commonsenseqa,gemini,commonsenseqa,cross_model,english_vs_russian,True,english,S2,2,0.841522491349481,289,67,0.23183391003460208,0.9104477611940298,0.4552238805970149,33,28,0.5409836065573771,0.08196721311475419,True
gemini|commonsenseqa,gemini,commonsenseqa,cross_model,english_vs_russian,True,english,S3,3,0.9333333333333335,211,23,0.10900473933649289,0.9130434782608695,0.45652173913043476,14,7,0.6666666666666666,0.33333333333333326,False
gemini|commonsenseqa,gemini,commonsenseqa,cross_model,english_vs_russian,True,english,S4,4,1.0,649,25,0.03852080123266564,0.88,0.44,15,7,0.6818181818181818,0.36363636363636354,False
gemini|commonsenseqa,gemini,commonsenseqa,cross_model,english_vs_spanish,True,english,ALL,-1,,2000,457,0.2285,0.6958424507658644,0.3479212253829322,162,156,0.5094339622641509,0.018867924528301883,True
gemini|commonsenseqa,gemini,commonsenseqa,cross_model,english_vs_spanish,True,english,S0,0,0.19104477611940301,402,188,0.46766169154228854,0.4574468085106383,0.22872340425531915,44,42,0.5116279069767442,0.023255813953488413,True
gemini|commonsenseqa,gemini,commonsenseqa,cross_model,english_vs_spanish,True,english,S1,1,0.6100965107646622,449,178,0.39643652561247217,0.8370786516853933,0.41853932584269665,79,70,0.5302013422818792,0.06040268456375841,True
gemini|commonsenseqa,gemini,commonsenseqa,cross_model,english_vs_spanish,True,english,S2,2,0.841522491349481,289,60,0.20761245674740483,0.8833333333333333,0.44166666666666665,26,27,0.49056603773584906,-0.018867924528301883,True
gemini|commonsenseqa,gemini,commonsenseqa,cross_model,english_vs_spanish,True,english,S3,3,0.9333333333333335,211,16,0.07582938388625593,1.0,0.5,7,9,0.4375,-0.125,False
gemini|commonsenseqa,gemini,commonsenseqa,cross_model,english_vs_spanish,True,english,S4,4,1.0,649,15,0.023112480739599383,0.9333333333333333,0.4666666666666667,6,8,0.42857142857142855,-0.1428571428571429,False
gemini|commonsenseqa,gemini,commonsenseqa,cross_model,japanese_vs_russian,False,russian,ALL,-1,,2000,494,0.247,0.7854251012145749,0.39271255060728744,197,191,0.5077319587628866,0.015463917525773141,True
gemini|commonsenseqa,gemini,commonsenseqa,cross_model,japanese_vs_russian,False,russian,S0,0,0.19104477611940301,402,165,0.41044776119402987,0.5575757575757576,0.2787878787878788,43,49,0.4673913043478261,-0.06521739130434778,True
gemini|commonsenseqa,gemini,commonsenseqa,cross_model,japanese_vs_russian,False,russian,S1,1,0.6100965107646622,449,198,0.44097995545657015,0.8636363636363636,0.4318181818181818,91,80,0.5321637426900585,0.06432748538011701,True
gemini|commonsenseqa,gemini,commonsenseqa,cross_model,japanese_vs_russian,False,russian,S2,2,0.841522491349481,289,76,0.2629757785467128,0.9605263157894737,0.48026315789473684,37,36,0.5068493150684932,0.013698630136986356,True
gemini|commonsenseqa,gemini,commonsenseqa,cross_model,japanese_vs_russian,False,russian,S3,3,0.9333333333333335,211,31,0.14691943127962084,0.967741935483871,0.4838709677419355,18,12,0.6,0.19999999999999996,True
gemini|commonsenseqa,gemini,commonsenseqa,cross_model,japanese_vs_russian,False,russian,S4,4,1.0,649,24,0.03697996918335902,0.9166666666666666,0.4583333333333333,8,14,0.36363636363636365,-0.2727272727272727,False
gemini|commonsenseqa,gemini,commonsenseqa,cross_model,japanese_vs_spanish,False,spanish,ALL,-1,,2000,473,0.2365,0.8054968287526427,0.40274841437632136,216,165,0.5669291338582677,0.13385826771653542,True
gemini|commonsenseqa,gemini,commonsenseqa,cross_model,japanese_vs_spanish,False,spanish,S0,0,0.19104477611940301,402,161,0.40049751243781095,0.6149068322981367,0.30745341614906835,52,47,0.5252525252525253,0.05050505050505061,True
gemini|commonsenseqa,gemini,commonsenseqa,cross_model,japanese_vs_spanish,False,spanish,S1,1,0.6100965107646622,449,200,0.44543429844098,0.87,0.435,97,77,0.5574712643678161,0.11494252873563227,True
gemini|commonsenseqa,gemini,commonsenseqa,cross_model,japanese_vs_spanish,False,spanish,S2,2,0.841522491349481,289,68,0.23529411764705882,0.9558823529411765,0.47794117647058826,36,29,0.5538461538461539,0.10769230769230775,True
gemini|commonsenseqa,gemini,commonsenseqa,cross_model,japanese_vs_spanish,False,spanish,S3,3,0.9333333333333335,211,25,0.11848341232227488,1.0,0.5,20,5,0.8,0.6000000000000001,False
gemini|commonsenseqa,gemini,commonsenseqa,cross_model,japanese_vs_spanish,False,spanish,S4,4,1.0,649,19,0.029275808936825885,0.9473684210526315,0.47368421052631576,11,7,0.6111111111111112,0.22222222222222232,False
gemini|commonsenseqa,gemini,commonsenseqa,cross_model,russian_vs_spanish,False,spanish,ALL,-1,,2000,435,0.2175,0.774712643678161,0.3873563218390805,191,146,0.5667655786350149,0.13353115727002973,True
gemini|commonsenseqa,gemini,commonsenseqa,cross_model,russian_vs_spanish,False,spanish,S0,0,0.19104477611940301,402,155,0.3855721393034826,0.5741935483870968,0.2870967741935484,50,39,0.5617977528089888,0.12359550561797761,True
gemini|commonsenseqa,gemini,commonsenseqa,cross_model,russian_vs_spanish,False,spanish,S1,1,0.6100965107646622,449,179,0.3986636971046771,0.8659217877094972,0.4329608938547486,82,73,0.5290322580645161,0.058064516129032295,True
gemini|commonsenseqa,gemini,commonsenseqa,cross_model,russian_vs_spanish,False,spanish,S2,2,0.841522491349481,289,61,0.21107266435986158,0.9180327868852459,0.45901639344262296,31,25,0.5535714285714286,0.1071428571428572,True
gemini|commonsenseqa,gemini,commonsenseqa,cross_model,russian_vs_spanish,False,spanish,S3,3,0.9333333333333335,211,19,0.09004739336492891,1.0,0.5,14,5,0.7368421052631579,0.4736842105263157,False
gemini|commonsenseqa,gemini,commonsenseqa,cross_model,russian_vs_spanish,False,spanish,S4,4,1.0,649,21,0.032357473035439135,0.8571428571428571,0.42857142857142855,14,4,0.7777777777777778,0.5555555555555556,False
gemini|mathqa,gemini,mathqa,cross_model,chinese_vs_japanese,False,japanese,ALL,-1,,2000,208,0.104,0.7740384615384616,0.3870192307692308,86,75,0.5341614906832298,0.06832298136645965,True
gemini|mathqa,gemini,mathqa,cross_model,chinese_vs_japanese,False,japanese,S0,0,0.36156462585034016,392,118,0.3010204081632653,0.635593220338983,0.3177966101694915,42,33,0.56,0.1200000000000001,True
gemini|mathqa,gemini,mathqa,cross_model,chinese_vs_japanese,False,japanese,S1,1,0.8202729044834307,342,46,0.13450292397660818,0.9130434782608695,0.45652173913043476,18,24,0.42857142857142855,-0.1428571428571429,True
gemini|mathqa,gemini,mathqa,cross_model,chinese_vs_japanese,False,japanese,S2,2,0.9333333333333336,284,19,0.06690140845070422,1.0,0.5,10,9,0.5263157894736842,0.05263157894736836,False
gemini|mathqa,gemini,mathqa,cross_model,chinese_vs_japanese,False,japanese,S3,3,1.0,982,25,0.025458248472505093,1.0,0.5,16,9,0.64,0.28,False
gemini|mathqa,gemini,mathqa,cross_model,chinese_vs_russian,False,russian,ALL,-1,,2000,182,0.091,0.7582417582417582,0.3791208791208791,79,59,0.572463768115942,0.14492753623188404,True
gemini|mathqa,gemini,mathqa,cross_model,chinese_vs_russian,False,russian,S0,0,0.36156462585034016,392,110,0.28061224489795916,0.6181818181818182,0.3090909090909091,37,31,0.5441176470588235,0.08823529411764697,True
gemini|mathqa,gemini,mathqa,cross_model,chinese_vs_russian,False,russian,S1,1,0.8202729044834307,342,31,0.09064327485380116,0.9354838709677419,0.46774193548387094,17,12,0.5862068965517241,0.17241379310344818,True
gemini|mathqa,gemini,mathqa,cross_model,chinese_vs_russian,False,russian,S2,2,0.9333333333333336,284,14,0.04929577464788732,1.0,0.5,8,6,0.5714285714285714,0.1428571428571428,False
gemini|mathqa,gemini,mathqa,cross_model,chinese_vs_russian,False,russian,S3,3,1.0,982,27,0.0274949083503055,1.0,0.5,17,10,0.6296296296296297,0.2592592592592593,False
gemini|mathqa,gemini,mathqa,cross_model,chinese_vs_spanish,False,spanish,ALL,-1,,2000,185,0.0925,0.7837837837837838,0.3918918918918919,89,56,0.6137931034482759,0.22758620689655173,True
gemini|mathqa,gemini,mathqa,cross_model,chinese_vs_spanish,False,spanish,S0,0,0.36156462585034016,392,110,0.28061224489795916,0.6363636363636364,0.3181818181818182,42,28,0.6,0.19999999999999996,True
gemini|mathqa,gemini,mathqa,cross_model,chinese_vs_spanish,False,spanish,S1,1,0.8202729044834307,342,31,0.09064327485380116,1.0,0.5,19,12,0.6129032258064516,0.22580645161290325,True
gemini|mathqa,gemini,mathqa,cross_model,chinese_vs_spanish,False,spanish,S2,2,0.9333333333333336,284,14,0.04929577464788732,1.0,0.5,9,5,0.6428571428571429,0.2857142857142858,False
gemini|mathqa,gemini,mathqa,cross_model,chinese_vs_spanish,False,spanish,S3,3,1.0,982,30,0.03054989816700611,1.0,0.5,19,11,0.6333333333333333,0.2666666666666666,True
gemini|mathqa,gemini,mathqa,cross_model,english_vs_chinese,True,chinese,ALL,-1,,2000,236,0.118,0.8135593220338984,0.4067796610169492,130,62,0.6770833333333334,0.35416666666666674,True
gemini|mathqa,gemini,mathqa,cross_model,english_vs_chinese,True,chinese,S0,0,0.36156462585034016,392,106,0.27040816326530615,0.6226415094339622,0.3113207547169811,40,26,0.6060606060606061,0.21212121212121215,True
gemini|mathqa,gemini,mathqa,cross_model,english_vs_chinese,True,chinese,S1,1,0.8202729044834307,342,61,0.1783625730994152,0.9508196721311475,0.47540983606557374,44,14,0.7586206896551724,0.5172413793103448,True
gemini|mathqa,gemini,mathqa,cross_model,english_vs_chinese,True,chinese,S2,2,0.9333333333333336,284,24,0.08450704225352113,1.0,0.5,17,7,0.7083333333333334,0.41666666666666674,False
gemini|mathqa,gemini,mathqa,cross_model,english_vs_chinese,True,chinese,S3,3,1.0,982,45,0.045824847250509164,0.9777777777777777,0.4888888888888889,29,15,0.6590909090909091,0.3181818181818181,True
gemini|mathqa,gemini,mathqa,cross_model,english_vs_japanese,True,japanese,ALL,-1,,2000,249,0.1245,0.8393574297188755,0.41967871485943775,144,65,0.6889952153110048,0.37799043062200965,True
gemini|mathqa,gemini,mathqa,cross_model,english_vs_japanese,True,japanese,S0,0,0.36156462585034016,392,113,0.288265306122449,0.6814159292035398,0.3407079646017699,50,27,0.6493506493506493,0.2987012987012987,True
gemini|mathqa,gemini,mathqa,cross_model,english_vs_japanese,True,japanese,S1,1,0.8202729044834307,342,72,0.21052631578947367,0.9444444444444444,0.4722222222222222,46,22,0.6764705882352942,0.3529411764705883,True
gemini|mathqa,gemini,mathqa,cross_model,english_vs_japanese,True,japanese,S2,2,0.9333333333333336,284,23,0.08098591549295775,1.0,0.5,17,6,0.7391304347826086,0.4782608695652173,False
gemini|mathqa,gemini,mathqa,cross_model,english_vs_japanese,True,japanese,S3,3,1.0,982,41,0.04175152749490835,1.0,0.5,31,10,0.7560975609756098,0.5121951219512195,True
gemini|mathqa,gemini,mathqa,cross_model,english_vs_russian,True,russian,ALL,-1,,2000,235,0.1175,0.825531914893617,0.4127659574468085,141,53,0.7268041237113402,0.45360824742268036,True
gemini|mathqa,gemini,mathqa,cross_model,english_vs_russian,True,russian,S0,0,0.36156462585034016,392,112,0.2857142857142857,0.6607142857142857,0.33035714285714285,47,27,0.6351351351351351,0.2702702702702702,True
gemini|mathqa,gemini,mathqa,cross_model,english_vs_russian,True,russian,S1,1,0.8202729044834307,342,60,0.17543859649122806,0.95,0.475,46,11,0.8070175438596491,0.6140350877192982,True
gemini|mathqa,gemini,mathqa,cross_model,english_vs_russian,True,russian,S2,2,0.9333333333333336,284,22,0.07746478873239436,1.0,0.5,17,5,0.7727272727272727,0.5454545454545454,False
gemini|mathqa,gemini,mathqa,cross_model,english_vs_russian,True,russian,S3,3,1.0,982,41,0.04175152749490835,1.0,0.5,31,10,0.7560975609756098,0.5121951219512195,True
gemini|mathqa,gemini,mathqa,cross_model,english_vs_spanish,True,spanish,ALL,-1,,2000,224,0.112,0.8080357142857143,0.40401785714285715,141,40,0.7790055248618785,0.5580110497237569,True
gemini|mathqa,gemini,mathqa,cross_model,english_vs_spanish,True,spanish,S0,0,0.36156462585034016,392,111,0.28316326530612246,0.6306306306306306,0.3153153153153153,49,21,0.7,0.3999999999999999,True
gemini|mathqa,gemini,mathqa,cross_model,english_vs_spanish,True,spanish,S1,1,0.8202729044834307,342,53,0.15497076023391812,0.9622641509433962,0.4811320754716981,44,7,0.8627450980392157,0.7254901960784315,True
gemini|mathqa,gemini,mathqa,cross_model,english_vs_spanish,True,spanish,S2,2,0.9333333333333336,284,20,0.07042253521126761,1.0,0.5,17,3,0.85,0.7,False
gemini|mathqa,gemini,mathqa,cross_model,english_vs_spanish,True,spanish,S3,3,1.0,982,40,0.04073319755600815,1.0,0.5,31,9,0.775,0.55,True
gemini|mathqa,gemini,mathqa,cross_model,japanese_vs_russian,False,russian,ALL,-1,,2000,191,0.0955,0.7277486910994765,0.36387434554973824,74,65,0.5323741007194245,0.06474820143884896,True
gemini|mathqa,gemini,mathqa,cross_model,japanese_vs_russian,False,russian,S0,0,0.36156462585034016,392,109,0.2780612244897959,0.5779816513761468,0.2889908256880734,30,33,0.47619047619047616,-0.04761904761904767,True
gemini|mathqa,gemini,mathqa,cross_model,japanese_vs_russian,False,russian,S1,1,0.8202729044834307,342,48,0.14035087719298245,0.8958333333333334,0.4479166666666667,27,16,0.627906976744186,0.2558139534883721,True
gemini|mathqa,gemini,mathqa,cross_model,japanese_vs_russian,False,russian,S2,2,0.9333333333333336,284,14,0.04929577464788732,0.9285714285714286,0.4642857142857143,7,6,0.5384615384615384,0.07692307692307687,False
gemini|mathqa,gemini,mathqa,cross_model,japanese_vs_russian,False,russian,S3,3,1.0,982,20,0.020366598778004074,1.0,0.5,10,10,0.5,0.0,False
gemini|mathqa,gemini,mathqa,cross_model,japanese_vs_spanish,False,spanish,ALL,-1,,2000,193,0.0965,0.7979274611398963,0.39896373056994816,88,66,0.5714285714285714,0.1428571428571428,True
gemini|mathqa,gemini,mathqa,cross_model,japanese_vs_spanish,False,spanish,S0,0,0.36156462585034016,392,118,0.3010204081632653,0.6864406779661016,0.3432203389830508,43,38,0.5308641975308642,0.06172839506172845,True
gemini|mathqa,gemini,mathqa,cross_model,japanese_vs_spanish,False,spanish,S1,1,0.8202729044834307,342,39,0.11403508771929824,0.9487179487179487,0.47435897435897434,25,12,0.6756756756756757,0.3513513513513513,True
gemini|mathqa,gemini,mathqa,cross_model,japanese_vs_spanish,False,spanish,S2,2,0.9333333333333336,284,13,0.045774647887323945,1.0,0.5,8,5,0.6153846153846154,0.23076923076923084,False
gemini|mathqa,gemini,mathqa,cross_model,japanese_vs_spanish,False,spanish,S3,3,1.0,982,23,0.023421588594704685,1.0,0.5,12,11,0.5217391304347826,0.04347826086956519,False
gemini|mathqa,gemini,mathqa,cross_model,russian_vs_spanish,False,spanish,ALL,-1,,2000,159,0.0795,0.7861635220125787,0.39308176100628933,69,56,0.552,0.10400000000000009,True
gemini|mathqa,gemini,mathqa,cross_model,russian_vs_spanish,False,spanish,S0,0,0.36156462585034016,392,93,0.2372448979591837,0.6451612903225806,0.3225806451612903,34,26,0.5666666666666667,0.1333333333333333,True
gemini|mathqa,gemini,mathqa,cross_model,russian_vs_spanish,False,spanish,S1,1,0.8202729044834307,342,29,0.0847953216374269,0.9655172413793104,0.4827586206896552,15,13,0.5357142857142857,0.0714285714285714,False
gemini|mathqa,gemini,mathqa,cross_model,russian_vs_spanish,False,spanish,S2,2,0.9333333333333336,284,14,0.04929577464788732,1.0,0.5,8,6,0.5714285714285714,0.1428571428571428,False
gemini|mathqa,gemini,mathqa,cross_model,russian_vs_spanish,False,spanish,S3,3,1.0,982,23,0.023421588594704685,1.0,0.5,12,11,0.5217391304347826,0.04347826086956519,False
gemini|mmlu,gemini,mmlu,cross_model,chinese_vs_japanese,False,chinese,ALL,-1,,2000,309,0.1545,0.7831715210355987,0.39158576051779936,130,112,0.5371900826446281,0.07438016528925617,True
gemini|mmlu,gemini,mmlu,cross_model,chinese_vs_japanese,False,chinese,S0,0,0.2947916666666667,384,167,0.4348958333333333,0.6287425149700598,0.3143712574850299,58,47,0.5523809523809524,0.10476190476190483,True
gemini|mmlu,gemini,mmlu,cross_model,chinese_vs_japanese,False,chinese,S1,1,0.7632513661202186,488,105,0.2151639344262295,0.9619047619047619,0.48095238095238096,49,52,0.48514851485148514,-0.02970297029702973,True
gemini|mmlu,gemini,mmlu,cross_model,chinese_vs_japanese,False,chinese,S2,2,0.9333333333333336,245,20,0.08163265306122448,0.95,0.475,12,7,0.631578947368421,0.26315789473684204,False
gemini|mmlu,gemini,mmlu,cross_model,chinese_vs_japanese,False,chinese,S3,3,1.0,883,17,0.01925254813137033,1.0,0.5,11,6,0.6470588235294118,0.2941176470588236,False
gemini|mmlu,gemini,mmlu,cross_model,chinese_vs_russian,False,chinese,ALL,-1,,2000,282,0.141,0.7695035460992907,0.38475177304964536,111,106,0.511520737327189,0.02304147465437789,True
gemini|mmlu,gemini,mmlu,cross_model,chinese_vs_russian,False,chinese,S0,0,0.2947916666666667,384,150,0.390625,0.62,0.31,50,43,0.5376344086021505,0.07526881720430101,True
gemini|mmlu,gemini,mmlu,cross_model,chinese_vs_russian,False,chinese,S1,1,0.7632513661202186,488,99,0.2028688524590164,0.9191919191919192,0.4595959595959596,44,47,0.4835164835164835,-0.03296703296703296,True
gemini|mmlu,gemini,mmlu,cross_model,chinese_vs_russian,False,chinese,S2,2,0.9333333333333336,245,16,0.0653061224489796,1.0,0.5,8,8,0.5,0.0,False
gemini|mmlu,gemini,mmlu,cross_model,chinese_vs_russian,False,chinese,S3,3,1.0,883,17,0.01925254813137033,1.0,0.5,9,8,0.5294117647058824,0.05882352941176472,False
gemini|mmlu,gemini,mmlu,cross_model,chinese_vs_spanish,False,spanish,ALL,-1,,2000,291,0.1455,0.7869415807560137,0.39347079037800686,118,111,0.5152838427947598,0.03056768558951961,True
gemini|mmlu,gemini,mmlu,cross_model,chinese_vs_spanish,False,spanish,S0,0,0.2947916666666667,384,151,0.3932291666666667,0.6622516556291391,0.33112582781456956,56,44,0.56,0.1200000000000001,True
gemini|mmlu,gemini,mmlu,cross_model,chinese_vs_spanish,False,spanish,S1,1,0.7632513661202186,488,111,0.22745901639344263,0.9099099099099099,0.45495495495495497,47,54,0.46534653465346537,-0.06930693069306926,True
gemini|mmlu,gemini,mmlu,cross_model,chinese_vs_spanish,False,spanish,S2,2,0.9333333333333336,245,14,0.05714285714285714,0.9285714285714286,0.4642857142857143,8,5,0.6153846153846154,0.23076923076923084,False
gemini|mmlu,gemini,mmlu,cross_model,chinese_vs_spanish,False,spanish,S3,3,1.0,883,15,0.01698754246885617,1.0,0.5,7,8,0.4666666666666667,-0.06666666666666665,False
gemini|mmlu,gemini,mmlu,cross_model,english_vs_chinese,True,chinese,ALL,-1,,2000,303,0.1515,0.759075907590759,0.3795379537953795,121,109,0.5260869565217391,0.05217391304347818,True
gemini|mmlu,gemini,mmlu,cross_model,english_vs_chinese,True,chinese,S0,0,0.2947916666666667,384,157,0.4088541666666667,0.5923566878980892,0.2961783439490446,49,44,0.5268817204301075,0.053763440860215006,True
gemini|mmlu,gemini,mmlu,cross_model,english_vs_chinese,True,chinese,S1,1,0.7632513661202186,488,105,0.2151639344262295,0.9333333333333333,0.4666666666666667,45,53,0.45918367346938777,-0.08163265306122447,True
gemini|mmlu,gemini,mmlu,cross_model,english_vs_chinese,True,chinese,S2,2,0.9333333333333336,245,18,0.07346938775510205,0.8888888888888888,0.4444444444444444,11,5,0.6875,0.375,False
gemini|mmlu,gemini,mmlu,cross_model,english_vs_chinese,True,chinese,S3,3,1.0,883,23,0.026047565118912798,1.0,0.5,16,7,0.6956521739130435,0.3913043478260869,False
gemini|mmlu,gemini,mmlu,cross_model,english_vs_japanese,True,english,ALL,-1,,2000,313,0.1565,0.7412140575079872,0.3706070287539936,119,113,0.5129310344827587,0.02586206896551735,True
gemini|mmlu,gemini,mmlu,cross_model,english_vs_japanese,True,english,S0,0,0.2947916666666667,384,163,0.4244791666666667,0.5644171779141104,0.2822085889570552,49,43,0.532608695652174,0.0652173913043479,True
gemini|mmlu,gemini,mmlu,cross_model,english_vs_japanese,True,english,S1,1,0.7632513661202186,488,101,0.2069672131147541,0.9207920792079208,0.4603960396039604,49,44,0.5268817204301075,0.053763440860215006,True
gemini|mmlu,gemini,mmlu,cross_model,english_vs_japanese,True,english,S2,2,0.9333333333333336,245,22,0.08979591836734693,0.9545454545454546,0.4772727272727273,10,11,0.47619047619047616,-0.04761904761904767,False
gemini|mmlu,gemini,mmlu,cross_model,english_vs_japanese,True,english,S3,3,1.0,883,27,0.030577576443941108,0.9629629629629629,0.48148148148148145,11,15,0.4230769230769231,-0.15384615384615385,False
gemini|mmlu,gemini,mmlu,cross_model,english_vs_russian,True,russian,ALL,-1,,2000,302,0.151,0.7649006622516556,0.3824503311258278,119,112,0.5151515151515151,0.030303030303030276,True
gemini|mmlu,gemini,mmlu,cross_model,english_vs_russian,True,russian,S0,0,0.2947916666666667,384,156,0.40625,0.6153846153846154,0.3076923076923077,47,49,0.4895833333333333,-0.02083333333333337,True
gemini|mmlu,gemini,mmlu,cross_model,english_vs_russian,True,russian,S1,1,0.7632513661202186,488,104,0.21311475409836064,0.9134615384615384,0.4567307692307692,45,50,0.47368421052631576,-0.052631578947368474,True
gemini|mmlu,gemini,mmlu,cross_model,english_vs_russian,True,russian,S2,2,0.9333333333333336,245,21,0.08571428571428572,0.9523809523809523,0.47619047619047616,13,7,0.65,0.30000000000000004,False
gemini|mmlu,gemini,mmlu,cross_model,english_vs_russian,True,russian,S3,3,1.0,883,21,0.02378255945639864,0.9523809523809523,0.47619047619047616,14,6,0.7,0.3999999999999999,False
gemini|mmlu,gemini,mmlu,cross_model,english_vs_spanish,True,spanish,ALL,-1,,2000,283,0.1415,0.7526501766784452,0.3763250883392226,116,97,0.5446009389671361,0.08920187793427226,True
gemini|mmlu,gemini,mmlu,cross_model,english_vs_spanish,True,spanish,S0,0,0.2947916666666667,384,145,0.3776041666666667,0.6,0.3,52,35,0.5977011494252874,0.1954022988505748,True
gemini|mmlu,gemini,mmlu,cross_model,english_vs_spanish,True,spanish,S1,1,0.7632513661202186,488,104,0.21311475409836064,0.8942307692307693,0.44711538461538464,39,54,0.41935483870967744,-0.16129032258064513,True
gemini|mmlu,gemini,mmlu,cross_model,english_vs_spanish,True,spanish,S2,2,0.9333333333333336,245,17,0.06938775510204082,1.0,0.5,13,4,0.7647058823529411,0.5294117647058822,False
gemini|mmlu,gemini,mmlu,cross_model,english_vs_spanish,True,spanish,S3,3,1.0,883,17,0.01925254813137033,0.9411764705882353,0.47058823529411764,12,4,0.75,0.5,False
gemini|mmlu,gemini,mmlu,cross_model,japanese_vs_russian,False,russian,ALL,-1,,2000,301,0.1505,0.8006644518272426,0.4003322259136213,127,114,0.5269709543568465,0.053941908713692976,True
gemini|mmlu,gemini,mmlu,cross_model,japanese_vs_russian,False,russian,S0,0,0.2947916666666667,384,156,0.40625,0.6666666666666666,0.3333333333333333,54,50,0.5192307692307693,0.03846153846153855,True
gemini|mmlu,gemini,mmlu,cross_model,japanese_vs_russian,False,russian,S1,1,0.7632513661202186,488,105,0.2151639344262295,0.9333333333333333,0.4666666666666667,49,49,0.5,0.0,True
gemini|mmlu,gemini,mmlu,cross_model,japanese_vs_russian,False,russian,S2,2,0.9333333333333336,245,19,0.07755102040816327,1.0,0.5,12,7,0.631578947368421,0.26315789473684204,False
gemini|mmlu,gemini,mmlu,cross_model,japanese_vs_russian,False,russian,S3,3,1.0,883,21,0.02378255945639864,0.9523809523809523,0.47619047619047616,12,8,0.6,0.19999999999999996,False
gemini|mmlu,gemini,mmlu,cross_model,japanese_vs_spanish,False,spanish,ALL,-1,,2000,310,0.155,0.7645161290322581,0.38225806451612904,131,106,0.5527426160337553,0.10548523206751059,True
gemini|mmlu,gemini,mmlu,cross_model,japanese_vs_spanish,False,spanish,S0,0,0.2947916666666667,384,163,0.4244791666666667,0.6196319018404908,0.3098159509202454,62,39,0.6138613861386139,0.2277227722772277,True
gemini|mmlu,gemini,mmlu,cross_model,japanese_vs_spanish,False,spanish,S1,1,0.7632513661202186,488,111,0.22745901639344263,0.9369369369369369,0.46846846846846846,47,57,0.4519230769230769,-0.09615384615384615,True
gemini|mmlu,gemini,mmlu,cross_model,japanese_vs_spanish,False,spanish,S2,2,0.9333333333333336,245,18,0.07346938775510205,0.8888888888888888,0.4444444444444444,12,4,0.75,0.5,False
gemini|mmlu,gemini,mmlu,cross_model,japanese_vs_spanish,False,spanish,S3,3,1.0,883,18,0.020385050962627407,0.8888888888888888,0.4444444444444444,10,6,0.625,0.25,False
gemini|mmlu,gemini,mmlu,cross_model,russian_vs_spanish,False,spanish,ALL,-1,,2000,281,0.1405,0.7758007117437722,0.3879003558718861,115,103,0.5275229357798165,0.05504587155963292,True
gemini|mmlu,gemini,mmlu,cross_model,russian_vs_spanish,False,spanish,S0,0,0.2947916666666667,384,155,0.4036458333333333,0.6645161290322581,0.33225806451612905,61,42,0.5922330097087378,0.18446601941747565,True
gemini|mmlu,gemini,mmlu,cross_model,russian_vs_spanish,False,spanish,S1,1,0.7632513661202186,488,101,0.2069672131147541,0.9108910891089109,0.45544554455445546,41,51,0.44565217391304346,-0.10869565217391308,True
gemini|mmlu,gemini,mmlu,cross_model,russian_vs_spanish,False,spanish,S2,2,0.9333333333333336,245,12,0.04897959183673469,0.9166666666666666,0.4583333333333333,7,4,0.6363636363636364,0.2727272727272727,False
gemini|mmlu,gemini,mmlu,cross_model,russian_vs_spanish,False,spanish,S3,3,1.0,883,13,0.014722536806342015,0.9230769230769231,0.46153846153846156,6,6,0.5,0.0,False
gemini|truthfulqa,gemini,truthfulqa,cross_model,chinese_vs_japanese,False,japanese,ALL,-1,,817,153,0.18727050183598531,0.6928104575163399,0.3464052287581699,60,46,0.5660377358490566,0.13207547169811318,True
gemini|truthfulqa,gemini,truthfulqa,cross_model,chinese_vs_japanese,False,japanese,S0,0,0.2579365079365079,168,82,0.4880952380952381,0.5121951219512195,0.25609756097560976,24,18,0.5714285714285714,0.1428571428571428,True
gemini|truthfulqa,gemini,truthfulqa,cross_model,chinese_vs_japanese,False,japanese,S1,1,0.6933333333333332,170,44,0.25882352941176473,0.8636363636363636,0.4318181818181818,19,19,0.5,0.0,True
gemini|truthfulqa,gemini,truthfulqa,cross_model,chinese_vs_japanese,False,japanese,S2,2,0.9027777777777779,168,16,0.09523809523809523,0.9375,0.46875,12,3,0.8,0.6000000000000001,False
gemini|truthfulqa,gemini,truthfulqa,cross_model,chinese_vs_japanese,False,japanese,S3,3,1.0,311,11,0.03536977491961415,1.0,0.5,5,6,0.45454545454545453,-0.09090909090909094,False
gemini|truthfulqa,gemini,truthfulqa,cross_model,chinese_vs_russian,False,chinese,ALL,-1,,817,164,0.200734394124847,0.6097560975609756,0.3048780487804878,50,50,0.5,0.0,True
gemini|truthfulqa,gemini,truthfulqa,cross_model,chinese_vs_russian,False,chinese,S0,0,0.2579365079365079,168,89,0.5297619047619048,0.449438202247191,0.2247191011235955,17,23,0.425,-0.15000000000000002,True
gemini|truthfulqa,gemini,truthfulqa,cross_model,chinese_vs_russian,False,chinese,S1,1,0.6933333333333332,170,49,0.28823529411764703,0.8163265306122449,0.40816326530612246,24,16,0.6,0.19999999999999996,True
gemini|truthfulqa,gemini,truthfulqa,cross_model,chinese_vs_russian,False,chinese,S2,2,0.9027777777777779,168,17,0.10119047619047619,0.6470588235294118,0.3235294117647059,6,5,0.5454545454545454,0.09090909090909083,False
gemini|truthfulqa,gemini,truthfulqa,cross_model,chinese_vs_russian,False,chinese,S3,3,1.0,311,9,0.028938906752411574,1.0,0.5,3,6,0.3333333333333333,-0.33333333333333337,False
gemini|truthfulqa,gemini,truthfulqa,cross_model,chinese_vs_spanish,False,spanish,ALL,-1,,817,156,0.1909424724602203,0.6474358974358975,0.32371794871794873,58,43,0.5742574257425742,0.14851485148514842,True
gemini|truthfulqa,gemini,truthfulqa,cross_model,chinese_vs_spanish,False,spanish,S0,0,0.2579365079365079,168,83,0.49404761904761907,0.4578313253012048,0.2289156626506024,24,14,0.631578947368421,0.26315789473684204,True
gemini|truthfulqa,gemini,truthfulqa,cross_model,chinese_vs_spanish,False,spanish,S1,1,0.6933333333333332,170,49,0.28823529411764703,0.8163265306122449,0.40816326530612246,18,22,0.45,-0.09999999999999998,True
gemini|truthfulqa,gemini,truthfulqa,cross_model,chinese_vs_spanish,False,spanish,S2,2,0.9027777777777779,168,15,0.08928571428571429,0.9333333333333333,0.4666666666666667,9,5,0.6428571428571429,0.2857142857142858,False
gemini|truthfulqa,gemini,truthfulqa,cross_model,chinese_vs_spanish,False,spanish,S3,3,1.0,311,9,0.028938906752411574,1.0,0.5,7,2,0.7777777777777778,0.5555555555555556,False
gemini|truthfulqa,gemini,truthfulqa,cross_model,english_vs_chinese,True,english,ALL,-1,,817,176,0.21542227662178703,0.6136363636363636,0.3068181818181818,56,52,0.5185185185185185,0.03703703703703698,True
gemini|truthfulqa,gemini,truthfulqa,cross_model,english_vs_chinese,True,english,S0,0,0.2579365079365079,168,99,0.5892857142857143,0.43434343434343436,0.21717171717171718,22,21,0.5116279069767442,0.023255813953488413,True
gemini|truthfulqa,gemini,truthfulqa,cross_model,english_vs_chinese,True,english,S1,1,0.6933333333333332,170,51,0.3,0.8235294117647058,0.4117647058823529,19,23,0.4523809523809524,-0.09523809523809523,True
gemini|truthfulqa,gemini,truthfulqa,cross_model,english_vs_chinese,True,english,S2,2,0.9027777777777779,168,17,0.10119047619047619,0.8823529411764706,0.4411764705882353,9,6,0.6,0.19999999999999996,False
gemini|truthfulqa,gemini,truthfulqa,cross_model,english_vs_chinese,True,english,S3,3,1.0,311,9,0.028938906752411574,0.8888888888888888,0.4444444444444444,6,2,0.75,0.5,False
gemini|truthfulqa,gemini,truthfulqa,cross_model,english_vs_japanese,True,japanese,ALL,-1,,817,175,0.2141982864137087,0.6857142857142857,0.34285714285714286,65,55,0.5416666666666666,0.08333333333333326,True
gemini|truthfulqa,gemini,truthfulqa,cross_model,english_vs_japanese,True,japanese,S0,0,0.2579365079365079,168,94,0.5595238095238095,0.5,0.25,26,21,0.5531914893617021,0.1063829787234043,True
gemini|truthfulqa,gemini,truthfulqa,cross_model,english_vs_japanese,True,japanese,S1,1,0.6933333333333332,170,57,0.3352941176470588,0.9122807017543859,0.45614035087719296,28,24,0.5384615384615384,0.07692307692307687,True
gemini|truthfulqa,gemini,truthfulqa,cross_model,english_vs_japanese,True,japanese,S2,2,0.9027777777777779,168,14,0.08333333333333333,0.8571428571428571,0.42857142857142855,9,3,0.75,0.5,False
gemini|truthfulqa,gemini,truthfulqa,cross_model,english_vs_japanese,True,japanese,S3,3,1.0,311,10,0.03215434083601286,0.9,0.45,2,7,0.2222222222222222,-0.5555555555555556,False
gemini|truthfulqa,gemini,truthfulqa,cross_model,english_vs_russian,True,english,ALL,-1,,817,169,0.20685434516523868,0.6272189349112426,0.3136094674556213,55,51,0.5188679245283019,0.037735849056603765,True
gemini|truthfulqa,gemini,truthfulqa,cross_model,english_vs_russian,True,english,S0,0,0.2579365079365079,168,93,0.5535714285714286,0.41935483870967744,0.20967741935483872,17,22,0.4358974358974359,-0.1282051282051282,True
gemini|truthfulqa,gemini,truthfulqa,cross_model,english_vs_russian,True,english,S1,1,0.6933333333333332,170,53,0.31176470588235294,0.9433962264150944,0.4716981132075472,27,23,0.54,0.08000000000000007,True
gemini|truthfulqa,gemini,truthfulqa,cross_model,english_vs_russian,True,english,S2,2,0.9027777777777779,168,17,0.10119047619047619,0.7058823529411765,0.35294117647058826,8,4,0.6666666666666666,0.33333333333333326,False
gemini|truthfulqa,gemini,truthfulqa,cross_model,english_vs_russian,True,english,S3,3,1.0,311,6,0.01929260450160772,0.8333333333333334,0.4166666666666667,3,2,0.6,0.19999999999999996,False
gemini|truthfulqa,gemini,truthfulqa,cross_model,english_vs_spanish,True,spanish,ALL,-1,,817,151,0.18482252141982863,0.6423841059602649,0.3211920529801324,54,43,0.5567010309278351,0.11340206185567014,True
gemini|truthfulqa,gemini,truthfulqa,cross_model,english_vs_spanish,True,spanish,S0,0,0.2579365079365079,168,85,0.5059523809523809,0.4588235294117647,0.22941176470588234,24,15,0.6153846153846154,0.23076923076923084,True
gemini|truthfulqa,gemini,truthfulqa,cross_model,english_vs_spanish,True,spanish,S1,1,0.6933333333333332,170,51,0.3,0.8627450980392157,0.43137254901960786,22,22,0.5,0.0,True
gemini|truthfulqa,gemini,truthfulqa,cross_model,english_vs_spanish,True,spanish,S2,2,0.9027777777777779,168,12,0.07142857142857142,0.9166666666666666,0.4583333333333333,6,5,0.5454545454545454,0.09090909090909083,False
gemini|truthfulqa,gemini,truthfulqa,cross_model,english_vs_spanish,True,spanish,S3,3,1.0,311,3,0.00964630225080386,1.0,0.5,2,1,0.6666666666666666,0.33333333333333326,False
gemini|truthfulqa,gemini,truthfulqa,cross_model,japanese_vs_russian,False,japanese,ALL,-1,,817,154,0.18849449204406366,0.6493506493506493,0.3246753246753247,57,43,0.57,0.1399999999999999,True
gemini|truthfulqa,gemini,truthfulqa,cross_model,japanese_vs_russian,False,japanese,S0,0,0.2579365079365079,168,86,0.5119047619047619,0.46511627906976744,0.23255813953488372,20,20,0.5,0.0,True
gemini|truthfulqa,gemini,truthfulqa,cross_model,japanese_vs_russian,False,japanese,S1,1,0.6933333333333332,170,47,0.27647058823529413,0.851063829787234,0.425531914893617,24,16,0.6,0.19999999999999996,True
gemini|truthfulqa,gemini,truthfulqa,cross_model,japanese_vs_russian,False,japanese,S2,2,0.9027777777777779,168,13,0.07738095238095238,0.9230769230769231,0.46153846153846156,11,1,0.9166666666666666,0.8333333333333333,False
gemini|truthfulqa,gemini,truthfulqa,cross_model,japanese_vs_russian,False,japanese,S3,3,1.0,311,8,0.02572347266881029,1.0,0.5,2,6,0.25,-0.5,False
gemini|truthfulqa,gemini,truthfulqa,cross_model,japanese_vs_spanish,False,spanish,ALL,-1,,817,156,0.1909424724602203,0.7243589743589743,0.36217948717948717,57,56,0.504424778761062,0.008849557522123908,True
gemini|truthfulqa,gemini,truthfulqa,cross_model,japanese_vs_spanish,False,spanish,S0,0,0.2579365079365079,168,86,0.5119047619047619,0.5813953488372093,0.29069767441860467,27,23,0.54,0.08000000000000007,True
gemini|truthfulqa,gemini,truthfulqa,cross_model,japanese_vs_spanish,False,spanish,S1,1,0.6933333333333332,170,47,0.27647058823529413,0.851063829787234,0.425531914893617,18,22,0.45,-0.09999999999999998,True
gemini|truthfulqa,gemini,truthfulqa,cross_model,japanese_vs_spanish,False,spanish,S2,2,0.9027777777777779,168,15,0.08928571428571429,1.0,0.5,5,10,0.3333333333333333,-0.33333333333333337,False
gemini|truthfulqa,gemini,truthfulqa,cross_model,japanese_vs_spanish,False,spanish,S3,3,1.0,311,8,0.02572347266881029,1.0,0.5,7,1,0.875,0.75,False
gemini|truthfulqa,gemini,truthfulqa,cross_model,russian_vs_spanish,False,spanish,ALL,-1,,817,159,0.19461444308445533,0.710691823899371,0.3553459119496855,64,49,0.5663716814159292,0.1327433628318584,True
gemini|truthfulqa,gemini,truthfulqa,cross_model,russian_vs_spanish,False,spanish,S0,0,0.2579365079365079,168,84,0.5,0.5476190476190477,0.27380952380952384,25,21,0.5434782608695652,0.08695652173913038,True
gemini|truthfulqa,gemini,truthfulqa,cross_model,russian_vs_spanish,False,spanish,S1,1,0.6933333333333332,170,52,0.3058823529411765,0.8846153846153846,0.4423076923076923,25,21,0.5434782608695652,0.08695652173913038,True
gemini|truthfulqa,gemini,truthfulqa,cross_model,russian_vs_spanish,False,spanish,S2,2,0.9027777777777779,168,17,0.10119047619047619,0.8823529411764706,0.4411764705882353,10,5,0.6666666666666666,0.33333333333333326,False
gemini|truthfulqa,gemini,truthfulqa,cross_model,russian_vs_spanish,False,spanish,S3,3,1.0,311,6,0.01929260450160772,1.0,0.5,4,2,0.6666666666666666,0.33333333333333326,False
gpt4omini|commonsenseqa,gpt4omini,commonsenseqa,cross_model,chinese_vs_japanese,False,japanese,ALL,-1,,2000,479,0.2395,0.7828810020876826,0.3914405010438413,201,174,0.536,0.07200000000000006,True
gpt4omini|commonsenseqa,gpt4omini,commonsenseqa,cross_model,chinese_vs_japanese,False,japanese,S0,0,0.19383886255924165,422,152,0.36018957345971564,0.6118421052631579,0.3059210526315789,52,41,0.5591397849462365,0.11827956989247301,True
gpt4omini|commonsenseqa,gpt4omini,commonsenseqa,cross_model,chinese_vs_japanese,False,japanese,S1,1,0.6160463192721257,403,182,0.45161290322580644,0.8186813186813187,0.40934065934065933,75,74,0.5033557046979866,0.006711409395973256,True
gpt4omini|commonsenseqa,gpt4omini,commonsenseqa,cross_model,chinese_vs_japanese,False,japanese,S2,2,0.8412393162393164,312,86,0.27564102564102566,0.9186046511627907,0.45930232558139533,51,28,0.6455696202531646,0.2911392405063291,True
gpt4omini|commonsenseqa,gpt4omini,commonsenseqa,cross_model,chinese_vs_japanese,False,japanese,S3,3,0.9333333333333335,204,34,0.16666666666666666,0.9705882352941176,0.4852941176470588,11,22,0.3333333333333333,-0.33333333333333337,True
gpt4omini|commonsenseqa,gpt4omini,commonsenseqa,cross_model,chinese_vs_japanese,False,japanese,S4,4,1.0,659,25,0.03793626707132018,0.84,0.42,12,9,0.5714285714285714,0.1428571428571428,False
gpt4omini|commonsenseqa,gpt4omini,commonsenseqa,cross_model,chinese_vs_russian,False,russian,ALL,-1,,2000,510,0.255,0.7901960784313725,0.39509803921568626,229,174,0.5682382133995038,0.1364764267990075,True
gpt4omini|commonsenseqa,gpt4omini,commonsenseqa,cross_model,chinese_vs_russian,False,russian,S0,0,0.19383886255924165,422,179,0.42417061611374407,0.5977653631284916,0.2988826815642458,57,50,0.5327102803738317,0.06542056074766345,True
gpt4omini|commonsenseqa,gpt4omini,commonsenseqa,cross_model,chinese_vs_russian,False,russian,S1,1,0.6160463192721257,403,187,0.4640198511166253,0.8342245989304813,0.41711229946524064,84,72,0.5384615384615384,0.07692307692307687,True
gpt4omini|commonsenseqa,gpt4omini,commonsenseqa,cross_model,chinese_vs_russian,False,russian,S2,2,0.8412393162393164,312,87,0.27884615384615385,0.9540229885057471,0.47701149425287354,59,24,0.7108433734939759,0.4216867469879517,True
gpt4omini|commonsenseqa,gpt4omini,commonsenseqa,cross_model,chinese_vs_russian,False,russian,S3,3,0.9333333333333335,204,28,0.13725490196078433,1.0,0.5,11,17,0.39285714285714285,-0.2142857142857143,False
gpt4omini|commonsenseqa,gpt4omini,commonsenseqa,cross_model,chinese_vs_russian,False,russian,S4,4,1.0,659,29,0.04400606980273141,1.0,0.5,18,11,0.6206896551724138,0.24137931034482762,False
gpt4omini|commonsenseqa,gpt4omini,commonsenseqa,cross_model,chinese_vs_spanish,False,spanish,ALL,-1,,2000,492,0.246,0.8109756097560976,0.4054878048780488,248,151,0.6215538847117794,0.24310776942355883,True
gpt4omini|commonsenseqa,gpt4omini,commonsenseqa,cross_model,chinese_vs_spanish,False,spanish,S0,0,0.19383886255924165,422,170,0.4028436018957346,0.6470588235294118,0.3235294117647059,60,50,0.5454545454545454,0.09090909090909083,True
gpt4omini|commonsenseqa,gpt4omini,commonsenseqa,cross_model,chinese_vs_spanish,False,spanish,S1,1,0.6160463192721257,403,184,0.456575682382134,0.8695652173913043,0.43478260869565216,104,56,0.65,0.30000000000000004,True
gpt4omini|commonsenseqa,gpt4omini,commonsenseqa,cross_model,chinese_vs_spanish,False,spanish,S2,2,0.8412393162393164,312,93,0.2980769230769231,0.9032258064516129,0.45161290322580644,56,28,0.6666666666666666,0.33333333333333326,True
gpt4omini|commonsenseqa,gpt4omini,commonsenseqa,cross_model,chinese_vs_spanish,False,spanish,S3,3,0.9333333333333335,204,23,0.11274509803921569,1.0,0.5,12,11,0.5217391304347826,0.04347826086956519,False
gpt4omini|commonsenseqa,gpt4omini,commonsenseqa,cross_model,chinese_vs_spanish,False,spanish,S4,4,1.0,659,22,0.03338391502276176,1.0,0.5,16,6,0.7272727272727273,0.4545454545454546,False
gpt4omini|commonsenseqa,gpt4omini,commonsenseqa,cross_model,english_vs_chinese,True,english,ALL,-1,,2000,463,0.2315,0.8596112311015118,0.4298056155507559,312,86,0.7839195979899497,0.5678391959798994,True
gpt4omini|commonsenseqa,gpt4omini,commonsenseqa,cross_model,english_vs_chinese,True,english,S0,0,0.19383886255924165,422,173,0.4099526066350711,0.6994219653179191,0.34971098265895956,89,32,0.7355371900826446,0.47107438016528924,True
gpt4omini|commonsenseqa,gpt4omini,commonsenseqa,cross_model,english_vs_chinese,True,english,S1,1,0.6160463192721257,403,164,0.40694789081885857,0.9390243902439024,0.4695121951219512,124,30,0.8051948051948052,0.6103896103896105,True
gpt4omini|commonsenseqa,gpt4omini,commonsenseqa,cross_model,english_vs_chinese,True,english,S2,2,0.8412393162393164,312,85,0.2724358974358974,0.9647058823529412,0.4823529411764706,68,14,0.8292682926829268,0.6585365853658536,True
gpt4omini|commonsenseqa,gpt4omini,commonsenseqa,cross_model,english_vs_chinese,True,english,S3,3,0.9333333333333335,204,19,0.09313725490196079,1.0,0.5,13,6,0.6842105263157895,0.368421052631579,False
gpt4omini|commonsenseqa,gpt4omini,commonsenseqa,cross_model,english_vs_chinese,True,english,S4,4,1.0,659,22,0.03338391502276176,1.0,0.5,18,4,0.8181818181818182,0.6363636363636365,False
gpt4omini|commonsenseqa,gpt4omini,commonsenseqa,cross_model,english_vs_japanese,True,english,ALL,-1,,2000,471,0.2355,0.8556263269639066,0.4278131634819533,301,102,0.7468982630272953,0.4937965260545907,True
gpt4omini|commonsenseqa,gpt4omini,commonsenseqa,cross_model,english_vs_japanese,True,english,S0,0,0.19383886255924165,422,183,0.43364928909952605,0.6994535519125683,0.34972677595628415,87,41,0.6796875,0.359375,True
gpt4omini|commonsenseqa,gpt4omini,commonsenseqa,cross_model,english_vs_japanese,True,english,S1,1,0.6160463192721257,403,172,0.4267990074441687,0.9476744186046512,0.4738372093023256,128,35,0.7852760736196319,0.5705521472392638,True
gpt4omini|commonsenseqa,gpt4omini,commonsenseqa,cross_model,english_vs_japanese,True,english,S2,2,0.8412393162393164,312,69,0.22115384615384615,0.9710144927536232,0.4855072463768116,49,18,0.7313432835820896,0.4626865671641791,True
gpt4omini|commonsenseqa,gpt4omini,commonsenseqa,cross_model,english_vs_japanese,True,english,S3,3,0.9333333333333335,204,26,0.12745098039215685,0.9230769230769231,0.46153846153846156,21,3,0.875,0.75,False
gpt4omini|commonsenseqa,gpt4omini,commonsenseqa,cross_model,english_vs_japanese,True,english,S4,4,1.0,659,21,0.03186646433990895,1.0,0.5,16,5,0.7619047619047619,0.5238095238095237,False
gpt4omini|commonsenseqa,gpt4omini,commonsenseqa,cross_model,english_vs_russian,True,english,ALL,-1,,2000,419,0.2095,0.8615751789976134,0.4307875894988067,266,95,0.7368421052631579,0.4736842105263157,True
gpt4omini|commonsenseqa,gpt4omini,commonsenseqa,cross_model,english_vs_russian,True,english,S0,0,0.19383886255924165,422,167,0.3957345971563981,0.718562874251497,0.3592814371257485,85,35,0.7083333333333334,0.41666666666666674,True
gpt4omini|commonsenseqa,gpt4omini,commonsenseqa,cross_model,english_vs_russian,True,english,S1,1,0.6160463192721257,403,159,0.3945409429280397,0.9433962264150944,0.4716981132075472,116,34,0.7733333333333333,0.5466666666666666,True
gpt4omini|commonsenseqa,gpt4omini,commonsenseqa,cross_model,english_vs_russian,True,english,S2,2,0.8412393162393164,312,57,0.18269230769230768,0.9649122807017544,0.4824561403508772,37,18,0.6727272727272727,0.34545454545454546,True
gpt4omini|commonsenseqa,gpt4omini,commonsenseqa,cross_model,english_vs_russian,True,english,S3,3,0.9333333333333335,204,21,0.10294117647058823,1.0,0.5,17,4,0.8095238095238095,0.6190476190476191,False
gpt4omini|commonsenseqa,gpt4omini,commonsenseqa,cross_model,english_vs_russian,True,english,S4,4,1.0,659,15,0.02276176024279211,1.0,0.5,11,4,0.7333333333333333,0.46666666666666656,False
gpt4omini|commonsenseqa,gpt4omini,commonsenseqa,cross_model,english_vs_spanish,True,english,ALL,-1,,2000,388,0.194,0.8530927835051546,0.4265463917525773,230,101,0.6948640483383686,0.38972809667673713,True
gpt4omini|commonsenseqa,gpt4omini,commonsenseqa,cross_model,english_vs_spanish,True,english,S0,0,0.19383886255924165,422,160,0.3791469194312796,0.73125,0.365625,82,35,0.7008547008547008,0.4017094017094016,True
gpt4omini|commonsenseqa,gpt4omini,commonsenseqa,cross_model,english_vs_spanish,True,english,S1,1,0.6160463192721257,403,143,0.3548387096774194,0.9230769230769231,0.46153846153846156,89,43,0.6742424242424242,0.3484848484848484,True
gpt4omini|commonsenseqa,gpt4omini,commonsenseqa,cross_model,english_vs_spanish,True,english,S2,2,0.8412393162393164,312,57,0.18269230769230768,0.9473684210526315,0.47368421052631576,40,14,0.7407407407407407,0.4814814814814814,True
gpt4omini|commonsenseqa,gpt4omini,commonsenseqa,cross_model,english_vs_spanish,True,english,S3,3,0.9333333333333335,204,14,0.06862745098039216,1.0,0.5,10,4,0.7142857142857143,0.4285714285714286,False
gpt4omini|commonsenseqa,gpt4omini,commonsenseqa,cross_model,english_vs_spanish,True,english,S4,4,1.0,659,14,0.021244309559939303,1.0,0.5,9,5,0.6428571428571429,0.2857142857142858,False
gpt4omini|commonsenseqa,gpt4omini,commonsenseqa,cross_model,japanese_vs_russian,False,russian,ALL,-1,,2000,508,0.254,0.7755905511811023,0.38779527559055116,211,183,0.5355329949238579,0.07106598984771573,True
gpt4omini|commonsenseqa,gpt4omini,commonsenseqa,cross_model,japanese_vs_russian,False,russian,S0,0,0.19383886255924165,422,181,0.42890995260663506,0.5414364640883977,0.27071823204419887,47,51,0.47959183673469385,-0.04081632653061229,True
gpt4omini|commonsenseqa,gpt4omini,commonsenseqa,cross_model,japanese_vs_russian,False,russian,S1,1,0.6160463192721257,403,186,0.46153846153846156,0.8440860215053764,0.4220430107526882,84,73,0.535031847133758,0.07006369426751591,True
gpt4omini|commonsenseqa,gpt4omini,commonsenseqa,cross_model,japanese_vs_russian,False,russian,S2,2,0.8412393162393164,312,73,0.23397435897435898,0.9863013698630136,0.4931506849315068,42,30,0.5833333333333334,0.16666666666666674,True
gpt4omini|commonsenseqa,gpt4omini,commonsenseqa,cross_model,japanese_vs_russian,False,russian,S3,3,0.9333333333333335,204,40,0.19607843137254902,0.975,0.4875,22,17,0.5641025641025641,0.1282051282051282,True
gpt4omini|commonsenseqa,gpt4omini,commonsenseqa,cross_model,japanese_vs_russian,False,russian,S4,4,1.0,659,28,0.042488619119878605,1.0,0.5,16,12,0.5714285714285714,0.1428571428571428,False
gpt4omini|commonsenseqa,gpt4omini,commonsenseqa,cross_model,japanese_vs_spanish,False,spanish,ALL,-1,,2000,499,0.2495,0.7935871743486974,0.3967935871743487,233,163,0.5883838383838383,0.17676767676767668,True
gpt4omini|commonsenseqa,gpt4omini,commonsenseqa,cross_model,japanese_vs_spanish,False,spanish,S0,0,0.19383886255924165,422,186,0.44075829383886256,0.5967741935483871,0.29838709677419356,55,56,0.4954954954954955,-0.009009009009009028,True
gpt4omini|commonsenseqa,gpt4omini,commonsenseqa,cross_model,japanese_vs_spanish,False,spanish,S1,1,0.6160463192721257,403,174,0.4317617866004963,0.8908045977011494,0.4454022988505747,101,54,0.6516129032258065,0.3032258064516129,True
gpt4omini|commonsenseqa,gpt4omini,commonsenseqa,cross_model,japanese_vs_spanish,False,spanish,S2,2,0.8412393162393164,312,83,0.266025641025641,0.9036144578313253,0.45180722891566266,40,35,0.5333333333333333,0.06666666666666665,True
gpt4omini|commonsenseqa,gpt4omini,commonsenseqa,cross_model,japanese_vs_spanish,False,spanish,S3,3,0.9333333333333335,204,35,0.1715686274509804,0.9714285714285714,0.4857142857142857,23,11,0.6764705882352942,0.3529411764705883,True
gpt4omini|commonsenseqa,gpt4omini,commonsenseqa,cross_model,japanese_vs_spanish,False,spanish,S4,4,1.0,659,21,0.03186646433990895,1.0,0.5,14,7,0.6666666666666666,0.33333333333333326,False
gpt4omini|commonsenseqa,gpt4omini,commonsenseqa,cross_model,russian_vs_spanish,False,spanish,ALL,-1,,2000,442,0.221,0.8009049773755657,0.4004524886877828,198,156,0.559322033898305,0.11864406779661008,True
gpt4omini|commonsenseqa,gpt4omini,commonsenseqa,cross_model,russian_vs_spanish,False,spanish,S0,0,0.19383886255924165,422,167,0.3957345971563981,0.6167664670658682,0.3083832335329341,53,50,0.5145631067961165,0.029126213592232997,True
gpt4omini|commonsenseqa,gpt4omini,commonsenseqa,cross_model,russian_vs_spanish,False,spanish,S1,1,0.6160463192721257,403,158,0.3920595533498759,0.8860759493670886,0.4430379746835443,88,52,0.6285714285714286,0.2571428571428571,True
gpt4omini|commonsenseqa,gpt4omini,commonsenseqa,cross_model,russian_vs_spanish,False,spanish,S2,2,0.8412393162393164,312,71,0.22756410256410256,0.9154929577464789,0.45774647887323944,29,36,0.4461538461538462,-0.10769230769230764,True
gpt4omini|commonsenseqa,gpt4omini,commonsenseqa,cross_model,russian_vs_spanish,False,spanish,S3,3,0.9333333333333335,204,25,0.12254901960784313,1.0,0.5,16,9,0.64,0.28,False
gpt4omini|commonsenseqa,gpt4omini,commonsenseqa,cross_model,russian_vs_spanish,False,spanish,S4,4,1.0,659,21,0.03186646433990895,1.0,0.5,12,9,0.5714285714285714,0.1428571428571428,False
gpt4omini|mathqa,gpt4omini,mathqa,cross_model,chinese_vs_japanese,False,chinese,ALL,-1,,2000,403,0.2015,0.7766749379652605,0.3883374689826303,189,124,0.6038338658146964,0.2076677316293929,True
gpt4omini|mathqa,gpt4omini,mathqa,cross_model,chinese_vs_japanese,False,chinese,S0,0,0.38223308883455576,409,188,0.45965770171149145,0.6329787234042553,0.31648936170212766,68,51,0.5714285714285714,0.1428571428571428,True
gpt4omini|mathqa,gpt4omini,mathqa,cross_model,chinese_vs_japanese,False,chinese,S1,1,0.8913070669168232,533,128,0.2401500938086304,0.8671875,0.43359375,70,41,0.6306306306306306,0.26126126126126126,True
gpt4omini|mathqa,gpt4omini,mathqa,cross_model,chinese_vs_japanese,False,chinese,S2,2,1.0,1058,87,0.08223062381852551,0.9540229885057471,0.47701149425287354,51,32,0.6144578313253012,0.22891566265060237,True
gpt4omini|mathqa,gpt4omini,mathqa,cross_model,chinese_vs_russian,False,russian,ALL,-1,,2000,361,0.1805,0.7534626038781164,0.3767313019390582,149,123,0.5477941176470589,0.09558823529411775,True
gpt4omini|mathqa,gpt4omini,mathqa,cross_model,chinese_vs_russian,False,russian,S0,0,0.38223308883455576,409,188,0.45965770171149145,0.6063829787234043,0.30319148936170215,57,57,0.5,0.0,True
gpt4omini|mathqa,gpt4omini,mathqa,cross_model,chinese_vs_russian,False,russian,S1,1,0.8913070669168232,533,105,0.19699812382739212,0.8761904761904762,0.4380952380952381,55,37,0.5978260869565217,0.19565217391304346,True
gpt4omini|mathqa,gpt4omini,mathqa,cross_model,chinese_vs_russian,False,russian,S2,2,1.0,1058,68,0.06427221172022685,0.9705882352941176,0.4852941176470588,37,29,0.5606060606060606,0.1212121212121211,True
gpt4omini|mathqa,gpt4omini,mathqa,cross_model,chinese_vs_spanish,False,spanish,ALL,-1,,2000,372,0.186,0.7338709677419355,0.36693548387096775,146,127,0.5347985347985348,0.06959706959706957,True
gpt4omini|mathqa,gpt4omini,mathqa,cross_model,chinese_vs_spanish,False,spanish,S0,0,0.38223308883455576,409,194,0.4743276283618582,0.5670103092783505,0.28350515463917525,56,54,0.509090909090909,0.018181818181818077,True
gpt4omini|mathqa,gpt4omini,mathqa,cross_model,chinese_vs_spanish,False,spanish,S1,1,0.8913070669168232,533,119,0.22326454033771106,0.907563025210084,0.453781512605042,56,52,0.5185185185185185,0.03703703703703698,True
gpt4omini|mathqa,gpt4omini,mathqa,cross_model,chinese_vs_spanish,False,spanish,S2,2,1.0,1058,59,0.055765595463137994,0.9322033898305084,0.4661016949152542,34,21,0.6181818181818182,0.23636363636363633,True
gpt4omini|mathqa,gpt4omini,mathqa,cross_model,english_vs_chinese,True,english,ALL,-1,,2000,365,0.1825,0.7780821917808219,0.38904109589041097,167,117,0.5880281690140845,0.176056338028169,True
gpt4omini|mathqa,gpt4omini,mathqa,cross_model,english_vs_chinese,True,english,S0,0,0.38223308883455576,409,197,0.48166259168704156,0.6395939086294417,0.3197969543147208,66,60,0.5238095238095238,0.04761904761904767,True
gpt4omini|mathqa,gpt4omini,mathqa,cross_model,english_vs_chinese,True,english,S1,1,0.8913070669168232,533,103,0.19324577861163228,0.912621359223301,0.4563106796116505,63,31,0.6702127659574468,0.34042553191489366,True
gpt4omini|mathqa,gpt4omini,mathqa,cross_model,english_vs_chinese,True,english,S2,2,1.0,1058,65,0.06143667296786389,0.9846153846153847,0.49230769230769234,38,26,0.59375,0.1875,True
gpt4omini|mathqa,gpt4omini,mathqa,cross_model,english_vs_japanese,True,english,ALL,-1,,2000,414,0.207,0.7753623188405797,0.38768115942028986,218,103,0.6791277258566978,0.35825545171339557,True
gpt4omini|mathqa,gpt4omini,mathqa,cross_model,english_vs_japanese,True,english,S0,0,0.38223308883455576,409,193,0.4718826405867971,0.5854922279792746,0.2927461139896373,68,45,0.6017699115044248,0.20353982300884965,True
gpt4omini|mathqa,gpt4omini,mathqa,cross_model,english_vs_japanese,True,english,S1,1,0.8913070669168232,533,133,0.24953095684803,0.9097744360902256,0.4548872180451128,91,30,0.7520661157024794,0.5041322314049588,True
gpt4omini|mathqa,gpt4omini,mathqa,cross_model,english_vs_japanese,True,english,S2,2,1.0,1058,88,0.0831758034026465,0.9886363636363636,0.4943181818181818,59,28,0.6781609195402298,0.35632183908045967,True
gpt4omini|mathqa,gpt4omini,mathqa,cross_model,english_vs_russian,True,english,ALL,-1,,2000,327,0.1635,0.7400611620795107,0.37003058103975534,133,109,0.5495867768595041,0.09917355371900816,True
gpt4omini|mathqa,gpt4omini,mathqa,cross_model,english_vs_russian,True,english,S0,0,0.38223308883455576,409,171,0.4180929095354523,0.5847953216374269,0.29239766081871343,53,47,0.53,0.06000000000000005,True
gpt4omini|mathqa,gpt4omini,mathqa,cross_model,english_vs_russian,True,english,S1,1,0.8913070669168232,533,97,0.18198874296435272,0.865979381443299,0.4329896907216495,49,35,0.5833333333333334,0.16666666666666674,True
gpt4omini|mathqa,gpt4omini,mathqa,cross_model,english_vs_russian,True,english,S2,2,1.0,1058,59,0.055765595463137994,0.9830508474576272,0.4915254237288136,31,27,0.5344827586206896,0.06896551724137923,True
gpt4omini|mathqa,gpt4omini,mathqa,cross_model,english_vs_spanish,True,english,ALL,-1,,2000,306,0.153,0.7418300653594772,0.3709150326797386,129,98,0.5682819383259912,0.13656387665198233,True
gpt4omini|mathqa,gpt4omini,mathqa,cross_model,english_vs_spanish,True,english,S0,0,0.38223308883455576,409,154,0.3765281173594132,0.5714285714285714,0.2857142857142857,46,42,0.5227272727272727,0.045454545454545414,True
gpt4omini|mathqa,gpt4omini,mathqa,cross_model,english_vs_spanish,True,english,S1,1,0.8913070669168232,533,97,0.18198874296435272,0.8865979381443299,0.44329896907216493,57,29,0.6627906976744186,0.3255813953488371,True
gpt4omini|mathqa,gpt4omini,mathqa,cross_model,english_vs_spanish,True,english,S2,2,1.0,1058,55,0.05198487712665406,0.9636363636363636,0.4818181818181818,26,27,0.49056603773584906,-0.018867924528301883,True
gpt4omini|mathqa,gpt4omini,mathqa,cross_model,japanese_vs_russian,False,russian,ALL,-1,,2000,405,0.2025,0.7580246913580246,0.3790123456790123,199,108,0.6482084690553745,0.2964169381107491,True
gpt4omini|mathqa,gpt4omini,mathqa,cross_model,japanese_vs_russian,False,russian,S0,0,0.38223308883455576,409,199,0.48655256723716384,0.5979899497487438,0.2989949748743719,68,51,0.5714285714285714,0.1428571428571428,True
gpt4omini|mathqa,gpt4omini,mathqa,cross_model,japanese_vs_russian,False,russian,S1,1,0.8913070669168232,533,132,0.24765478424015008,0.8863636363636364,0.4431818181818182,82,35,0.7008547008547008,0.4017094017094016,True
gpt4omini|mathqa,gpt4omini,mathqa,cross_model,japanese_vs_russian,False,russian,S2,2,1.0,1058,74,0.06994328922495274,0.9594594594594594,0.4797297297297297,49,22,0.6901408450704225,0.380281690140845,True
gpt4omini|mathqa,gpt4omini,mathqa,cross_model,japanese_vs_spanish,False,spanish,ALL,-1,,2000,393,0.1965,0.7582697201017812,0.3791348600508906,191,107,0.6409395973154363,0.2818791946308725,True
gpt4omini|mathqa,gpt4omini,mathqa,cross_model,japanese_vs_spanish,False,spanish,S0,0,0.38223308883455576,409,174,0.4254278728606357,0.5574712643678161,0.27873563218390807,58,39,0.5979381443298969,0.19587628865979378,True
gpt4omini|mathqa,gpt4omini,mathqa,cross_model,japanese_vs_spanish,False,spanish,S1,1,0.8913070669168232,533,137,0.2570356472795497,0.8832116788321168,0.4416058394160584,77,44,0.6363636363636364,0.2727272727272727,True
gpt4omini|mathqa,gpt4omini,mathqa,cross_model,japanese_vs_spanish,False,spanish,S2,2,1.0,1058,82,0.07750472589792061,0.975609756097561,0.4878048780487805,56,24,0.7,0.3999999999999999,True
gpt4omini|mathqa,gpt4omini,mathqa,cross_model,russian_vs_spanish,False,russian,ALL,-1,,2000,338,0.169,0.7248520710059172,0.3624260355029586,126,119,0.5142857142857142,0.02857142857142847,True
gpt4omini|mathqa,gpt4omini,mathqa,cross_model,russian_vs_spanish,False,russian,S0,0,0.38223308883455576,409,164,0.40097799511002447,0.5365853658536586,0.2682926829268293,43,45,0.48863636363636365,-0.022727272727272707,True
gpt4omini|mathqa,gpt4omini,mathqa,cross_model,russian_vs_spanish,False,russian,S1,1,0.8913070669168232,533,112,0.2101313320825516,0.875,0.4375,56,42,0.5714285714285714,0.1428571428571428,True
gpt4omini|mathqa,gpt4omini,mathqa,cross_model,russian_vs_spanish,False,russian,S2,2,1.0,1058,62,0.05860113421550094,0.9516129032258065,0.47580645161290325,27,32,0.4576271186440678,-0.0847457627118644,True
gpt4omini|mmlu,gpt4omini,mmlu,cross_model,chinese_vs_japanese,False,japanese,ALL,-1,,2000,407,0.2035,0.7542997542997543,0.37714987714987713,157,150,0.511400651465798,0.0228013029315961,True
gpt4omini|mmlu,gpt4omini,mmlu,cross_model,chinese_vs_japanese,False,japanese,S0,0,0.3270568278201866,393,161,0.40966921119592875,0.5652173913043478,0.2826086956521739,47,44,0.5164835164835165,0.03296703296703307,True
gpt4omini|mmlu,gpt4omini,mmlu,cross_model,chinese_vs_japanese,False,japanese,S1,1,0.7898058252427184,412,138,0.33495145631067963,0.8405797101449275,0.42028985507246375,58,58,0.5,0.0,True
gpt4omini|mmlu,gpt4omini,mmlu,cross_model,chinese_vs_japanese,False,japanese,S2,2,0.9333333333333333,253,49,0.19367588932806323,0.8979591836734694,0.4489795918367347,22,22,0.5,0.0,True
gpt4omini|mmlu,gpt4omini,mmlu,cross_model,chinese_vs_japanese,False,japanese,S3,3,1.0,942,59,0.06263269639065817,0.9491525423728814,0.4745762711864407,30,26,0.5357142857142857,0.0714285714285714,True
gpt4omini|mmlu,gpt4omini,mmlu,cross_model,chinese_vs_russian,False,russian,ALL,-1,,2000,373,0.1865,0.774798927613941,0.3873994638069705,153,136,0.5294117647058824,0.05882352941176472,True
gpt4omini|mmlu,gpt4omini,mmlu,cross_model,chinese_vs_russian,False,russian,S0,0,0.3270568278201866,393,139,0.35368956743002544,0.5899280575539568,0.2949640287769784,37,45,0.45121951219512196,-0.09756097560975607,True
gpt4omini|mmlu,gpt4omini,mmlu,cross_model,chinese_vs_russian,False,russian,S1,1,0.7898058252427184,412,131,0.3179611650485437,0.8320610687022901,0.41603053435114506,60,49,0.5504587155963303,0.10091743119266061,True
gpt4omini|mmlu,gpt4omini,mmlu,cross_model,chinese_vs_russian,False,russian,S2,2,0.9333333333333333,253,46,0.18181818181818182,0.8913043478260869,0.44565217391304346,22,19,0.5365853658536586,0.07317073170731714,True
gpt4omini|mmlu,gpt4omini,mmlu,cross_model,chinese_vs_russian,False,russian,S3,3,1.0,942,57,0.06050955414012739,1.0,0.5,34,23,0.5964912280701754,0.1929824561403508,True
gpt4omini|mmlu,gpt4omini,mmlu,cross_model,chinese_vs_spanish,False,spanish,ALL,-1,,2000,374,0.187,0.786096256684492,0.393048128342246,173,121,0.5884353741496599,0.1768707482993197,True
gpt4omini|mmlu,gpt4omini,mmlu,cross_model,chinese_vs_spanish,False,spanish,S0,0,0.3270568278201866,393,151,0.3842239185750636,0.5960264900662252,0.2980132450331126,45,45,0.5,0.0,True
gpt4omini|mmlu,gpt4omini,mmlu,cross_model,chinese_vs_spanish,False,spanish,S1,1,0.7898058252427184,412,119,0.28883495145631066,0.8739495798319328,0.4369747899159664,64,40,0.6153846153846154,0.23076923076923084,True
gpt4omini|mmlu,gpt4omini,mmlu,cross_model,chinese_vs_spanish,False,spanish,S2,2,0.9333333333333333,253,47,0.1857707509881423,0.9148936170212766,0.4574468085106383,30,13,0.6976744186046512,0.39534883720930236,True
gpt4omini|mmlu,gpt4omini,mmlu,cross_model,chinese_vs_spanish,False,spanish,S3,3,1.0,942,57,0.06050955414012739,1.0,0.5,34,23,0.5964912280701754,0.1929824561403508,True
gpt4omini|mmlu,gpt4omini,mmlu,cross_model,english_vs_chinese,True,english,ALL,-1,,2000,357,0.1785,0.8151260504201681,0.40756302521008403,208,83,0.7147766323024055,0.429553264604811,True
gpt4omini|mmlu,gpt4omini,mmlu,cross_model,english_vs_chinese,True,english,S0,0,0.3270568278201866,393,144,0.366412213740458,0.6388888888888888,0.3194444444444444,56,36,0.6086956521739131,0.21739130434782616,True
gpt4omini|mmlu,gpt4omini,mmlu,cross_model,english_vs_chinese,True,english,S1,1,0.7898058252427184,412,125,0.30339805825242716,0.896,0.448,83,29,0.7410714285714286,0.4821428571428572,True
gpt4omini|mmlu,gpt4omini,mmlu,cross_model,english_vs_chinese,True,english,S2,2,0.9333333333333333,253,41,0.16205533596837945,0.975609756097561,0.4878048780487805,32,8,0.8,0.6000000000000001,True
gpt4omini|mmlu,gpt4omini,mmlu,cross_model,english_vs_chinese,True,english,S3,3,1.0,942,47,0.049893842887473464,1.0,0.5,37,10,0.7872340425531915,0.574468085106383,True
gpt4omini|mmlu,gpt4omini,mmlu,cross_model,english_vs_japanese,True,english,ALL,-1,,2000,391,0.1955,0.8081841432225064,0.4040920716112532,217,99,0.6867088607594937,0.37341772151898733,True
gpt4omini|mmlu,gpt4omini,mmlu,cross_model,english_vs_japanese,True,english,S0,0,0.3270568278201866,393,170,0.43256997455470736,0.6411764705882353,0.3205882352941177,63,46,0.5779816513761468,0.15596330275229353,True
gpt4omini|mmlu,gpt4omini,mmlu,cross_model,english_vs_japanese,True,english,S1,1,0.7898058252427184,412,135,0.3276699029126214,0.9037037037037037,0.45185185185185184,88,34,0.7213114754098361,0.4426229508196722,True
gpt4omini|mmlu,gpt4omini,mmlu,cross_model,english_vs_japanese,True,english,S2,2,0.9333333333333333,253,43,0.16996047430830039,0.9767441860465116,0.4883720930232558,33,9,0.7857142857142857,0.5714285714285714,True
gpt4omini|mmlu,gpt4omini,mmlu,cross_model,english_vs_japanese,True,english,S3,3,1.0,942,43,0.045647558386411886,1.0,0.5,33,10,0.7674418604651163,0.5348837209302326,True
gpt4omini|mmlu,gpt4omini,mmlu,cross_model,english_vs_russian,True,english,ALL,-1,,2000,318,0.159,0.8113207547169812,0.4056603773584906,183,75,0.7093023255813954,0.4186046511627908,True
gpt4omini|mmlu,gpt4omini,mmlu,cross_model,english_vs_russian,True,english,S0,0,0.3270568278201866,393,145,0.36895674300254455,0.6620689655172414,0.3310344827586207,62,34,0.6458333333333334,0.29166666666666674,True
gpt4omini|mmlu,gpt4omini,mmlu,cross_model,english_vs_russian,True,english,S1,1,0.7898058252427184,412,106,0.25728155339805825,0.9150943396226415,0.45754716981132076,70,27,0.7216494845360825,0.44329896907216493,True
gpt4omini|mmlu,gpt4omini,mmlu,cross_model,english_vs_russian,True,english,S2,2,0.9333333333333333,253,35,0.1383399209486166,0.9428571428571428,0.4714285714285714,27,6,0.8181818181818182,0.6363636363636365,True
gpt4omini|mmlu,gpt4omini,mmlu,cross_model,english_vs_russian,True,english,S3,3,1.0,942,32,0.03397027600849257,1.0,0.5,24,8,0.75,0.5,True
gpt4omini|mmlu,gpt4omini,mmlu,cross_model,english_vs_spanish,True,english,ALL,-1,,2000,275,0.1375,0.8036363636363636,0.4018181818181818,147,74,0.665158371040724,0.3303167420814479,True
gpt4omini|mmlu,gpt4omini,mmlu,cross_model,english_vs_spanish,True,english,S0,0,0.3270568278201866,393,126,0.32061068702290074,0.6825396825396826,0.3412698412698413,53,33,0.6162790697674418,0.2325581395348837,True
gpt4omini|mmlu,gpt4omini,mmlu,cross_model,english_vs_spanish,True,english,S1,1,0.7898058252427184,412,97,0.2354368932038835,0.8865979381443299,0.44329896907216493,58,28,0.6744186046511628,0.34883720930232553,True
gpt4omini|mmlu,gpt4omini,mmlu,cross_model,english_vs_spanish,True,english,S2,2,0.9333333333333333,253,22,0.08695652173913043,0.8636363636363636,0.4318181818181818,13,6,0.6842105263157895,0.368421052631579,False
gpt4omini|mmlu,gpt4omini,mmlu,cross_model,english_vs_spanish,True,english,S3,3,1.0,942,30,0.03184713375796178,1.0,0.5,23,7,0.7666666666666667,0.5333333333333334,True
gpt4omini|mmlu,gpt4omini,mmlu,cross_model,japanese_vs_russian,False,russian,ALL,-1,,2000,396,0.198,0.7676767676767676,0.3838383838383838,157,147,0.5164473684210527,0.03289473684210531,True
gpt4omini|mmlu,gpt4omini,mmlu,cross_model,japanese_vs_russian,False,russian,S0,0,0.3270568278201866,393,150,0.3816793893129771,0.5266666666666666,0.2633333333333333,34,45,0.43037974683544306,-0.1392405063291139,True
gpt4omini|mmlu,gpt4omini,mmlu,cross_model,japanese_vs_russian,False,russian,S1,1,0.7898058252427184,412,144,0.34951456310679613,0.8680555555555556,0.4340277777777778,68,57,0.544,0.08800000000000008,True
gpt4omini|mmlu,gpt4omini,mmlu,cross_model,japanese_vs_russian,False,russian,S2,2,0.9333333333333333,253,55,0.21739130434782608,0.9636363636363636,0.4818181818181818,28,25,0.5283018867924528,0.05660377358490565,True
gpt4omini|mmlu,gpt4omini,mmlu,cross_model,japanese_vs_russian,False,russian,S3,3,1.0,942,47,0.049893842887473464,1.0,0.5,27,20,0.574468085106383,0.14893617021276606,True
gpt4omini|mmlu,gpt4omini,mmlu,cross_model,japanese_vs_spanish,False,spanish,ALL,-1,,2000,383,0.1915,0.7963446475195822,0.3981723237597911,175,130,0.5737704918032787,0.14754098360655732,True
gpt4omini|mmlu,gpt4omini,mmlu,cross_model,japanese_vs_spanish,False,spanish,S0,0,0.3270568278201866,393,158,0.4020356234096692,0.6012658227848101,0.30063291139240506,46,49,0.4842105263157895,-0.03157894736842104,True
gpt4omini|mmlu,gpt4omini,mmlu,cross_model,japanese_vs_spanish,False,spanish,S1,1,0.7898058252427184,412,132,0.32038834951456313,0.9090909090909091,0.45454545454545453,72,48,0.6,0.19999999999999996,True
gpt4omini|mmlu,gpt4omini,mmlu,cross_model,japanese_vs_spanish,False,spanish,S2,2,0.9333333333333333,253,43,0.16996047430830039,0.9534883720930233,0.47674418604651164,29,12,0.7073170731707317,0.41463414634146334,True
gpt4omini|mmlu,gpt4omini,mmlu,cross_model,japanese_vs_spanish,False,spanish,S3,3,1.0,942,50,0.05307855626326964,0.98,0.49,28,21,0.5714285714285714,0.1428571428571428,True
gpt4omini|mmlu,gpt4omini,mmlu,cross_model,russian_vs_spanish,False,spanish,ALL,-1,,2000,320,0.16,0.765625,0.3828125,140,105,0.5714285714285714,0.1428571428571428,True
gpt4omini|mmlu,gpt4omini,mmlu,cross_model,russian_vs_spanish,False,spanish,S0,0,0.3270568278201866,393,140,0.356234096692112,0.5714285714285714,0.2857142857142857,44,36,0.55,0.10000000000000009,True
gpt4omini|mmlu,gpt4omini,mmlu,cross_model,russian_vs_spanish,False,spanish,S1,1,0.7898058252427184,412,108,0.2621359223300971,0.8796296296296297,0.4398148148148148,54,41,0.5684210526315789,0.13684210526315788,True
gpt4omini|mmlu,gpt4omini,mmlu,cross_model,russian_vs_spanish,False,spanish,S2,2,0.9333333333333333,253,30,0.11857707509881422,0.9333333333333333,0.4666666666666667,21,7,0.75,0.5,True
gpt4omini|mmlu,gpt4omini,mmlu,cross_model,russian_vs_spanish,False,spanish,S3,3,1.0,942,42,0.044585987261146494,1.0,0.5,21,21,0.5,0.0,True
gpt4omini|truthfulqa,gpt4omini,truthfulqa,cross_model,chinese_vs_japanese,False,chinese,ALL,-1,,817,185,0.22643818849449204,0.7135135135135136,0.3567567567567568,75,57,0.5681818181818182,0.13636363636363646,True
gpt4omini|truthfulqa,gpt4omini,truthfulqa,cross_model,chinese_vs_japanese,False,chinese,S0,0,0.28875,160,59,0.36875,0.3728813559322034,0.1864406779661017,15,7,0.6818181818181818,0.36363636363636354,True
gpt4omini|truthfulqa,gpt4omini,truthfulqa,cross_model,chinese_vs_japanese,False,chinese,S1,1,0.7105022831050227,146,56,0.3835616438356164,0.75,0.375,24,18,0.5714285714285714,0.1428571428571428,True
gpt4omini|truthfulqa,gpt4omini,truthfulqa,cross_model,chinese_vs_japanese,False,chinese,S2,2,0.9108527131782949,172,42,0.2441860465116279,0.9761904761904762,0.4880952380952381,24,17,0.5853658536585366,0.1707317073170731,True
gpt4omini|truthfulqa,gpt4omini,truthfulqa,cross_model,chinese_vs_japanese,False,chinese,S3,3,1.0,339,28,0.08259587020648967,0.9642857142857143,0.48214285714285715,12,15,0.4444444444444444,-0.11111111111111116,False
gpt4omini|truthfulqa,gpt4omini,truthfulqa,cross_model,chinese_vs_russian,False,chinese,ALL,-1,,817,193,0.23623011015911874,0.7305699481865285,0.36528497409326427,82,59,0.5815602836879432,0.16312056737588643,True
gpt4omini|truthfulqa,gpt4omini,truthfulqa,cross_model,chinese_vs_russian,False,chinese,S0,0,0.28875,160,66,0.4125,0.3939393939393939,0.19696969696969696,16,10,0.6153846153846154,0.23076923076923084,True
gpt4omini|truthfulqa,gpt4omini,truthfulqa,cross_model,chinese_vs_russian,False,chinese,S1,1,0.7105022831050227,146,60,0.410958904109589,0.8333333333333334,0.4166666666666667,29,21,0.58,0.15999999999999992,True
gpt4omini|truthfulqa,gpt4omini,truthfulqa,cross_model,chinese_vs_russian,False,chinese,S2,2,0.9108527131782949,172,36,0.20930232558139536,0.9444444444444444,0.4722222222222222,20,14,0.5882352941176471,0.17647058823529416,True
gpt4omini|truthfulqa,gpt4omini,truthfulqa,cross_model,chinese_vs_russian,False,chinese,S3,3,1.0,339,31,0.09144542772861357,1.0,0.5,17,14,0.5483870967741935,0.09677419354838701,True
gpt4omini|truthfulqa,gpt4omini,truthfulqa,cross_model,chinese_vs_spanish,False,chinese,ALL,-1,,817,194,0.23745410036719705,0.7164948453608248,0.3582474226804124,72,67,0.5179856115107914,0.03597122302158273,True
gpt4omini|truthfulqa,gpt4omini,truthfulqa,cross_model,chinese_vs_spanish,False,chinese,S0,0,0.28875,160,71,0.44375,0.4647887323943662,0.2323943661971831,20,13,0.6060606060606061,0.21212121212121215,True
gpt4omini|truthfulqa,gpt4omini,truthfulqa,cross_model,chinese_vs_spanish,False,chinese,S1,1,0.7105022831050227,146,60,0.410958904109589,0.75,0.375,26,19,0.5777777777777777,0.15555555555555545,True
gpt4omini|truthfulqa,gpt4omini,truthfulqa,cross_model,chinese_vs_spanish,False,chinese,S2,2,0.9108527131782949,172,41,0.23837209302325582,0.9512195121951219,0.47560975609756095,20,19,0.5128205128205128,0.02564102564102555,True
gpt4omini|truthfulqa,gpt4omini,truthfulqa,cross_model,chinese_vs_spanish,False,chinese,S3,3,1.0,339,22,0.06489675516224189,1.0,0.5,6,16,0.2727272727272727,-0.4545454545454546,False
gpt4omini|truthfulqa,gpt4omini,truthfulqa,cross_model,english_vs_chinese,True,english,ALL,-1,,817,167,0.204406364749082,0.718562874251497,0.3592814371257485,64,56,0.5333333333333333,0.06666666666666665,True
gpt4omini|truthfulqa,gpt4omini,truthfulqa,cross_model,english_vs_chinese,True,english,S0,0,0.28875,160,60,0.375,0.5833333333333334,0.2916666666666667,20,15,0.5714285714285714,0.1428571428571428,True
gpt4omini|truthfulqa,gpt4omini,truthfulqa,cross_model,english_vs_chinese,True,english,S1,1,0.7105022831050227,146,49,0.3356164383561644,0.6530612244897959,0.32653061224489793,12,20,0.375,-0.25,True
gpt4omini|truthfulqa,gpt4omini,truthfulqa,cross_model,english_vs_chinese,True,english,S2,2,0.9108527131782949,172,39,0.22674418604651161,0.8717948717948718,0.4358974358974359,17,17,0.5,0.0,True
gpt4omini|truthfulqa,gpt4omini,truthfulqa,cross_model,english_vs_chinese,True,english,S3,3,1.0,339,19,0.05604719764011799,1.0,0.5,15,4,0.7894736842105263,0.5789473684210527,False
gpt4omini|truthfulqa,gpt4omini,truthfulqa,cross_model,english_vs_japanese,True,english,ALL,-1,,817,169,0.20685434516523868,0.6982248520710059,0.34911242603550297,72,46,0.6101694915254238,0.22033898305084754,True
gpt4omini|truthfulqa,gpt4omini,truthfulqa,cross_model,english_vs_japanese,True,english,S0,0,0.28875,160,65,0.40625,0.5076923076923077,0.25384615384615383,23,10,0.696969696969697,0.39393939393939403,True
gpt4omini|truthfulqa,gpt4omini,truthfulqa,cross_model,english_vs_japanese,True,english,S1,1,0.7105022831050227,146,51,0.3493150684931507,0.7058823529411765,0.35294117647058826,17,19,0.4722222222222222,-0.05555555555555558,True
gpt4omini|truthfulqa,gpt4omini,truthfulqa,cross_model,english_vs_japanese,True,english,S2,2,0.9108527131782949,172,37,0.21511627906976744,0.8918918918918919,0.44594594594594594,20,13,0.6060606060606061,0.21212121212121215,True
gpt4omini|truthfulqa,gpt4omini,truthfulqa,cross_model,english_vs_japanese,True,english,S3,3,1.0,339,16,0.0471976401179941,1.0,0.5,12,4,0.75,0.5,False
gpt4omini|truthfulqa,gpt4omini,truthfulqa,cross_model,english_vs_russian,True,english,ALL,-1,,817,176,0.21542227662178703,0.6647727272727273,0.33238636363636365,74,43,0.6324786324786325,0.2649572649572649,True
gpt4omini|truthfulqa,gpt4omini,truthfulqa,cross_model,english_vs_russian,True,english,S0,0,0.28875,160,66,0.4125,0.4090909090909091,0.20454545454545456,19,8,0.7037037037037037,0.40740740740740744,True
gpt4omini|truthfulqa,gpt4omini,truthfulqa,cross_model,english_vs_russian,True,english,S1,1,0.7105022831050227,146,55,0.3767123287671233,0.7272727272727273,0.36363636363636365,20,20,0.5,0.0,True
gpt4omini|truthfulqa,gpt4omini,truthfulqa,cross_model,english_vs_russian,True,english,S2,2,0.9108527131782949,172,33,0.19186046511627908,0.8484848484848485,0.42424242424242425,17,11,0.6071428571428571,0.2142857142857142,True
gpt4omini|truthfulqa,gpt4omini,truthfulqa,cross_model,english_vs_russian,True,english,S3,3,1.0,339,22,0.06489675516224189,1.0,0.5,18,4,0.8181818181818182,0.6363636363636365,False
gpt4omini|truthfulqa,gpt4omini,truthfulqa,cross_model,english_vs_spanish,True,english,ALL,-1,,817,150,0.1835985312117503,0.66,0.33,56,43,0.5656565656565656,0.13131313131313127,True
gpt4omini|truthfulqa,gpt4omini,truthfulqa,cross_model,english_vs_spanish,True,english,S0,0,0.28875,160,61,0.38125,0.4262295081967213,0.21311475409836064,19,7,0.7307692307692307,0.46153846153846145,True
gpt4omini|truthfulqa,gpt4omini,truthfulqa,cross_model,english_vs_spanish,True,english,S1,1,0.7105022831050227,146,47,0.3219178082191781,0.7446808510638298,0.3723404255319149,17,18,0.4857142857142857,-0.02857142857142858,True
gpt4omini|truthfulqa,gpt4omini,truthfulqa,cross_model,english_vs_spanish,True,english,S2,2,0.9108527131782949,172,33,0.19186046511627908,0.8787878787878788,0.4393939393939394,15,14,0.5172413793103449,0.034482758620689724,True
gpt4omini|truthfulqa,gpt4omini,truthfulqa,cross_model,english_vs_spanish,True,english,S3,3,1.0,339,9,0.02654867256637168,1.0,0.5,5,4,0.5555555555555556,0.11111111111111116,False
gpt4omini|truthfulqa,gpt4omini,truthfulqa,cross_model,japanese_vs_russian,False,japanese,ALL,-1,,817,175,0.2141982864137087,0.6914285714285714,0.3457142857142857,63,58,0.5206611570247934,0.04132231404958686,True
gpt4omini|truthfulqa,gpt4omini,truthfulqa,cross_model,japanese_vs_russian,False,japanese,S0,0,0.28875,160,56,0.35,0.39285714285714285,0.19642857142857142,10,12,0.45454545454545453,-0.09090909090909094,True
gpt4omini|truthfulqa,gpt4omini,truthfulqa,cross_model,japanese_vs_russian,False,japanese,S1,1,0.7105022831050227,146,56,0.3835616438356164,0.7142857142857143,0.35714285714285715,21,19,0.525,0.050000000000000044,True
gpt4omini|truthfulqa,gpt4omini,truthfulqa,cross_model,japanese_vs_russian,False,japanese,S2,2,0.9108527131782949,172,38,0.22093023255813954,0.9210526315789473,0.4605263157894737,17,18,0.4857142857142857,-0.02857142857142858,True
gpt4omini|truthfulqa,gpt4omini,truthfulqa,cross_model,japanese_vs_russian,False,japanese,S3,3,1.0,339,25,0.07374631268436578,0.96,0.48,15,9,0.625,0.25,False
gpt4omini|truthfulqa,gpt4omini,truthfulqa,cross_model,japanese_vs_spanish,False,spanish,ALL,-1,,817,172,0.21052631578947367,0.6453488372093024,0.3226744186046512,62,49,0.5585585585585585,0.11711711711711703,True
gpt4omini|truthfulqa,gpt4omini,truthfulqa,cross_model,japanese_vs_spanish,False,spanish,S0,0,0.28875,160,63,0.39375,0.36507936507936506,0.18253968253968253,12,11,0.5217391304347826,0.04347826086956519,True
gpt4omini|truthfulqa,gpt4omini,truthfulqa,cross_model,japanese_vs_spanish,False,spanish,S1,1,0.7105022831050227,146,59,0.4041095890410959,0.7288135593220338,0.3644067796610169,21,22,0.4883720930232558,-0.023255813953488413,True
gpt4omini|truthfulqa,gpt4omini,truthfulqa,cross_model,japanese_vs_spanish,False,spanish,S2,2,0.9108527131782949,172,35,0.20348837209302326,0.8571428571428571,0.42857142857142855,18,12,0.6,0.19999999999999996,True
gpt4omini|truthfulqa,gpt4omini,truthfulqa,cross_model,japanese_vs_spanish,False,spanish,S3,3,1.0,339,15,0.04424778761061947,1.0,0.5,11,4,0.7333333333333333,0.46666666666666656,False
gpt4omini|truthfulqa,gpt4omini,truthfulqa,cross_model,russian_vs_spanish,False,spanish,ALL,-1,,817,171,0.20930232558139536,0.6198830409356725,0.30994152046783624,62,44,0.5849056603773585,0.16981132075471694,True
gpt4omini|truthfulqa,gpt4omini,truthfulqa,cross_model,russian_vs_spanish,False,spanish,S0,0,0.28875,160,62,0.3875,0.27419354838709675,0.13709677419354838,8,9,0.47058823529411764,-0.05882352941176472,True
gpt4omini|truthfulqa,gpt4omini,truthfulqa,cross_model,russian_vs_spanish,False,spanish,S1,1,0.7105022831050227,146,55,0.3767123287671233,0.7090909090909091,0.35454545454545455,20,19,0.5128205128205128,0.02564102564102555,True
gpt4omini|truthfulqa,gpt4omini,truthfulqa,cross_model,russian_vs_spanish,False,spanish,S2,2,0.9108527131782949,172,34,0.19767441860465115,0.9117647058823529,0.45588235294117646,18,13,0.5806451612903226,0.16129032258064524,True
gpt4omini|truthfulqa,gpt4omini,truthfulqa,cross_model,russian_vs_spanish,False,spanish,S3,3,1.0,339,20,0.058997050147492625,0.95,0.475,16,3,0.8421052631578947,0.6842105263157894,False
qwen|commonsenseqa,qwen,commonsenseqa,cross_model,chinese_vs_japanese,False,chinese,ALL,-1,,2000,658,0.329,0.7659574468085106,0.3829787234042553,258,246,0.5119047619047619,0.023809523809523725,True
qwen|commonsenseqa,qwen,commonsenseqa,cross_model,chinese_vs_japanese,False,chinese,S0,0,0.17333333333333334,405,193,0.4765432098765432,0.5803108808290155,0.29015544041450775,52,60,0.4642857142857143,-0.0714285714285714,True
qwen|commonsenseqa,qwen,commonsenseqa,cross_model,chinese_vs_japanese,False,chinese,S1,1,0.6190981432360743,377,202,0.5358090185676393,0.7673267326732673,0.38366336633663367,90,65,0.5806451612903226,0.16129032258064524,True
qwen|commonsenseqa,qwen,commonsenseqa,cross_model,chinese_vs_japanese,False,chinese,S2,2,0.8788690476190479,448,175,0.390625,0.8914285714285715,0.44571428571428573,75,81,0.4807692307692308,-0.038461538461538436,True
qwen|commonsenseqa,qwen,commonsenseqa,cross_model,chinese_vs_japanese,False,chinese,S3,3,1.0,770,88,0.11428571428571428,0.9204545454545454,0.4602272727272727,41,40,0.5061728395061729,0.012345679012345734,True
qwen|commonsenseqa,qwen,commonsenseqa,cross_model,chinese_vs_russian,False,chinese,ALL,-1,,2000,651,0.3255,0.7588325652841782,0.3794162826420891,257,237,0.520242914979757,0.04048582995951411,True
qwen|commonsenseqa,qwen,commonsenseqa,cross_model,chinese_vs_russian,False,chinese,S0,0,0.17333333333333334,405,193,0.4765432098765432,0.5647668393782384,0.2823834196891192,59,50,0.5412844036697247,0.08256880733944949,True
qwen|commonsenseqa,qwen,commonsenseqa,cross_model,chinese_vs_russian,False,chinese,S1,1,0.6190981432360743,377,201,0.53315649867374,0.7761194029850746,0.3880597014925373,86,70,0.5512820512820513,0.10256410256410264,True
qwen|commonsenseqa,qwen,commonsenseqa,cross_model,chinese_vs_russian,False,chinese,S2,2,0.8788690476190479,448,162,0.36160714285714285,0.9012345679012346,0.4506172839506173,71,75,0.4863013698630137,-0.0273972602739726,True
qwen|commonsenseqa,qwen,commonsenseqa,cross_model,chinese_vs_russian,False,chinese,S3,3,1.0,770,95,0.12337662337662338,0.8736842105263158,0.4368421052631579,41,42,0.4939759036144578,-0.012048192771084376,True
qwen|commonsenseqa,qwen,commonsenseqa,cross_model,chinese_vs_spanish,False,spanish,ALL,-1,,2000,646,0.323,0.7708978328173375,0.38544891640866874,258,240,0.5180722891566265,0.03614457831325302,True
qwen|commonsenseqa,qwen,commonsenseqa,cross_model,chinese_vs_spanish,False,spanish,S0,0,0.17333333333333334,405,198,0.4888888888888889,0.5707070707070707,0.28535353535353536,60,53,0.5309734513274337,0.06194690265486735,True
qwen|commonsenseqa,qwen,commonsenseqa,cross_model,chinese_vs_spanish,False,spanish,S1,1,0.6190981432360743,377,200,0.5305039787798409,0.78,0.39,76,80,0.48717948717948717,-0.02564102564102566,True
qwen|commonsenseqa,qwen,commonsenseqa,cross_model,chinese_vs_spanish,False,spanish,S2,2,0.8788690476190479,448,162,0.36160714285714285,0.9135802469135802,0.4567901234567901,76,72,0.5135135135135135,0.027027027027026973,True
qwen|commonsenseqa,qwen,commonsenseqa,cross_model,chinese_vs_spanish,False,spanish,S3,3,1.0,770,86,0.11168831168831168,0.9418604651162791,0.47093023255813954,46,35,0.5679012345679012,0.1358024691358024,True
qwen|commonsenseqa,qwen,commonsenseqa,cross_model,english_vs_chinese,True,english,ALL,-1,,2000,572,0.286,0.8181818181818182,0.4090909090909091,343,125,0.7329059829059829,0.4658119658119657,True
qwen|commonsenseqa,qwen,commonsenseqa,cross_model,english_vs_chinese,True,english,S0,0,0.17333333333333334,405,200,0.49382716049382713,0.69,0.345,92,46,0.6666666666666666,0.33333333333333326,True
qwen|commonsenseqa,qwen,commonsenseqa,cross_model,english_vs_chinese,True,english,S1,1,0.6190981432360743,377,182,0.4827586206896552,0.8571428571428571,0.42857142857142855,110,46,0.7051282051282052,0.41025641025641035,True
qwen|commonsenseqa,qwen,commonsenseqa,cross_model,english_vs_chinese,True,english,S2,2,0.8788690476190479,448,126,0.28125,0.9126984126984127,0.45634920634920634,91,24,0.7913043478260869,0.5826086956521739,True
qwen|commonsenseqa,qwen,commonsenseqa,cross_model,english_vs_chinese,True,english,S3,3,1.0,770,64,0.08311688311688312,0.921875,0.4609375,50,9,0.847457627118644,0.6949152542372881,True
qwen|commonsenseqa,qwen,commonsenseqa,cross_model,english_vs_japanese,True,english,ALL,-1,,2000,604,0.302,0.8311258278145696,0.4155629139072848,366,136,0.7290836653386454,0.4581673306772909,True
qwen|commonsenseqa,qwen,commonsenseqa,cross_model,english_vs_japanese,True,english,S0,0,0.17333333333333334,405,191,0.47160493827160493,0.680628272251309,0.3403141361256545,84,46,0.6461538461538462,0.2923076923076924,True
qwen|commonsenseqa,qwen,commonsenseqa,cross_model,english_vs_japanese,True,english,S1,1,0.6190981432360743,377,204,0.5411140583554377,0.8284313725490197,0.41421568627450983,129,40,0.7633136094674556,0.5266272189349113,True
qwen|commonsenseqa,qwen,commonsenseqa,cross_model,english_vs_japanese,True,english,S2,2,0.8788690476190479,448,141,0.31473214285714285,0.9716312056737588,0.4858156028368794,99,38,0.7226277372262774,0.44525547445255476,True
qwen|commonsenseqa,qwen,commonsenseqa,cross_model,english_vs_japanese,True,english,S3,3,1.0,770,68,0.08831168831168831,0.9705882352941176,0.4852941176470588,54,12,0.8181818181818182,0.6363636363636365,True
qwen|commonsenseqa,qwen,commonsenseqa,cross_model,english_vs_russian,True,english,ALL,-1,,2000,600,0.3,0.82,0.41,365,127,0.741869918699187,0.4837398373983739,True
qwen|commonsenseqa,qwen,commonsenseqa,cross_model,english_vs_russian,True,english,S0,0,0.17333333333333334,405,202,0.49876543209876545,0.6881188118811881,0.34405940594059403,97,42,0.697841726618705,0.39568345323741005,True
qwen|commonsenseqa,qwen,commonsenseqa,cross_model,english_vs_russian,True,english,S1,1,0.6190981432360743,377,200,0.5305039787798409,0.85,0.425,125,45,0.7352941176470589,0.47058823529411775,True
qwen|commonsenseqa,qwen,commonsenseqa,cross_model,english_vs_russian,True,english,S2,2,0.8788690476190479,448,133,0.296875,0.924812030075188,0.462406015037594,93,30,0.7560975609756098,0.5121951219512195,True
qwen|commonsenseqa,qwen,commonsenseqa,cross_model,english_vs_russian,True,english,S3,3,1.0,770,65,0.08441558441558442,0.9230769230769231,0.46153846153846156,50,10,0.8333333333333334,0.6666666666666667,True
qwen|commonsenseqa,qwen,commonsenseqa,cross_model,english_vs_spanish,True,english,ALL,-1,,2000,548,0.274,0.791970802919708,0.395985401459854,317,117,0.7304147465437788,0.4608294930875576,True
qwen|commonsenseqa,qwen,commonsenseqa,cross_model,english_vs_spanish,True,english,S0,0,0.17333333333333334,405,200,0.49382716049382713,0.625,0.3125,82,43,0.656,0.31200000000000006,True
qwen|commonsenseqa,qwen,commonsenseqa,cross_model,english_vs_spanish,True,english,S1,1,0.6190981432360743,377,160,0.4244031830238727,0.825,0.4125,100,32,0.7575757575757576,0.5151515151515151,True
qwen|commonsenseqa,qwen,commonsenseqa,cross_model,english_vs_spanish,True,english,S2,2,0.8788690476190479,448,129,0.28794642857142855,0.9224806201550387,0.46124031007751937,91,28,0.7647058823529411,0.5294117647058822,True
qwen|commonsenseqa,qwen,commonsenseqa,cross_model,english_vs_spanish,True,english,S3,3,1.0,770,59,0.07662337662337662,0.9830508474576272,0.4915254237288136,44,14,0.7586206896551724,0.5172413793103448,True
qwen|commonsenseqa,qwen,commonsenseqa,cross_model,japanese_vs_russian,False,japanese,ALL,-1,,2000,695,0.3475,0.7683453237410072,0.3841726618705036,271,263,0.5074906367041199,0.014981273408239737,True
qwen|commonsenseqa,qwen,commonsenseqa,cross_model,japanese_vs_russian,False,japanese,S0,0,0.17333333333333334,405,205,0.5061728395061729,0.5804878048780487,0.29024390243902437,68,51,0.5714285714285714,0.1428571428571428,True
qwen|commonsenseqa,qwen,commonsenseqa,cross_model,japanese_vs_russian,False,japanese,S1,1,0.6190981432360743,377,226,0.5994694960212201,0.7743362831858407,0.38716814159292035,83,92,0.4742857142857143,-0.05142857142857138,True
qwen|commonsenseqa,qwen,commonsenseqa,cross_model,japanese_vs_russian,False,japanese,S2,2,0.8788690476190479,448,164,0.36607142857142855,0.9146341463414634,0.4573170731707317,76,74,0.5066666666666667,0.01333333333333342,True
qwen|commonsenseqa,qwen,commonsenseqa,cross_model,japanese_vs_russian,False,japanese,S3,3,1.0,770,100,0.12987012987012986,0.9,0.45,44,46,0.4888888888888889,-0.022222222222222254,True
qwen|commonsenseqa,qwen,commonsenseqa,cross_model,japanese_vs_spanish,False,spanish,ALL,-1,,2000,663,0.3315,0.7873303167420814,0.3936651583710407,276,246,0.5287356321839081,0.05747126436781613,True
qwen|commonsenseqa,qwen,commonsenseqa,cross_model,japanese_vs_spanish,False,spanish,S0,0,0.17333333333333334,405,197,0.48641975308641977,0.5939086294416244,0.2969543147208122,58,59,0.49572649572649574,-0.008547008547008517,True
qwen|commonsenseqa,qwen,commonsenseqa,cross_model,japanese_vs_spanish,False,spanish,S1,1,0.6190981432360743,377,214,0.5676392572944297,0.8084112149532711,0.40420560747663553,97,76,0.5606936416184971,0.12138728323699421,True
qwen|commonsenseqa,qwen,commonsenseqa,cross_model,japanese_vs_spanish,False,spanish,S2,2,0.8788690476190479,448,165,0.36830357142857145,0.896969696969697,0.4484848484848485,73,75,0.49324324324324326,-0.013513513513513487,True
qwen|commonsenseqa,qwen,commonsenseqa,cross_model,japanese_vs_spanish,False,spanish,S3,3,1.0,770,87,0.11298701298701298,0.9655172413793104,0.4827586206896552,48,36,0.5714285714285714,0.1428571428571428,True
qwen|commonsenseqa,qwen,commonsenseqa,cross_model,russian_vs_spanish,False,spanish,ALL,-1,,2000,627,0.3135,0.7783094098883573,0.38915470494417864,263,225,0.5389344262295082,0.07786885245901631,True
qwen|commonsenseqa,qwen,commonsenseqa,cross_model,russian_vs_spanish,False,spanish,S0,0,0.17333333333333334,405,192,0.4740740740740741,0.6145833333333334,0.3072916666666667,67,51,0.5677966101694916,0.13559322033898313,True
qwen|commonsenseqa,qwen,commonsenseqa,cross_model,russian_vs_spanish,False,spanish,S1,1,0.6190981432360743,377,203,0.5384615384615384,0.7980295566502463,0.39901477832512317,87,75,0.5370370370370371,0.07407407407407418,True
qwen|commonsenseqa,qwen,commonsenseqa,cross_model,russian_vs_spanish,False,spanish,S2,2,0.8788690476190479,448,147,0.328125,0.9115646258503401,0.4557823129251701,67,67,0.5,0.0,True
qwen|commonsenseqa,qwen,commonsenseqa,cross_model,russian_vs_spanish,False,spanish,S3,3,1.0,770,85,0.11038961038961038,0.8705882352941177,0.43529411764705883,42,32,0.5675675675675675,0.1351351351351351,True
qwen|mathqa,qwen,mathqa,cross_model,chinese_vs_japanese,False,japanese,ALL,-1,,2000,495,0.2475,0.7656565656565657,0.38282828282828285,190,189,0.5013192612137203,0.0026385224274405594,True
qwen|mathqa,qwen,mathqa,cross_model,chinese_vs_japanese,False,japanese,S0,0,0.37457212713936433,409,196,0.4792176039119804,0.5561224489795918,0.2780612244897959,56,53,0.5137614678899083,0.02752293577981657,True
qwen|mathqa,qwen,mathqa,cross_model,chinese_vs_japanese,False,japanese,S1,1,0.8953568953568956,481,159,0.3305613305613306,0.8930817610062893,0.44654088050314467,69,73,0.4859154929577465,-0.028169014084507005,True
qwen|mathqa,qwen,mathqa,cross_model,chinese_vs_japanese,False,japanese,S2,2,1.0,1110,140,0.12612612612612611,0.9142857142857143,0.45714285714285713,65,63,0.5078125,0.015625,True
qwen|mathqa,qwen,mathqa,cross_model,chinese_vs_russian,False,russian,ALL,-1,,2000,431,0.2155,0.7703016241299304,0.3851508120649652,201,131,0.6054216867469879,0.21084337349397586,True
qwen|mathqa,qwen,mathqa,cross_model,chinese_vs_russian,False,russian,S0,0,0.37457212713936433,409,192,0.46943765281173594,0.59375,0.296875,56,58,0.49122807017543857,-0.01754385964912286,True
qwen|mathqa,qwen,mathqa,cross_model,chinese_vs_russian,False,russian,S1,1,0.8953568953568956,481,128,0.2661122661122661,0.8828125,0.44140625,68,45,0.6017699115044248,0.20353982300884965,True
qwen|mathqa,qwen,mathqa,cross_model,chinese_vs_russian,False,russian,S2,2,1.0,1110,111,0.1,0.9459459459459459,0.47297297297297297,77,28,0.7333333333333333,0.46666666666666656,True
qwen|mathqa,qwen,mathqa,cross_model,chinese_vs_spanish,False,spanish,ALL,-1,,2000,428,0.214,0.780373831775701,0.3901869158878505,204,130,0.6107784431137725,0.221556886227545,True
qwen|mathqa,qwen,mathqa,cross_model,chinese_vs_spanish,False,spanish,S0,0,0.37457212713936433,409,198,0.4841075794621027,0.6464646464646465,0.32323232323232326,73,55,0.5703125,0.140625,True
qwen|mathqa,qwen,mathqa,cross_model,chinese_vs_spanish,False,spanish,S1,1,0.8953568953568956,481,128,0.2661122661122661,0.8515625,0.42578125,62,47,0.5688073394495413,0.13761467889908263,True
qwen|mathqa,qwen,mathqa,cross_model,chinese_vs_spanish,False,spanish,S2,2,1.0,1110,102,0.0918918918918919,0.9509803921568627,0.47549019607843135,69,28,0.711340206185567,0.4226804123711341,True
qwen|mathqa,qwen,mathqa,cross_model,english_vs_chinese,True,english,ALL,-1,,2000,377,0.1885,0.7506631299734748,0.3753315649867374,183,100,0.6466431095406361,0.29328621908127217,True
qwen|mathqa,qwen,mathqa,cross_model,english_vs_chinese,True,english,S0,0,0.37457212713936433,409,180,0.4400977995110024,0.6166666666666667,0.30833333333333335,57,54,0.5135135135135135,0.027027027027026973,True
qwen|mathqa,qwen,mathqa,cross_model,english_vs_chinese,True,english,S1,1,0.8953568953568956,481,98,0.20374220374220375,0.8571428571428571,0.42857142857142855,61,23,0.7261904761904762,0.45238095238095233,True
qwen|mathqa,qwen,mathqa,cross_model,english_vs_chinese,True,english,S2,2,1.0,1110,99,0.0891891891891892,0.8888888888888888,0.4444444444444444,65,23,0.7386363636363636,0.4772727272727273,True
qwen|mathqa,qwen,mathqa,cross_model,english_vs_japanese,True,english,ALL,-1,,2000,428,0.214,0.8130841121495327,0.40654205607476634,215,133,0.617816091954023,0.23563218390804597,True
qwen|mathqa,qwen,mathqa,cross_model,english_vs_japanese,True,english,S0,0,0.37457212713936433,409,186,0.4547677261613692,0.6666666666666666,0.3333333333333333,62,62,0.5,0.0,True
qwen|mathqa,qwen,mathqa,cross_model,english_vs_japanese,True,english,S1,1,0.8953568953568956,481,128,0.2661122661122661,0.921875,0.4609375,80,38,0.6779661016949152,0.35593220338983045,True
qwen|mathqa,qwen,mathqa,cross_model,english_vs_japanese,True,english,S2,2,1.0,1110,114,0.10270270270270271,0.9298245614035088,0.4649122807017544,73,33,0.6886792452830188,0.37735849056603765,True
qwen|mathqa,qwen,mathqa,cross_model,english_vs_russian,True,english,ALL,-1,,2000,372,0.186,0.7661290322580645,0.38306451612903225,149,136,0.5228070175438596,0.04561403508771922,True
qwen|mathqa,qwen,mathqa,cross_model,english_vs_russian,True,english,S0,0,0.37457212713936433,409,196,0.4792176039119804,0.6479591836734694,0.3239795918367347,66,61,0.5196850393700787,0.03937007874015741,True
qwen|mathqa,qwen,mathqa,cross_model,english_vs_russian,True,english,S1,1,0.8953568953568956,481,99,0.20582120582120583,0.8585858585858586,0.4292929292929293,50,35,0.5882352941176471,0.17647058823529416,True
qwen|mathqa,qwen,mathqa,cross_model,english_vs_russian,True,english,S2,2,1.0,1110,77,0.06936936936936937,0.948051948051948,0.474025974025974,33,40,0.4520547945205479,-0.09589041095890416,True
qwen|mathqa,qwen,mathqa,cross_model,english_vs_spanish,True,english,ALL,-1,,2000,367,0.1835,0.7874659400544959,0.39373297002724794,149,140,0.5155709342560554,0.03114186851211076,True
qwen|mathqa,qwen,mathqa,cross_model,english_vs_spanish,True,english,S0,0,0.37457212713936433,409,186,0.4547677261613692,0.6612903225806451,0.33064516129032256,54,69,0.43902439024390244,-0.12195121951219512,True
qwen|mathqa,qwen,mathqa,cross_model,english_vs_spanish,True,english,S1,1,0.8953568953568956,481,105,0.2182952182952183,0.8857142857142857,0.44285714285714284,58,35,0.6236559139784946,0.24731182795698925,True
qwen|mathqa,qwen,mathqa,cross_model,english_vs_spanish,True,english,S2,2,1.0,1110,76,0.06846846846846846,0.9605263157894737,0.48026315789473684,37,36,0.5068493150684932,0.013698630136986356,True
qwen|mathqa,qwen,mathqa,cross_model,japanese_vs_russian,False,russian,ALL,-1,,2000,457,0.2285,0.75054704595186,0.37527352297593,206,137,0.6005830903790087,0.2011661807580174,True
qwen|mathqa,qwen,mathqa,cross_model,japanese_vs_russian,False,russian,S0,0,0.37457212713936433,409,221,0.5403422982885085,0.5565610859728507,0.27828054298642535,59,64,0.4796747967479675,-0.04065040650406504,True
qwen|mathqa,qwen,mathqa,cross_model,japanese_vs_russian,False,russian,S1,1,0.8953568953568956,481,134,0.2785862785862786,0.9029850746268657,0.45149253731343286,74,47,0.6115702479338843,0.22314049586776852,True
qwen|mathqa,qwen,mathqa,cross_model,japanese_vs_russian,False,russian,S2,2,1.0,1110,102,0.0918918918918919,0.9705882352941176,0.4852941176470588,73,26,0.7373737373737373,0.4747474747474747,True
qwen|mathqa,qwen,mathqa,cross_model,japanese_vs_spanish,False,spanish,ALL,-1,,2000,436,0.218,0.7729357798165137,0.38646788990825687,205,132,0.6083086053412463,0.21661721068249262,True
qwen|mathqa,qwen,mathqa,cross_model,japanese_vs_spanish,False,spanish,S0,0,0.37457212713936433,409,189,0.4621026894865526,0.5978835978835979,0.29894179894179895,64,49,0.5663716814159292,0.1327433628318584,True
qwen|mathqa,qwen,mathqa,cross_model,japanese_vs_spanish,False,spanish,S1,1,0.8953568953568956,481,135,0.2806652806652807,0.8814814814814815,0.44074074074074077,69,50,0.5798319327731093,0.1596638655462186,True
qwen|mathqa,qwen,mathqa,cross_model,japanese_vs_spanish,False,spanish,S2,2,1.0,1110,112,0.1009009009009009,0.9375,0.46875,72,33,0.6857142857142857,0.37142857142857144,True
qwen|mathqa,qwen,mathqa,cross_model,russian_vs_spanish,False,spanish,ALL,-1,,2000,351,0.1755,0.7464387464387464,0.3732193732193732,133,129,0.5076335877862596,0.01526717557251911,True
qwen|mathqa,qwen,mathqa,cross_model,russian_vs_spanish,False,spanish,S0,0,0.37457212713936433,409,173,0.4229828850855746,0.5549132947976878,0.2774566473988439,58,38,0.6041666666666666,0.20833333333333326,True
qwen|mathqa,qwen,mathqa,cross_model,russian_vs_spanish,False,spanish,S1,1,0.8953568953568956,481,114,0.23700623700623702,0.9298245614035088,0.4649122807017544,49,57,0.46226415094339623,-0.07547169811320753,True
qwen|mathqa,qwen,mathqa,cross_model,russian_vs_spanish,False,spanish,S2,2,1.0,1110,64,0.05765765765765766,0.9375,0.46875,26,34,0.43333333333333335,-0.1333333333333333,True
qwen|mmlu,qwen,mmlu,cross_model,chinese_vs_japanese,False,chinese,ALL,-1,,2000,539,0.2695,0.75139146567718,0.37569573283859,221,184,0.5456790123456791,0.09135802469135812,True
qwen|mmlu,qwen,mmlu,cross_model,chinese_vs_japanese,False,chinese,S0,0,0.3238095238095239,385,195,0.5064935064935064,0.5282051282051282,0.2641025641025641,50,53,0.4854368932038835,-0.029126213592232997,True
qwen|mmlu,qwen,mmlu,cross_model,chinese_vs_japanese,False,chinese,S1,1,0.7912231559290384,357,162,0.453781512605042,0.8765432098765432,0.4382716049382716,78,64,0.5492957746478874,0.09859154929577474,True
qwen|mmlu,qwen,mmlu,cross_model,chinese_vs_japanese,False,chinese,S2,2,0.9333333333333336,199,64,0.32160804020100503,0.84375,0.421875,30,24,0.5555555555555556,0.11111111111111116,True
qwen|mmlu,qwen,mmlu,cross_model,chinese_vs_japanese,False,chinese,S3,3,1.0,1059,118,0.11142587346553352,0.8983050847457628,0.4491525423728814,63,43,0.5943396226415094,0.18867924528301883,True
qwen|mmlu,qwen,mmlu,cross_model,chinese_vs_russian,False,russian,ALL,-1,,2000,505,0.2525,0.7524752475247525,0.37623762376237624,192,188,0.5052631578947369,0.010526315789473717,True
qwen|mmlu,qwen,mmlu,cross_model,chinese_vs_russian,False,russian,S0,0,0.3238095238095239,385,178,0.4623376623376623,0.5337078651685393,0.26685393258426965,44,51,0.4631578947368421,-0.0736842105263158,True
qwen|mmlu,qwen,mmlu,cross_model,chinese_vs_russian,False,russian,S1,1,0.7912231559290384,357,144,0.40336134453781514,0.8263888888888888,0.4131944444444444,63,56,0.5294117647058824,0.05882352941176472,True
qwen|mmlu,qwen,mmlu,cross_model,chinese_vs_russian,False,russian,S2,2,0.9333333333333336,199,54,0.271356783919598,0.8703703703703703,0.4351851851851852,30,17,0.6382978723404256,0.27659574468085113,True
qwen|mmlu,qwen,mmlu,cross_model,chinese_vs_russian,False,russian,S3,3,1.0,1059,129,0.12181303116147309,0.9224806201550387,0.46124031007751937,55,64,0.46218487394957986,-0.07563025210084029,True
qwen|mmlu,qwen,mmlu,cross_model,chinese_vs_spanish,False,spanish,ALL,-1,,2000,490,0.245,0.7653061224489796,0.3826530612244898,190,185,0.5066666666666667,0.01333333333333342,True
qwen|mmlu,qwen,mmlu,cross_model,chinese_vs_spanish,False,spanish,S0,0,0.3238095238095239,385,182,0.4727272727272727,0.5604395604395604,0.2802197802197802,57,45,0.5588235294117647,0.11764705882352944,True
qwen|mmlu,qwen,mmlu,cross_model,chinese_vs_spanish,False,spanish,S1,1,0.7912231559290384,357,150,0.42016806722689076,0.8533333333333334,0.4266666666666667,56,72,0.4375,-0.125,True
qwen|mmlu,qwen,mmlu,cross_model,chinese_vs_spanish,False,spanish,S2,2,0.9333333333333336,199,53,0.2663316582914573,0.8867924528301887,0.44339622641509435,24,23,0.5106382978723404,0.02127659574468077,True
qwen|mmlu,qwen,mmlu,cross_model,chinese_vs_spanish,False,spanish,S3,3,1.0,1059,105,0.09915014164305949,0.9333333333333333,0.4666666666666667,53,45,0.5408163265306123,0.08163265306122458,True
qwen|mmlu,qwen,mmlu,cross_model,english_vs_chinese,True,english,ALL,-1,,2000,449,0.2245,0.7839643652561247,0.39198218262806234,222,130,0.6306818181818182,0.26136363636363646,True
qwen|mmlu,qwen,mmlu,cross_model,english_vs_chinese,True,english,S0,0,0.3238095238095239,385,182,0.4727272727272727,0.6098901098901099,0.30494505494505497,60,51,0.5405405405405406,0.08108108108108114,True
qwen|mmlu,qwen,mmlu,cross_model,english_vs_chinese,True,english,S1,1,0.7912231559290384,357,135,0.37815126050420167,0.8740740740740741,0.43703703703703706,72,46,0.6101694915254238,0.22033898305084754,True
qwen|mmlu,qwen,mmlu,cross_model,english_vs_chinese,True,english,S2,2,0.9333333333333336,199,52,0.2613065326633166,0.9423076923076923,0.47115384615384615,35,14,0.7142857142857143,0.4285714285714286,True
qwen|mmlu,qwen,mmlu,cross_model,english_vs_chinese,True,english,S3,3,1.0,1059,80,0.07554296506137866,0.925,0.4625,55,19,0.7432432432432432,0.4864864864864864,True
qwen|mmlu,qwen,mmlu,cross_model,english_vs_japanese,True,english,ALL,-1,,2000,481,0.2405,0.8004158004158004,0.4002079002079002,257,128,0.6675324675324675,0.33506493506493507,True
qwen|mmlu,qwen,mmlu,cross_model,english_vs_japanese,True,english,S0,0,0.3238095238095239,385,179,0.4649350649350649,0.6145251396648045,0.30726256983240224,58,52,0.5272727272727272,0.05454545454545445,True
qwen|mmlu,qwen,mmlu,cross_model,english_vs_japanese,True,english,S1,1,0.7912231559290384,357,151,0.42296918767507,0.9006622516556292,0.4503311258278146,88,48,0.6470588235294118,0.2941176470588236,True
qwen|mmlu,qwen,mmlu,cross_model,english_vs_japanese,True,english,S2,2,0.9333333333333336,199,51,0.2562814070351759,0.8431372549019608,0.4215686274509804,35,8,0.813953488372093,0.627906976744186,True
qwen|mmlu,qwen,mmlu,cross_model,english_vs_japanese,True,english,S3,3,1.0,1059,100,0.09442870632672333,0.96,0.48,76,20,0.7916666666666666,0.5833333333333333,True
qwen|mmlu,qwen,mmlu,cross_model,english_vs_russian,True,english,ALL,-1,,2000,442,0.221,0.8009049773755657,0.4004524886877828,221,133,0.6242937853107344,0.24858757062146886,True
qwen|mmlu,qwen,mmlu,cross_model,english_vs_russian,True,english,S0,0,0.3238095238095239,385,174,0.45194805194805193,0.632183908045977,0.3160919540229885,63,47,0.5727272727272728,0.1454545454545455,True
qwen|mmlu,qwen,mmlu,cross_model,english_vs_russian,True,english,S1,1,0.7912231559290384,357,123,0.3445378151260504,0.8699186991869918,0.4349593495934959,63,44,0.5887850467289719,0.17757009345794383,True
qwen|mmlu,qwen,mmlu,cross_model,english_vs_russian,True,english,S2,2,0.9333333333333336,199,46,0.23115577889447236,0.9565217391304348,0.4782608695652174,26,18,0.5909090909090909,0.18181818181818188,True
qwen|mmlu,qwen,mmlu,cross_model,english_vs_russian,True,english,S3,3,1.0,1059,99,0.09348441926345609,0.9393939393939394,0.4696969696969697,69,24,0.7419354838709677,0.4838709677419355,True
qwen|mmlu,qwen,mmlu,cross_model,english_vs_spanish,True,english,ALL,-1,,2000,399,0.1995,0.8195488721804511,0.40977443609022557,207,120,0.6330275229357798,0.2660550458715596,True
qwen|mmlu,qwen,mmlu,cross_model,english_vs_spanish,True,english,S0,0,0.3238095238095239,385,154,0.4,0.6558441558441559,0.32792207792207795,49,52,0.48514851485148514,-0.02970297029702973,True
qwen|mmlu,qwen,mmlu,cross_model,english_vs_spanish,True,english,S1,1,0.7912231559290384,357,127,0.3557422969187675,0.9133858267716536,0.4566929133858268,79,37,0.6810344827586207,0.3620689655172413,True
qwen|mmlu,qwen,mmlu,cross_model,english_vs_spanish,True,english,S2,2,0.9333333333333336,199,46,0.23115577889447236,0.9130434782608695,0.45652173913043476,31,11,0.7380952380952381,0.4761904761904763,True
qwen|mmlu,qwen,mmlu,cross_model,english_vs_spanish,True,english,S3,3,1.0,1059,72,0.0679886685552408,0.9444444444444444,0.4722222222222222,48,20,0.7058823529411765,0.41176470588235303,True
qwen|mmlu,qwen,mmlu,cross_model,japanese_vs_russian,False,russian,ALL,-1,,2000,546,0.273,0.7747252747252747,0.3873626373626374,232,191,0.5484633569739953,0.09692671394799057,True
qwen|mmlu,qwen,mmlu,cross_model,japanese_vs_russian,False,russian,S0,0,0.3238095238095239,385,193,0.5012987012987012,0.5595854922279793,0.27979274611398963,49,59,0.4537037037037037,-0.09259259259259256,True
qwen|mmlu,qwen,mmlu,cross_model,japanese_vs_russian,False,russian,S1,1,0.7912231559290384,357,156,0.4369747899159664,0.8525641025641025,0.42628205128205127,77,56,0.5789473684210527,0.1578947368421053,True
qwen|mmlu,qwen,mmlu,cross_model,japanese_vs_russian,False,russian,S2,2,0.9333333333333336,199,60,0.3015075376884422,0.8833333333333333,0.44166666666666665,36,17,0.6792452830188679,0.35849056603773577,True
qwen|mmlu,qwen,mmlu,cross_model,japanese_vs_russian,False,russian,S3,3,1.0,1059,137,0.12936732766761094,0.9416058394160584,0.4708029197080292,70,59,0.5426356589147286,0.0852713178294573,True
qwen|mmlu,qwen,mmlu,cross_model,japanese_vs_spanish,False,spanish,ALL,-1,,2000,522,0.261,0.7854406130268199,0.39272030651340994,226,184,0.551219512195122,0.102439024390244,True
qwen|mmlu,qwen,mmlu,cross_model,japanese_vs_spanish,False,spanish,S0,0,0.3238095238095239,385,184,0.4779220779220779,0.5815217391304348,0.2907608695652174,58,49,0.5420560747663551,0.08411214953271018,True
qwen|mmlu,qwen,mmlu,cross_model,japanese_vs_spanish,False,spanish,S1,1,0.7912231559290384,357,166,0.4649859943977591,0.8554216867469879,0.42771084337349397,70,72,0.49295774647887325,-0.014084507042253502,True
qwen|mmlu,qwen,mmlu,cross_model,japanese_vs_spanish,False,spanish,S2,2,0.9333333333333336,199,58,0.2914572864321608,0.9137931034482759,0.45689655172413796,30,23,0.5660377358490566,0.13207547169811318,True
qwen|mmlu,qwen,mmlu,cross_model,japanese_vs_spanish,False,spanish,S3,3,1.0,1059,114,0.10764872521246459,0.9473684210526315,0.47368421052631576,68,40,0.6296296296296297,0.2592592592592593,True
qwen|mmlu,qwen,mmlu,cross_model,russian_vs_spanish,False,spanish,ALL,-1,,2000,450,0.225,0.7933333333333333,0.39666666666666667,179,178,0.5014005602240896,0.0028011204481792618,True
qwen|mmlu,qwen,mmlu,cross_model,russian_vs_spanish,False,spanish,S0,0,0.3238095238095239,385,162,0.42077922077922075,0.6234567901234568,0.3117283950617284,60,41,0.594059405940594,0.18811881188118806,True
qwen|mmlu,qwen,mmlu,cross_model,russian_vs_spanish,False,spanish,S1,1,0.7912231559290384,357,142,0.39775910364145656,0.8380281690140845,0.41901408450704225,48,71,0.40336134453781514,-0.19327731092436973,True
qwen|mmlu,qwen,mmlu,cross_model,russian_vs_spanish,False,spanish,S2,2,0.9333333333333336,199,46,0.23115577889447236,0.9130434782608695,0.45652173913043476,15,27,0.35714285714285715,-0.2857142857142857,True
qwen|mmlu,qwen,mmlu,cross_model,russian_vs_spanish,False,spanish,S3,3,1.0,1059,100,0.09442870632672333,0.95,0.475,56,39,0.5894736842105263,0.17894736842105252,True
qwen|truthfulqa,qwen,truthfulqa,cross_model,chinese_vs_japanese,False,chinese,ALL,-1,,817,204,0.24969400244798043,0.7598039215686274,0.3799019607843137,107,48,0.6903225806451613,0.38064516129032255,True
qwen|truthfulqa,qwen,truthfulqa,cross_model,chinese_vs_japanese,False,chinese,S0,0,0.23864118895966027,157,67,0.4267515923566879,0.5970149253731343,0.29850746268656714,29,11,0.725,0.44999999999999996,True
qwen|truthfulqa,qwen,truthfulqa,cross_model,chinese_vs_japanese,False,chinese,S1,1,0.6923423423423424,148,60,0.40540540540540543,0.8,0.4,32,16,0.6666666666666666,0.33333333333333326,True
qwen|truthfulqa,qwen,truthfulqa,cross_model,chinese_vs_japanese,False,chinese,S2,2,0.9114355231143553,137,39,0.2846715328467153,0.8205128205128205,0.41025641025641024,21,11,0.65625,0.3125,True
qwen|truthfulqa,qwen,truthfulqa,cross_model,chinese_vs_japanese,False,chinese,S3,3,1.0,375,38,0.10133333333333333,0.9210526315789473,0.4605263157894737,25,10,0.7142857142857143,0.4285714285714286,True
qwen|truthfulqa,qwen,truthfulqa,cross_model,chinese_vs_russian,False,chinese,ALL,-1,,817,208,0.25458996328029376,0.7211538461538461,0.3605769230769231,92,58,0.6133333333333333,0.22666666666666657,True
qwen|truthfulqa,qwen,truthfulqa,cross_model,chinese_vs_russian,False,chinese,S0,0,0.23864118895966027,157,74,0.4713375796178344,0.5540540540540541,0.27702702702702703,22,19,0.5365853658536586,0.07317073170731714,True
qwen|truthfulqa,qwen,truthfulqa,cross_model,chinese_vs_russian,False,chinese,S1,1,0.6923423423423424,148,54,0.36486486486486486,0.7777777777777778,0.3888888888888889,26,16,0.6190476190476191,0.23809523809523814,True
qwen|truthfulqa,qwen,truthfulqa,cross_model,chinese_vs_russian,False,chinese,S2,2,0.9114355231143553,137,35,0.25547445255474455,0.7428571428571429,0.37142857142857144,16,10,0.6153846153846154,0.23076923076923084,True
qwen|truthfulqa,qwen,truthfulqa,cross_model,chinese_vs_russian,False,chinese,S3,3,1.0,375,45,0.12,0.9111111111111111,0.45555555555555555,28,13,0.6829268292682927,0.36585365853658547,True
qwen|truthfulqa,qwen,truthfulqa,cross_model,chinese_vs_spanish,False,chinese,ALL,-1,,817,203,0.2484700122399021,0.7635467980295566,0.3817733990147783,87,68,0.5612903225806452,0.1225806451612903,True
qwen|truthfulqa,qwen,truthfulqa,cross_model,chinese_vs_spanish,False,chinese,S0,0,0.23864118895966027,157,75,0.47770700636942676,0.5733333333333334,0.2866666666666667,25,18,0.5813953488372093,0.16279069767441867,True
qwen|truthfulqa,qwen,truthfulqa,cross_model,chinese_vs_spanish,False,chinese,S1,1,0.6923423423423424,148,53,0.3581081081081081,0.8301886792452831,0.41509433962264153,27,17,0.6136363636363636,0.2272727272727273,True
qwen|truthfulqa,qwen,truthfulqa,cross_model,chinese_vs_spanish,False,chinese,S2,2,0.9114355231143553,137,38,0.2773722627737226,0.8421052631578947,0.42105263157894735,15,17,0.46875,-0.0625,True
qwen|truthfulqa,qwen,truthfulqa,cross_model,chinese_vs_spanish,False,chinese,S3,3,1.0,375,37,0.09866666666666667,0.972972972972973,0.4864864864864865,20,16,0.5555555555555556,0.11111111111111116,True
qwen|truthfulqa,qwen,truthfulqa,cross_model,english_vs_chinese,True,chinese,ALL,-1,,817,182,0.22276621787025705,0.7197802197802198,0.3598901098901099,70,61,0.5343511450381679,0.06870229007633588,True
qwen|truthfulqa,qwen,truthfulqa,cross_model,english_vs_chinese,True,chinese,S0,0,0.23864118895966027,157,71,0.45222929936305734,0.5915492957746479,0.29577464788732394,23,19,0.5476190476190477,0.09523809523809534,True
qwen|truthfulqa,qwen,truthfulqa,cross_model,english_vs_chinese,True,chinese,S1,1,0.6923423423423424,148,54,0.36486486486486486,0.7592592592592593,0.37962962962962965,29,12,0.7073170731707317,0.41463414634146334,True
qwen|truthfulqa,qwen,truthfulqa,cross_model,english_vs_chinese,True,chinese,S2,2,0.9114355231143553,137,27,0.19708029197080293,0.7777777777777778,0.3888888888888889,7,14,0.3333333333333333,-0.33333333333333337,False
qwen|truthfulqa,qwen,truthfulqa,cross_model,english_vs_chinese,True,chinese,S3,3,1.0,375,30,0.08,0.9,0.45,11,16,0.4074074074074074,-0.18518518518518523,True
qwen|truthfulqa,qwen,truthfulqa,cross_model,english_vs_japanese,True,english,ALL,-1,,817,214,0.26193390452876375,0.7757009345794392,0.3878504672897196,108,58,0.6506024096385542,0.3012048192771084,True
qwen|truthfulqa,qwen,truthfulqa,cross_model,english_vs_japanese,True,english,S0,0,0.23864118895966027,157,67,0.4267515923566879,0.5373134328358209,0.26865671641791045,25,11,0.6944444444444444,0.38888888888888884,True
qwen|truthfulqa,qwen,truthfulqa,cross_model,english_vs_japanese,True,english,S1,1,0.6923423423423424,148,57,0.38513513513513514,0.7894736842105263,0.39473684210526316,22,23,0.4888888888888889,-0.022222222222222254,True
qwen|truthfulqa,qwen,truthfulqa,cross_model,english_vs_japanese,True,english,S2,2,0.9114355231143553,137,44,0.32116788321167883,0.8863636363636364,0.4431818181818182,28,11,0.717948717948718,0.4358974358974359,True
qwen|truthfulqa,qwen,truthfulqa,cross_model,english_vs_japanese,True,english,S3,3,1.0,375,46,0.12266666666666666,1.0,0.5,33,13,0.717391304347826,0.4347826086956521,True
qwen|truthfulqa,qwen,truthfulqa,cross_model,english_vs_russian,True,english,ALL,-1,,817,204,0.24969400244798043,0.7696078431372549,0.38480392156862747,91,66,0.5796178343949044,0.15923566878980888,True
qwen|truthfulqa,qwen,truthfulqa,cross_model,english_vs_russian,True,english,S0,0,0.23864118895966027,157,77,0.49044585987261147,0.5844155844155844,0.2922077922077922,22,23,0.4888888888888889,-0.022222222222222254,True
qwen|truthfulqa,qwen,truthfulqa,cross_model,english_vs_russian,True,english,S1,1,0.6923423423423424,148,56,0.3783783783783784,0.8392857142857143,0.41964285714285715,20,27,0.425531914893617,-0.14893617021276595,True
qwen|truthfulqa,qwen,truthfulqa,cross_model,english_vs_russian,True,english,S2,2,0.9114355231143553,137,34,0.24817518248175183,0.8529411764705882,0.4264705882352941,21,8,0.7241379310344828,0.4482758620689655,True
qwen|truthfulqa,qwen,truthfulqa,cross_model,english_vs_russian,True,english,S3,3,1.0,375,37,0.09866666666666667,0.972972972972973,0.4864864864864865,28,8,0.7777777777777778,0.5555555555555556,True
qwen|truthfulqa,qwen,truthfulqa,cross_model,english_vs_spanish,True,english,ALL,-1,,817,161,0.19706242350061198,0.782608695652174,0.391304347826087,68,58,0.5396825396825397,0.0793650793650793,True
qwen|truthfulqa,qwen,truthfulqa,cross_model,english_vs_spanish,True,english,S0,0,0.23864118895966027,157,55,0.3503184713375796,0.5636363636363636,0.2818181818181818,17,14,0.5483870967741935,0.09677419354838701,True
qwen|truthfulqa,qwen,truthfulqa,cross_model,english_vs_spanish,True,english,S1,1,0.6923423423423424,148,54,0.36486486486486486,0.8333333333333334,0.4166666666666667,19,26,0.4222222222222222,-0.15555555555555556,True
qwen|truthfulqa,qwen,truthfulqa,cross_model,english_vs_spanish,True,english,S2,2,0.9114355231143553,137,23,0.1678832116788321,0.9130434782608695,0.45652173913043476,13,8,0.6190476190476191,0.23809523809523814,False
qwen|truthfulqa,qwen,truthfulqa,cross_model,english_vs_spanish,True,english,S3,3,1.0,375,29,0.07733333333333334,1.0,0.5,19,10,0.6551724137931034,0.31034482758620685,False
qwen|truthfulqa,qwen,truthfulqa,cross_model,japanese_vs_russian,False,russian,ALL,-1,,817,230,0.28151774785801714,0.7782608695652173,0.38913043478260867,102,77,0.5698324022346368,0.13966480446927365,True
qwen|truthfulqa,qwen,truthfulqa,cross_model,japanese_vs_russian,False,russian,S0,0,0.23864118895966027,157,76,0.4840764331210191,0.5394736842105263,0.26973684210526316,28,13,0.6829268292682927,0.36585365853658547,True
qwen|truthfulqa,qwen,truthfulqa,cross_model,japanese_vs_russian,False,russian,S1,1,0.6923423423423424,148,54,0.36486486486486486,0.8518518518518519,0.42592592592592593,26,20,0.5652173913043478,0.13043478260869557,True
qwen|truthfulqa,qwen,truthfulqa,cross_model,japanese_vs_russian,False,russian,S2,2,0.9114355231143553,137,47,0.34306569343065696,0.851063829787234,0.425531914893617,22,18,0.55,0.10000000000000009,True
qwen|truthfulqa,qwen,truthfulqa,cross_model,japanese_vs_russian,False,russian,S3,3,1.0,375,53,0.14133333333333334,0.9811320754716981,0.49056603773584906,26,26,0.5,0.0,True
qwen|truthfulqa,qwen,truthfulqa,cross_model,japanese_vs_spanish,False,spanish,ALL,-1,,817,231,0.2827417380660955,0.7792207792207793,0.38961038961038963,110,70,0.6111111111111112,0.22222222222222232,True
qwen|truthfulqa,qwen,truthfulqa,cross_model,japanese_vs_spanish,False,spanish,S0,0,0.23864118895966027,157,72,0.4585987261146497,0.5416666666666666,0.2708333333333333,25,14,0.6410256410256411,0.28205128205128216,True
qwen|truthfulqa,qwen,truthfulqa,cross_model,japanese_vs_spanish,False,spanish,S1,1,0.6923423423423424,148,64,0.43243243243243246,0.8125,0.40625,29,23,0.5576923076923077,0.11538461538461542,True
qwen|truthfulqa,qwen,truthfulqa,cross_model,japanese_vs_spanish,False,spanish,S2,2,0.9114355231143553,137,52,0.3795620437956204,0.9230769230769231,0.46153846153846156,30,18,0.625,0.25,True
qwen|truthfulqa,qwen,truthfulqa,cross_model,japanese_vs_spanish,False,spanish,S3,3,1.0,375,43,0.11466666666666667,0.9534883720930233,0.47674418604651164,26,15,0.6341463414634146,0.2682926829268293,True
qwen|truthfulqa,qwen,truthfulqa,cross_model,russian_vs_spanish,False,spanish,ALL,-1,,817,217,0.26560587515299877,0.7788018433179723,0.38940092165898615,92,77,0.5443786982248521,0.08875739644970415,True
qwen|truthfulqa,qwen,truthfulqa,cross_model,russian_vs_spanish,False,spanish,S0,0,0.23864118895966027,157,81,0.5159235668789809,0.6172839506172839,0.30864197530864196,23,27,0.46,-0.07999999999999996,True
qwen|truthfulqa,qwen,truthfulqa,cross_model,russian_vs_spanish,False,spanish,S1,1,0.6923423423423424,148,57,0.38513513513513514,0.8421052631578947,0.42105263157894735,24,24,0.5,0.0,True
qwen|truthfulqa,qwen,truthfulqa,cross_model,russian_vs_spanish,False,spanish,S2,2,0.9114355231143553,137,36,0.26277372262773724,0.8333333333333334,0.4166666666666667,19,11,0.6333333333333333,0.2666666666666666,True
qwen|truthfulqa,qwen,truthfulqa,cross_model,russian_vs_spanish,False,spanish,S3,3,1.0,375,43,0.11466666666666667,0.9534883720930233,0.47674418604651164,26,15,0.6341463414634146,0.2682926829268293,True
