menu,K,codes,confirmation,s_EN_pp,s_ES_pp,s_JA_pp,s_P1_pp,s_P2_pp,s_R_pp,s_RU_pp,s_S1_pp,s_S2_pp,s_W1_pp,s_W2_pp,s_ZH_pp,lone,least_lone,degree_pp,group,degree_rank
GS7-001,7,EN ES JA P1 P2 R S1,True,-3.6315148022,4.0458999607,8.7004267549,-3.4563443244,-2.0946604768,-0.9663436534,,-2.5974634588,,,,,JA,EN,8.7004267549,明顯落單,32.0000000000
GS7-002,7,EN ES JA P1 P2 R S2,True,-3.5260056900,4.0593155821,8.6947157849,-3.4937273987,-2.1974687177,-0.9465959988,,,-2.5902335617,,,,JA,EN,8.6947157849,明顯落單,33.0000000000
GS7-003,7,EN ES JA P1 P2 R W1,True,-3.5563081299,3.2915275846,7.7945899143,-3.7302989944,-2.6133152973,-1.0292127892,,,,-0.1569822882,,,JA,P1,7.7945899143,明顯落單,79.0000000000
GS7-004,7,EN ES JA P1 P2 R W2,True,-3.6931938053,3.1880164532,7.6612924290,-3.7569550808,-2.7050005729,-1.0879760727,,,,,0.3938166494,,JA,P1,7.6612924290,明顯落單,89.0000000000
GS7-005,7,EN ES JA P1 P2 R ZH,True,-3.9234560128,2.2358002777,6.1847793947,-4.0353903742,-3.0966733346,-1.5447274673,,,,,,4.1796675165,JA,P1,6.1847793947,中間,293.0000000000
GS7-006,7,EN ES JA P1 P2 RU S1,True,-3.7247165501,2.1838270236,6.7873912635,-3.7807550931,-2.7431965705,,4.0945970928,-2.8171471663,,,,,JA,P1,6.7873912635,明顯落單,223.0000000000
GS7-007,7,EN ES JA P1 P2 RU S2,True,-3.6170181210,2.1994319619,6.7838696105,-3.8159488504,-2.8438154944,,4.1088714550,,-2.8153905617,,,,JA,P1,6.7838696105,明顯落單,224.0000000000
GS7-008,7,EN ES JA P1 P2 RU W1,True,-3.4387791913,1.6401853340,6.0922851095,-3.8439790767,-3.0511207046,,3.5049012409,,,-0.9034927118,,,JA,P1,6.0922851095,中間,308.0000000000
GS7-009,7,EN ES JA P1 P2 RU W2,True,-3.5450789724,1.5672600969,5.9895735186,-3.8400492686,-3.1122200858,,3.3696732214,,,,-0.4291585102,,JA,P1,5.9895735186,中間,317.0000000000
GS7-010,7,EN ES JA P1 P2 RU ZH,True,-3.5547673143,0.8356177870,4.7336343499,-3.8979106965,-3.2833189818,,2.3614871628,,,,,2.8052576929,JA,P1,4.7336343499,對稱,625.0000000000
GS7-011,7,EN ES JA P1 P2 S1 S2,True,-3.4095205172,4.3236669707,9.0949334140,-3.2598056606,-1.9444406926,,,-2.3961578784,-2.4086756358,,,,JA,EN,9.0949334140,明顯落單,21.0000000000
GS7-012,7,EN ES JA P1 P2 S1 W1,True,-3.4497068090,3.5459951212,8.1849236914,-3.5062611084,-2.3701711243,,,-2.4540650387,,0.0492852678,,,JA,P1,8.1849236914,明顯落單,49.0000000000
GS7-013,7,EN ES JA P1 P2 S1 W2,True,-3.5732458033,3.4558306709,8.0649728872,-3.5195705136,-2.4485097188,,,-2.5461950250,,,0.5667175026,,JA,EN,8.0649728872,明顯落單,54.0000000000
GS7-014,7,EN ES JA P1 P2 S1 ZH,True,-3.8547322172,2.4523902890,6.5372356465,-3.8492300135,-2.8914066868,,,-2.8748859036,,,,4.4806288856,JA,EN,6.5372356465,明顯落單,252.0000000000
GS7-015,7,EN ES JA P1 P2 S2 W1,True,-3.3168341579,3.5867742816,8.2065762604,-3.5162806437,-2.4456158262,,,,-2.5152439890,0.0006240749,,,JA,P1,8.2065762604,明顯落單,45.0000000000
GS7-016,7,EN ES JA P1 P2 S2 W2,True,-3.4583032823,3.4786797011,8.0686953261,-3.5475201791,-2.5418845508,,,,-2.5625486500,,0.5628816350,,JA,P1,8.0686953261,明顯落單,53.0000000000
GS7-017,7,EN ES JA P1 P2 S2 ZH,True,-3.7372423613,2.4777866542,6.5435054204,-3.8746323440,-2.9822341839,,,,-2.8976078661,,,4.4704246806,JA,P1,6.5435054204,明顯落單,250.0000000000
GS7-018,7,EN ES JA P1 P2 W1 W2,True,-3.0697803337,3.1297170921,7.5873948439,-3.3652663864,-2.5389057420,,,,,-1.1763608475,-0.5667986264,,JA,P1,7.5873948439,明顯落單,101.0000000000
GS7-019,7,EN ES JA P1 P2 W1 ZH,True,-3.5426270042,1.9349164537,5.8682973468,-3.8862861428,-3.1731629666,,,,,-1.0266510849,,3.8255133979,JA,P1,5.8682973468,中間,345.0000000000
GS7-020,7,EN ES JA P1 P2 W2 ZH,True,-3.6380367261,1.8728812758,5.7764758150,-3.8714662756,-3.2233722886,,,,,,-0.5795420311,3.6630602306,JA,P1,5.7764758150,中間,364.0000000000
GS7-021,7,EN ES JA P1 R RU S1,True,-4.0850918148,2.1266081934,6.5730288825,-3.6364725630,,-1.7023608028,4.0071160371,-3.2828279324,,,,,JA,EN,6.5730288825,明顯落單,247.0000000000
GS7-022,7,EN ES JA P1 R RU S2,True,-4.0124093558,2.1071971617,6.5344912594,-3.7066822905,,-1.7154398014,3.9863744291,,-3.1935314025,,,,JA,EN,6.5344912594,明顯落單,253.0000000000
GS7-023,7,EN ES JA P1 R RU W1,True,-3.9293789374,1.4527420225,5.7476982471,-3.8299210280,,-1.6847237335,3.2871957038,,,-1.0436122745,,,JA,EN,5.7476982471,中間,370.0000000000
GS7-024,7,EN ES JA P1 R RU W2,True,-4.0450850019,1.3704105020,5.6355803727,-3.8353975034,,-1.7223074060,3.1425614009,,,,-0.5457623642,,JA,EN,5.6355803727,中間,399.0000000000
GS7-025,7,EN ES JA P1 R RU ZH,True,-4.0361794487,0.6573620872,4.3982350991,-3.8746650361,,-1.9398910399,2.1529692374,,,,,2.6421691010,JA,EN,4.3982350991,對稱,659.0000000000
GS7-026,7,EN ES JA P1 R S1 S2,True,-3.6968546919,4.3394892305,8.9536121229,-3.0424820406,,-1.0862076499,,-2.7887975545,-2.6787594165,,,,JA,EN,8.9536121229,明顯落單,26.0000000000
GS7-027,7,EN ES JA P1 R S1 W1,True,-3.8322494950,3.4666088698,7.9483938891,-3.3841459996,,-1.2739168035,,-2.9419132260,,0.0172227652,,,JA,EN,7.9483938891,明顯落單,63.0000000000
GS7-028,7,EN ES JA P1 R S1 W2,True,-3.9651947727,3.3670381360,7.8190368015,-3.4068616883,,-1.3287396893,,-3.0434494958,,,0.5581707086,,JA,EN,7.8190368015,明顯落單,72.0000000000
GS7-029,7,EN ES JA P1 R S1 ZH,True,-4.2280872915,2.3821916493,6.3098934559,-3.7179272930,,-1.8181213952,,-3.3535464793,,,,4.4255973538,JA,EN,6.3098934559,中間,273.0000000000
GS7-030,7,EN ES JA P1 R S2 W1,True,-3.7343928140,3.4723720600,7.9350304879,-3.4291815051,,-1.2618215801,,,-2.9155522510,-0.0664543978,,,JA,EN,7.9350304879,明顯落單,66.0000000000
GS7-031,7,EN ES JA P1 R S2 W2,True,-3.8852682219,3.3548711961,7.7877432702,-3.4698273239,,-1.3345745960,,,-2.9722631955,,0.5193188709,,JA,EN,7.7877432702,明顯落單,80.0000000000
GS7-032,7,EN ES JA P1 R S2 ZH,True,-4.1456134057,2.3725720444,6.2811472596,-3.7783455936,,-1.8214089669,,,-3.2887285164,,,4.3803771787,JA,EN,6.2811472596,中間,278.0000000000
GS7-033,7,EN ES JA P1 R W1 W2,True,-3.5919537845,2.9107000759,7.2112342768,-3.3827820424,,-1.0935745092,,,,-1.3480541149,-0.7055699017,,JA,EN,7.2112342768,明顯落單,153.0000000000
GS7-034,7,EN ES JA P1 R W1 ZH,True,-4.0462065598,1.7344933327,5.5107306748,-3.8852079036,,-1.7743164716,,,,-1.1797504572,,3.6402573847,JA,EN,5.5107306748,中間,434.0000000000
GS7-035,7,EN ES JA P1 R W2 ZH,True,-4.1510225652,1.6630518713,5.4095028596,-3.8797943199,,-1.8010100850,,,,,-0.7091256948,3.4683979339,JA,EN,5.4095028596,中間,467.0000000000
GS7-036,7,EN ES JA P1 RU S1 S2,True,-3.9103963760,2.3570763572,6.9202366954,-3.4872327455,,,4.2755829369,-3.1288211982,-3.0264456696,,,,JA,EN,6.9202366954,明顯落單,199.0000000000
GS7-037,7,EN ES JA P1 RU S1 W1,True,-3.8372498096,1.6927373659,6.1235598310,-3.6203553350,,,3.5665203596,-3.0733955003,,-0.8518169116,,,JA,EN,6.1235598310,中間,302.0000000000
GS7-038,7,EN ES JA P1 RU S1 W2,True,-3.9396091930,1.6237525266,6.0247886378,-3.6124851293,,,3.4352327378,-3.1443458756,,,-0.3873337042,,JA,EN,6.0247886378,中間,312.0000000000
GS7-039,7,EN ES JA P1 RU S1 ZH,True,-3.9819278462,0.8594799054,4.7362191579,-3.7029768684,,,2.3944163679,-3.2338689936,,,,2.9286582770,JA,EN,4.7362191579,對稱,624.0000000000
GS7-040,7,EN ES JA P1 RU S2 W1,True,-3.7372038117,1.7006898732,6.1123857469,-3.6632015235,,,3.5731422905,,-3.0525078177,-0.9333047576,,,JA,EN,6.1123857469,中間,304.0000000000
GS7-041,7,EN ES JA P1 RU S2 W2,True,-3.8574933252,1.6137749037,5.9956844235,-3.6732614480,,,3.4239245386,,-3.0786328678,,-0.4239962249,,JA,EN,5.9956844235,中間,315.0000000000
GS7-042,7,EN ES JA P1 RU S2 ZH,True,-3.8972646434,0.8520496175,4.7096622786,-3.7612058521,,,2.3856555037,,-3.1745243231,,,2.8856274188,JA,EN,4.7096622786,對稱,630.0000000000
GS7-043,7,EN ES JA P1 RU W1 W2,True,-3.3556375183,1.3781451529,5.6277167996,-3.3776747970,,,3.1435712018,,,-1.9757772109,-1.4403436281,,JA,P1,5.6277167996,中間,402.0000000000
GS7-044,7,EN ES JA P1 RU W1 ZH,True,-3.5893164280,0.4225122753,4.1477870632,-3.6595267926,,,1.9113945754,,,-1.5868996875,,2.3540489943,JA,P1,4.1477870632,對稱,680.0000000000
GS7-045,7,EN ES JA P1 RU W2 ZH,True,-3.6635465390,0.3816567083,4.0771451424,-3.6235273145,,,1.8082362260,,,,-1.1927396611,2.2127754380,JA,EN,4.0771451424,對稱,690.0000000000
GS7-046,7,EN ES JA P1 S1 S2 W1,True,-3.6073714648,3.7472596249,8.3457842933,-3.1847235907,,,,-2.7377239004,-2.7234581488,0.1602331865,,,JA,EN,8.3457842933,明顯落單,41.0000000000
GS7-047,7,EN ES JA P1 S1 S2 W2,True,-3.7449001916,3.6431054422,8.2118437567,-3.2120227284,,,,-2.8438436192,-2.7668224121,,0.7126397524,,JA,EN,8.2118437567,明顯落單,44.0000000000
GS7-048,7,EN ES JA P1 S1 S2 ZH,True,-4.0564695818,2.6095820840,6.6540235398,-3.5717652045,,,,-3.2026174741,-3.1345119395,,,4.7017585761,JA,EN,6.6540235398,明顯落單,239.0000000000
GS7-049,7,EN ES JA P1 S1 W1 W2,True,-3.4614696062,3.1890504699,7.6254509113,-3.1348612989,,,,-2.5781339023,,-1.1179037015,-0.5221328723,,JA,EN,7.6254509113,明顯落單,94.0000000000
GS7-050,7,EN ES JA P1 S1 W1 ZH,True,-3.9669465879,1.9616195203,5.8737231029,-3.6885113666,,,,-3.1308153487,,-1.0008242501,,3.9517549301,JA,EN,5.8737231029,中間,342.0000000000
GS7-051,7,EN ES JA P1 S1 W2 ZH,True,-4.0584159121,1.9035247400,5.7858419688,-3.6697511017,,,,-3.1908756649,,,-0.5635661906,3.7932421604,JA,EN,5.7858419688,中間,362.0000000000
GS7-052,7,EN ES JA P1 S2 W2 ZH,True,-3.9665086174,1.9033385440,5.7665291814,-3.7207359935,,,,,-3.1496412242,,-0.5904372844,3.7574553942,JA,EN,5.7665291814,中間,367.0000000000
GS7-053,7,EN ES JA P1 W1 W2 ZH,True,-3.4482763831,1.6840852207,5.4149379850,-3.4087729151,,,,,,-2.0877266360,-1.5904082602,3.4361609887,JA,EN,5.4149379850,中間,465.0000000000
GS7-054,7,EN ES JA P2 R RU S1,True,-4.0485415914,1.6953140888,6.1834374719,,-2.5859650887,-1.6894118510,3.6959396639,-3.2507726936,,,,,JA,EN,6.1834374719,中間,294.0000000000
GS7-055,7,EN ES JA P2 R RU S2,True,-3.9571662277,1.6945959618,6.1635927535,,-2.7029070780,-1.6837979449,3.6938909607,,-3.2082084255,,,,JA,EN,6.1635927535,中間,296.0000000000
GS7-056,7,EN ES JA P2 R RU W1,True,-3.8229143852,1.0913622466,5.4280211652,,-2.9541993754,-1.6018604530,3.0459336593,,,-1.1863428575,,,JA,EN,5.4280211652,中間,460.0000000000
GS7-057,7,EN ES JA P2 R RU W2,True,-3.9200406814,1.0276104945,5.3344830592,,-3.0061252717,-1.6208643572,2.9198791248,,,,-0.7349423681,,JA,EN,5.3344830592,中間,489.0000000000
GS7-058,7,EN ES JA P2 R RU ZH,True,-3.8787815659,0.3469156420,4.1294913480,,-3.1262767103,-1.8060944287,1.9626405236,,,,,2.3721051913,JA,EN,4.1294913480,對稱,682.0000000000
GS7-059,7,EN ES JA P2 R S1 S2,True,-3.7396777386,3.8288218558,8.4846474422,,-1.7935413909,-1.1526319682,,-2.8361155858,-2.7915026144,,,,JA,EN,8.4846474422,明顯落單,36.0000000000
GS7-060,7,EN ES JA P2 R S1 W2,True,-3.9382166271,2.9261719537,7.4198733131,,-2.3324240194,-1.3253628153,,-3.0209663348,,,0.2709245299,,JA,EN,7.4198733131,明顯落單,118.0000000000
GS7-061,7,EN ES JA P2 R S1 ZH,True,-4.1687555836,1.9736790293,5.9430835299,,-2.7243735300,-1.7823909588,,-3.2987097560,,,,4.0574672692,JA,EN,5.9430835299,中間,324.0000000000
GS7-062,7,EN ES JA P2 R S2 W1,True,-3.7073015320,3.0316190141,7.5359801360,,-2.3550266772,-1.2583315697,,,-2.9583811202,-0.2885582509,,,JA,EN,7.5359801360,明顯落單,108.0000000000
GS7-063,7,EN ES JA P2 R S2 W2,True,-3.8395971715,2.9326979185,7.4072726866,,-2.4421219169,-1.3125048173,,,-2.9965122963,,0.2507655969,,JA,EN,7.4072726866,明顯落單,122.0000000000
GS7-064,7,EN ES JA P2 R S2 ZH,True,-4.0675887930,1.9827523291,5.9330302383,,-2.8315240925,-1.7669856259,,,-3.2806240550,,,4.0309399988,JA,EN,5.9330302383,中間,328.0000000000
GS7-065,7,EN ES JA P2 R W1 W2,True,-3.4950613101,2.5397482223,6.8819851172,,-2.4831301953,-1.0202833065,,,,-1.5003567757,-0.9229017518,,JA,EN,6.8819851172,明顯落單,208.0000000000
GS7-066,7,EN ES JA P2 R W1 ZH,True,-3.9169605231,1.3958950414,5.2138350775,,-3.0664399624,-1.6686717065,,,,-1.2996995556,,3.3420416289,JA,EN,5.2138350775,對稱,529.0000000000
GS7-067,7,EN ES JA P2 R W2 ZH,True,-4.0031967601,1.3430333483,5.1311870306,,-3.1074757996,-1.6767855516,,,,,-0.8755242141,3.1887619464,JA,EN,5.1311870306,對稱,547.0000000000
GS7-068,7,EN ES JA P2 RU S1 S2,True,-3.8606121870,1.9390162182,6.5438792504,,-2.4698101851,,3.9776405293,-3.0835319938,-3.0465816318,,,,JA,EN,6.5438792504,明顯落單,249.0000000000
GS7-069,7,EN ES JA P2 RU S1 W1,True,-3.7362441966,1.3258986510,5.7984238100,,-2.7309863346,,3.3197993759,-2.9768848719,,-1.0000064338,,,JA,EN,5.7984238100,中間,360.0000000000
GS7-070,7,EN ES JA P2 RU S1 W2,True,-3.8200238117,1.2754935799,5.7182323851,,-2.7695655498,,3.2070915225,-3.0292554789,,,-0.5819726472,,JA,EN,5.7182323851,中間,377.0000000000
GS7-071,7,EN ES JA P2 RU S1 ZH,True,-3.8299889025,0.5435745211,4.4620164675,,-2.9409411947,,2.1986287150,-3.0864250345,,,,2.6531354281,JA,EN,4.4620164675,對稱,654.0000000000
GS7-072,7,EN ES JA P2 RU S2 W1,True,-3.6175052939,1.3525440629,5.8059426306,,-2.8205647849,,3.3451142116,,-3.0027294512,-1.0628013751,,,JA,EN,5.8059426306,中間,357.0000000000
GS7-073,7,EN ES JA P2 RU S2 W2,True,-3.7192150391,1.2842088618,5.7078210756,,-2.8770741302,,3.2144762281,,-3.0102747329,,-0.5999422632,,JA,EN,5.7078210756,中間,381.0000000000
GS7-074,7,EN ES JA P2 RU S2 ZH,True,-3.7266327950,0.5548371379,4.4541524930,,-3.0459024402,,2.2085607555,,-3.0738126259,,,2.6287974747,JA,EN,4.4541524930,對稱,656.0000000000
GS7-075,7,EN ES JA P2 RU W1 W2,True,-3.1661378083,1.0998005350,5.3910748757,,-2.7095410392,,2.9853443152,,,-2.0354726360,-1.5650682424,,JA,EN,5.3910748757,中間,472.0000000000
GS7-076,7,EN ES JA P2 RU W1 ZH,True,-3.3674631556,0.1765212197,3.9434987016,,-3.0722769407,,1.7855212511,,,-1.6142415503,,2.1484404742,JA,EN,3.9434987016,對稱,708.0000000000
GS7-077,7,EN ES JA P2 RU W2 ZH,True,-3.4231134982,0.1542454210,3.8914365491,,-3.0827268834,,1.7009426701,,,,-1.2665309447,2.0257466862,JA,EN,3.8914365491,對稱,715.0000000000
GS7-078,7,EN ES JA P2 S1 S2 W1,True,-3.5857391219,3.3010476398,7.9412750022,,-2.0969214150,,,-2.7205865422,-2.7717459572,-0.0673296058,,,JA,EN,7.9412750022,明顯落單,65.0000000000
GS7-079,7,EN ES JA P2 S1 S2 W2,True,-3.7046880804,3.2154732254,7.8259142339,,-2.1706699735,,,-2.8081264926,-2.7965304521,,0.4386275393,,JA,EN,7.8259142339,明顯落單,70.0000000000
GS7-080,7,EN ES JA P2 S1 W1 W2,True,-3.3700360710,2.8126396771,7.2907428125,,-2.2215621040,,,-2.4911953517,,-1.2756653014,-0.7449236614,,JA,EN,7.2907428125,明顯落單,145.0000000000
GS7-081,7,EN ES JA P2 S1 W1 ZH,True,-3.8431594904,1.6175622898,5.5713685664,,-2.8560960775,,,-3.0115232358,,-1.1262322877,,3.6480802351,JA,EN,5.5713685664,中間,418.0000000000
GS7-082,7,EN ES JA P2 S1 W2 ZH,True,-3.9160490463,1.5780472779,5.5020672007,,-2.8837852335,,,-3.0530037837,,,-0.7354236490,3.5081472338,JA,EN,5.5020672007,中間,438.0000000000
GS7-083,7,EN ES JA P2 S2 W1 W2,True,-3.2440530764,2.8465291810,7.3055057250,,-2.3038964625,,,,-2.5351501607,-1.3312161509,-0.7377190554,,JA,EN,7.3055057250,明顯落單,144.0000000000
GS7-084,7,EN ES JA P2 S2 W1 ZH,True,-3.7146291608,1.6539991286,5.5886788139,,-2.9358831010,,,,-3.0618463822,-1.1792358022,,3.6489165037,JA,EN,5.5886788139,中間,412.0000000000
GS7-085,7,EN ES JA P2 S2 W2 ZH,True,-3.8054488468,1.5965539866,5.5014473180,,-2.9815023871,,,,-3.0585016048,,-0.7436018382,3.4910533723,JA,EN,5.5014473180,中間,439.0000000000
GS7-086,7,EN ES JA P2 W1 W2 ZH,True,-3.2359951885,1.4285220873,5.2010775456,,-2.7975928686,,,,,-2.1246405765,-1.6923513899,3.2209803907,JA,EN,5.2010775456,對稱,534.0000000000
GS7-087,7,EN ES JA R RU S1 S2,True,-4.0817281944,2.0210566454,6.4687761267,,,-1.7771225608,4.0294187309,-3.4099535026,-3.2504472451,,,,JA,EN,6.4687761267,中間,259.0000000000
GS7-088,7,EN ES JA R RU S1 W1,True,-4.0525687152,1.3127305669,5.6281121751,,,-1.8002774322,3.2763690663,-3.3985148919,,-0.9658507690,,,JA,EN,5.6281121751,中間,401.0000000000
GS7-089,7,EN ES JA R RU S1 W2,True,-4.1457546137,1.2529192124,5.5385144667,,,-1.8153409387,3.1542549294,-3.4602917824,,,-0.5243012738,,JA,EN,5.5385144667,中間,427.0000000000
GS7-090,7,EN ES JA R RU S1 ZH,True,-4.1371258094,0.5395940488,4.3008924443,,,-2.0332013215,2.1643860171,-3.4988674428,,,,2.6643220637,JA,EN,4.3008924443,對稱,666.0000000000
GS7-091,7,EN ES JA R RU S2 W1,True,-3.9688457827,1.3043600087,5.6006150255,,,-1.8023159572,3.2666679319,,-3.3368195459,-1.0636616804,,,JA,EN,5.6006150255,中間,407.0000000000
GS7-092,7,EN ES JA R RU S2 W2,True,-4.0799618113,1.2266185241,5.4930871871,,,-1.8353095939,3.1266236649,,-3.3537711110,,-0.5772868599,,JA,EN,5.4930871871,中間,441.0000000000
GS7-093,7,EN ES JA R RU S2 ZH,True,-4.0687856720,0.5158406954,4.2580124996,,,-2.0506226417,2.1393020875,,-3.3987151089,,,2.6049681401,JA,EN,4.2580124996,對稱,671.0000000000
GS7-094,7,EN ES JA R RU W1 W2,True,-3.6220930917,0.9470016861,5.0811324759,,,-1.4297552248,2.8022832408,,,-2.1409477360,-1.6376213504,,JA,EN,5.0811324759,對稱,559.0000000000
GS7-095,7,EN ES JA R RU W1 ZH,True,-3.8048245439,0.0423162659,3.6521501970,,,-1.8389758641,1.6210540719,,,-1.7011227552,,2.0294026284,JA,EN,3.6521501970,對稱,737.0000000000
GS7-096,7,EN ES JA R RU W2 ZH,True,-3.8698811700,0.0106341839,3.5906817610,,,-1.8259100982,1.5270692074,,,,-1.3298964410,1.8973025569,JA,EN,3.5906817610,對稱,744.0000000000
GS7-097,7,EN ES JA R S1 S2 W1,True,-3.8290225506,3.3609206457,7.8440044573,,,-1.3488152375,,-3.0691754722,-2.9977789917,0.0398671490,,,JA,EN,7.8440044573,明顯落單,68.0000000000
GS7-098,7,EN ES JA R S1 S2 W2,True,-3.9573777924,3.2659399479,7.7192374055,,,-1.3990480874,,-3.1661217060,-3.0319697701,,0.5693400026,,JA,EN,7.7192374055,明顯落單,85.0000000000
GS7-099,7,EN ES JA R S1 S2 ZH,True,-4.2179997251,2.2833640472,6.2123646461,,,-1.8861592072,,-3.4739481035,-3.3487118400,,,4.4310901826,JA,EN,6.2123646461,中間,288.0000000000
GS7-100,7,EN ES JA R S1 W1 W2,True,-3.7179342943,2.7678978884,7.0888574729,,,-1.2119189399,,-2.9443990764,,-1.2730833414,-0.7094197093,,JA,EN,7.0888574729,明顯落單,173.0000000000
GS7-101,7,EN ES JA R S1 W1 ZH,True,-4.1724638185,1.5914143962,5.3880771220,,,-1.8929376511,,-3.4461330653,,-1.1050564326,,3.6370994494,JA,EN,5.3880771220,中間,474.0000000000
GS7-102,7,EN ES JA R S1 W2 ZH,True,-4.2547596579,1.5424931009,5.3093694728,,,-1.8971110985,,-3.4970198967,,,-0.6907320852,3.4877601647,JA,EN,5.3093694728,中間,500.0000000000
GS7-103,7,EN ES JA R S2 W1 W2,True,-3.6269672699,2.7667714221,7.0686044152,,,-1.2067133730,,,-2.9008139600,-1.3636501609,-0.7372310734,,JA,EN,7.0686044152,明顯落單,174.0000000000
GS7-104,7,EN ES JA R S2 W1 ZH,True,-4.0789494591,1.5928352649,5.3703713992,,,-1.8851847493,,,-3.4089162864,-1.1930759171,,3.6029197479,JA,EN,5.3703713992,中間,478.0000000000
GS7-105,7,EN ES JA R S2 W2 ZH,True,-4.1791754286,1.5259838394,5.2737336199,,,-1.9072883268,,,-3.4149777925,,-0.7339262445,3.4356503330,JA,EN,5.2737336199,中間,508.0000000000
GS7-106,7,EN ES JA R W1 W2 ZH,True,-3.7049302815,1.2627434289,4.8781553363,,,-1.4853575303,,,,-2.2430954861,-1.7778843074,3.0703688402,JA,EN,4.8781553363,對稱,603.0000000000
GS7-107,7,EN ES JA RU S1 S2 W1,True,-3.8617555657,1.5593164414,5.9914376987,,,,3.5609536768,-3.2283904469,-3.1646565759,-0.8569052284,,,JA,EN,5.9914376987,中間,316.0000000000
GS7-108,7,EN ES JA RU S1 S2 W2,True,-3.9595249132,1.4949216379,5.8972565414,,,,3.4342560909,-3.2947507864,-3.1682614599,,-0.4038971107,,JA,EN,5.8972565414,中間,337.0000000000
GS7-109,7,EN ES JA RU S1 S2 ZH,True,-3.9995729803,0.7329196028,4.6109576475,,,,2.3957103071,-3.3820033183,-3.2644296642,,,2.9064184053,JA,EN,4.6109576475,對稱,641.0000000000
GS7-110,7,EN ES JA RU S1 W1 W2,True,-3.5115400456,1.2054209479,5.4754179782,,,,3.1000318148,-2.8644867873,,-1.9307284549,-1.4741154531,,JA,EN,5.4754179782,中間,447.0000000000
GS7-111,7,EN ES JA RU S1 W1 ZH,True,-3.7454957042,0.2495113213,3.9952114929,,,,1.8675784395,-3.1456469106,,-1.5421276804,,2.3209690416,JA,EN,3.9952114929,對稱,698.0000000000
GS7-112,7,EN ES JA RU S1 W2 ZH,True,-3.7972056492,0.2311759204,3.9470897381,,,,1.7869402562,-3.1659478476,,,-1.2042680691,2.2022156512,JA,EN,3.9470897381,對稱,707.0000000000
GS7-113,7,EN ES JA RU S2 W1 W2,True,-3.4183837042,1.2064837986,5.4573542375,,,,3.0997640892,,-2.8263749634,-2.0191059574,-1.4997375003,,JA,EN,5.4573542375,中間,453.0000000000
GS7-114,7,EN ES JA RU S2 W1 ZH,True,-3.6497920278,0.2531215070,3.9796950871,,,,1.8698580489,,-3.1139034241,-1.6279578480,,2.2889786570,JA,EN,3.9796950871,對稱,701.0000000000
GS7-115,7,EN ES JA RU S2 W2 ZH,True,-3.7194321029,0.2168559759,3.9136432022,,,,1.7712897354,,-3.0893790358,,-1.2452729114,2.1522951365,JA,EN,3.9136432022,對稱,712.0000000000
GS7-116,7,EN ES JA RU W1 W2 ZH,True,-3.0366455863,0.1621569348,3.7266062880,,,,1.6718671083,,,-2.4388501531,-2.0806896048,1.9955550132,JA,EN,3.7266062880,對稱,732.0000000000
GS7-117,7,EN ES JA S1 S2 W1 W2,True,-3.4815220024,3.0600829052,7.4977821389,,,,,-2.7286754890,-2.6902959395,-1.1185386584,-0.5388329548,,JA,EN,7.4977821389,明顯落單,110.0000000000
GS7-118,7,EN ES JA S1 S2 W1 ZH,True,-3.9847283980,1.8349225417,5.7483249165,,,,,-3.2790863494,-3.2496224723,-0.9991886209,,3.9293783824,JA,EN,5.7483249165,中間,369.0000000000
GS7-119,7,EN ES JA S1 S2 W2 ZH,True,-4.0716076864,1.7814177973,5.6650338183,,,,,-3.3345566297,-3.2423372972,,-0.5734056511,3.7754556487,JA,EN,5.6650338183,中間,392.0000000000
GS7-120,7,EN ES JA S1 W1 W2 ZH,True,-3.6072463913,1.5082935348,5.2595716827,,,,,-2.8879162031,,-2.0457453608,-1.6272475661,3.4002903039,JA,EN,5.2595716827,對稱,514.0000000000
GS7-121,7,EN ES JA S2 W1 W2 ZH,True,-3.5042986230,1.5191478123,5.2512993688,,,,,,-2.8742829463,-2.1243314365,-1.6430781864,3.3755440112,JA,EN,5.2512993688,對稱,518.0000000000
GS7-122,7,EN ES P1 P2 R RU S1,True,-3.2132039079,4.3339628005,,-3.1786136765,-1.7385147915,-0.4833166428,6.4906595947,-2.2109733765,,,,,RU,EN,6.4906595947,明顯落單,254.0000000000
GS7-123,7,EN ES P1 P2 R RU W1,True,-3.1681144647,3.5494731953,,-3.4826855757,-2.2872868413,-0.5763030078,5.6601158271,,,0.3048008671,,,RU,P1,5.6601158271,中間,394.0000000000
GS7-124,7,EN ES P1 P2 R RU W2,True,-3.2957097320,3.4552524720,,-3.5000512539,-2.3696817087,-0.6257758831,5.5035923214,,,,0.8323737843,,RU,P1,5.5035923214,中間,437.0000000000
GS7-125,7,EN ES P1 P2 R RU ZH,True,-3.5967585424,2.4322496936,,-3.8492731503,-2.8321410732,-1.1533138806,4.2040457943,,,,,4.7951911586,ZH,P1,4.7951911586,對稱,620.0000000000
GS7-126,7,EN ES P1 P2 R S1 S2,True,-2.3938849928,6.9779256297,,-2.1535413619,-0.4356360316,0.5639183022,,-1.2858612064,-1.2729203393,,,,ES,EN,6.9779256297,明顯落單,189.0000000000
GS7-127,7,EN ES P1 P2 R S1 W1,True,-2.6676453076,5.9666797574,,-2.6335708326,-1.0949404861,0.2378436369,,-1.5773423896,,1.7689756216,,,ES,EN,5.9666797574,中間,321.0000000000
GS7-128,7,EN ES P1 P2 R S1 W2,True,-2.8124797881,5.8552198208,,-2.6681757241,-1.1945745668,0.1711315484,,-1.6907678621,,,2.3396465720,,ES,EN,5.8552198208,中間,347.0000000000
GS7-129,7,EN ES P1 P2 R S1 ZH,True,-3.3853266705,4.5604189705,,-3.2891956924,-1.9288320033,-0.6282045211,,-2.3108192093,,,,6.9819591262,ZH,EN,6.9819591262,明顯落單,188.0000000000
GS7-130,7,EN ES P1 P2 R S2 W1,True,-2.5420465492,6.0001850250,,-2.6508642607,-1.1776590808,0.2776809377,,,-1.6203366081,1.7130405360,,,ES,P1,6.0001850250,中間,314.0000000000
GS7-131,7,EN ES P1 P2 R S2 W2,True,-2.7048111598,5.8707949583,,-2.7033992822,-1.2952232916,0.1930387190,,,-1.6889367554,,2.3285368117,,ES,EN,5.8707949583,中間,344.0000000000
GS7-132,7,EN ES P1 P2 R S2 ZH,True,-3.2751107073,4.5785414430,,-3.3218719156,-2.0269333931,-0.6037500155,,,-2.3153564399,,,6.9644810285,ZH,P1,6.9644810285,明顯落單,193.0000000000
GS7-133,7,EN ES P1 P2 R W1 W2,True,-2.5498622341,5.2882583264,,-2.7547195125,-1.5258185057,0.2956732942,,,,0.2811861044,0.9652825273,,ES,P1,5.2882583264,中間,503.0000000000
GS7-134,7,EN ES P1 P2 R W1 ZH,True,-3.3140693730,3.8020972196,,-3.5670997373,-2.4514361988,-0.6950230318,,,,0.1395353986,,6.0859957228,ZH,P1,6.0859957228,中間,309.0000000000
GS7-135,7,EN ES P1 P2 R W2 ZH,True,-3.4307745812,3.7187665554,,-3.5735753564,-2.5229410070,-0.7336058480,,,,,0.6398831679,5.9022470693,ZH,P1,5.9022470693,中間,335.0000000000
GS7-136,7,EN ES P1 P2 RU S1 S2,True,-2.9687122191,4.6342272142,,-2.9595776090,-1.5657976036,,6.8289227444,-1.9871703923,-1.9818921346,,,,RU,EN,6.8289227444,明顯落單,217.0000000000
GS7-137,7,EN ES P1 P2 RU S1 W1,True,-3.0339311644,3.8315227113,,-3.2310657102,-2.0165606888,,5.9814946555,-2.0701102060,,0.5386504026,,,RU,P1,5.9814946555,中間,319.0000000000
GS7-138,7,EN ES P1 P2 RU S1 W2,True,-3.1481797506,3.7506486692,,-3.2350847073,-2.0856088750,,5.8383178309,-2.1529497842,,,1.0328566170,,RU,P1,5.8383178309,中間,349.0000000000
GS7-139,7,EN ES P1 P2 RU S1 ZH,True,-3.5004527673,2.6764216844,,-3.6355308100,-2.5992924459,,4.4875470974,-2.5524272657,,,,5.1237345072,ZH,P1,5.1237345072,對稱,548.0000000000
GS7-140,7,EN ES P1 P2 RU S2 W2,True,-3.0383218053,3.7684131237,,-3.2681189485,-2.1840682829,,5.8547517091,,-2.1565919698,,1.0239361737,,RU,P1,5.8547517091,中間,348.0000000000
GS7-141,7,EN ES P1 P2 RU S2 ZH,True,-3.3880474871,2.6967334739,,-3.6660177163,-2.6952045188,,4.5065283106,,-2.5624377888,,,5.1084457264,ZH,P1,5.1084457264,對稱,550.0000000000
GS7-142,7,EN ES P1 P2 RU W1 W2,True,-2.6748315101,3.3944178613,,-3.1108978093,-2.2061221275,,5.4360328606,,,-0.7078225337,-0.1307767412,,RU,P1,5.4360328606,中間,458.0000000000
GS7-143,7,EN ES P1 P2 RU W1 ZH,True,-3.2184647834,2.1288306200,,-3.7027041685,-2.9111659549,,3.8939018706,,,-0.6288993740,,4.4385017903,ZH,P1,4.4385017903,對稱,657.0000000000
GS7-144,7,EN ES P1 P2 RU W2 ZH,True,-3.3045840972,2.0760858502,,-3.6785938932,-2.9520848688,,3.7788543184,,,,-0.2050163406,4.2853390311,ZH,P1,4.2853390311,對稱,669.0000000000
GS7-145,7,EN ES P1 P2 S1 S2 W1,True,-2.3729710274,6.3171267625,,-2.3643521737,-0.8720407069,,,-1.3033568140,-1.3861883333,1.9817822929,,,ES,EN,6.3171267625,中間,271.0000000000
GS7-146,7,EN ES P1 P2 S1 S2 W2,True,-2.5223889570,6.2010833769,,-2.4035405142,-0.9762582365,,,-1.4213657355,-1.4414417994,,2.5639118657,,ES,EN,6.2010833769,中間,291.0000000000
GS7-147,7,EN ES P1 P2 S1 S2 ZH,True,-3.1439127108,4.8576056552,,-3.0732373539,-1.7591925444,,,-2.0900939541,-2.1190856904,,,7.3279165984,ZH,EN,7.3279165984,明顯落單,133.0000000000
GS7-148,7,EN ES P1 P2 S1 W1 W2,True,-2.3773238833,5.6086628930,,-2.4647445964,-1.2167373027,,,-1.2940215303,,0.5533906904,1.1907737294,,ES,P1,5.6086628930,中間,404.0000000000
GS7-149,7,EN ES P1 P2 S1 W1 ZH,True,-3.1927552286,4.0712775798,,-3.3283490277,-2.1935792021,,,-2.1566573404,,0.3605157782,,6.4395474408,ZH,P1,6.4395474408,中間,263.0000000000
GS7-150,7,EN ES P1 P2 S2 W1 W2,True,-2.2422917160,5.6516015695,,-2.4726046156,-1.2900224885,,,,-1.3605992710,0.5068890137,1.2070275080,,ES,P1,5.6516015695,中間,395.0000000000
GS7-151,7,EN ES P1 P2 S2 W1 ZH,True,-3.0551757264,4.1167635912,,-3.3336617119,-2.2643170529,,,,-2.2296034184,0.3165614364,,6.4494328820,ZH,P1,6.4494328820,中間,260.0000000000
GS7-152,7,EN ES P1 P2 S2 W2 ZH,True,-3.1764643835,4.0288494781,,-3.3447207800,-2.3404053102,,,,-2.2567276121,,0.8283678282,6.2611007795,ZH,P1,6.2611007795,中間,281.0000000000
GS7-153,7,EN ES P1 P2 W1 W2 ZH,True,-2.7965976609,3.6712306431,,-3.1711232132,-2.3460827274,,,,,-0.8488992447,-0.3099686592,5.8014408623,ZH,P1,5.8014408623,中間,358.0000000000
GS7-154,7,EN ES P1 R RU S1 S2,True,-3.2922982011,4.6137976668,,-2.7785057963,,-0.6169350428,6.7782309715,-2.4160618756,-2.2882277225,,,,RU,EN,6.7782309715,明顯落單,225.0000000000
GS7-155,7,EN ES P1 R RU S1 W1,True,-3.4527256576,3.7158846527,,-3.1452024087,,-0.8296768499,5.8355943713,-2.5942102006,,0.4703360928,,,RU,EN,5.8355943713,中間,350.0000000000
GS7-156,7,EN ES P1 R RU S1 W2,True,-3.5763805272,3.6256043271,,-3.1586276892,,-0.8752093275,5.6830112632,-2.6864560622,,,0.9880580158,,RU,EN,5.6830112632,中間,388.0000000000
GS7-157,7,EN ES P1 R RU S1 ZH,True,-3.9100596489,2.5699712375,,-3.5404798968,,-1.4353776362,4.3508344249,-3.0673396486,,,,5.0324511681,ZH,EN,5.0324511681,對稱,568.0000000000
GS7-158,7,EN ES P1 R RU S2 W1,True,-3.3599535523,3.7165632672,,-3.1953224899,,-0.8226662022,5.8349424095,,-2.5551377862,0.3815743540,,,RU,EN,5.8349424095,中間,351.0000000000
GS7-159,7,EN ES P1 R RU S2 W2,True,-3.5015385521,3.6083528115,,-3.2266779005,,-0.8861288100,5.6644291714,,-2.6025583225,,0.9441216023,,RU,EN,5.6644291714,中間,393.0000000000
GS7-160,7,EN ES P1 R RU S2 ZH,True,-3.8326703388,2.5552670568,,-3.6059827732,,-1.4437497837,4.3347996680,,-2.9898102464,,,4.9821464173,ZH,EN,4.9821464173,對稱,581.0000000000
GS7-161,7,EN ES P1 R RU W1 W2,True,-3.2332567681,3.1391490378,,-3.1646652725,,-0.6701613766,5.1505018116,,,-0.9157676084,-0.3057998238,,RU,EN,5.1505018116,對稱,543.0000000000
GS7-162,7,EN ES P1 R RU W1 ZH,True,-3.7582961463,1.8921556917,,-3.7378777366,,-1.4216899418,3.6269647167,,,-0.8182505535,,4.2169939699,ZH,EN,4.2169939699,對稱,678.0000000000
GS7-163,7,EN ES P1 R S1 S2 W1,True,-2.7187244306,6.2745297938,,-2.2054477822,,0.1322404071,,-1.7544157186,-1.7146913425,1.9865090730,,,ES,EN,6.2745297938,中間,279.0000000000
GS7-164,7,EN ES P1 R S1 S2 W2,True,-2.8775486436,6.1490801248,,-2.2540424061,,0.0515385860,,-1.8818309236,-1.7793510920,,2.5921543545,,ES,EN,6.1490801248,中間,297.0000000000
GS7-165,7,EN ES P1 R S1 S2 ZH,True,-3.4804785023,4.8241962982,,-2.9051453507,,-0.7778804597,,-2.5319652470,-2.4384010879,,,7.3096743494,ZH,EN,7.3096743494,明顯落單,143.0000000000
GS7-166,7,EN ES P1 R S1 W1 W2,True,-2.8276920812,5.4614511297,,-2.4104549996,,0.0490807979,,-1.8496952296,,0.4535026759,1.1238077069,,ES,EN,5.4614511297,中間,451.0000000000
GS7-167,7,EN ES P1 R S1 W1 ZH,True,-3.6245295313,3.9426597116,,-3.2554655357,,-0.9742458393,,-2.6937371445,,0.2792216588,,6.3260966805,ZH,EN,6.3260966805,中間,270.0000000000
GS7-168,7,EN ES P1 R S1 W2 ZH,True,-3.7372943418,3.8632694451,,-3.2580007570,,-1.0088882578,,-2.7750929470,,,0.7697184339,6.1462884246,ZH,EN,6.1462884246,中間,299.0000000000
GS7-169,7,EN ES P1 R S2 W1 W2,True,-2.7276758841,5.4693738360,,-2.4533309889,,0.0633355374,,,-1.8287330449,0.3719850290,1.1050455155,,ES,EN,5.4693738360,中間,449.0000000000
GS7-170,7,EN ES P1 R S2 W1 ZH,True,-3.5219659992,3.9531297529,,-3.2957941900,,-0.9574437648,,,-2.6791432973,0.2002513468,,6.3009661516,ZH,EN,6.3009661516,中間,276.0000000000
GS7-171,7,EN ES P1 R S2 W2 ZH,True,-3.6526609398,3.8558093563,,-3.3162595415,,-1.0100163134,,,-2.7156737744,,0.7355734473,6.1032277656,ZH,EN,6.1032277656,中間,306.0000000000
GS7-172,7,EN ES P1 R W1 W2 ZH,True,-3.3680027284,3.4029820101,,-3.2378704860,,-0.7776724526,,,,-1.0698241289,-0.4979715513,5.5483593372,ZH,EN,5.5483593372,中間,423.0000000000
GS7-173,7,EN ES P1 RU S1 S2 W1,True,-3.2053502237,4.0190328116,,-2.9232825960,,,6.1767412661,-2.3675234713,-2.3354617045,0.6358439178,,,RU,EN,6.1767412661,中間,295.0000000000
GS7-174,7,EN ES P1 RU S1 S2 W2,True,-3.3335885423,3.9241690370,,-2.9412913256,,,6.0195747091,-2.4643527818,-2.3695355597,,1.1650244633,,RU,EN,6.0195747091,中間,313.0000000000
GS7-175,7,EN ES P1 RU S1 S2 ZH,True,-3.7159445353,2.8198590760,,-3.3718204046,,,4.6387209994,-2.8939132397,-2.8080116899,,,5.3311097942,ZH,EN,5.3311097942,中間,492.0000000000
GS7-176,7,EN ES P1 RU S1 W1 W2,True,-3.0751906104,3.4450814113,,-2.8891625496,,,5.4957634973,-2.2236757184,,-0.6580352155,-0.0947808148,,RU,EN,5.4957634973,中間,440.0000000000
GS7-177,7,EN ES P1 RU S1 W1 ZH,True,-3.6514541949,2.1468638588,,-3.5135992200,,,3.9210021961,-2.8471437677,,-0.6117423670,,4.5560734947,ZH,EN,4.5560734947,對稱,645.0000000000
GS7-178,7,EN ES P1 RU S1 W2 ZH,True,-3.7336331110,2.0980594867,,-3.4855485470,,,3.8098950416,-2.8979136758,,,-0.1977103278,4.4068511333,ZH,EN,4.4068511333,對稱,658.0000000000
GS7-179,7,EN ES P1 RU S2 W1 W2,True,-2.9729850963,3.4551934346,,-2.9298492219,,,5.5045449444,,-2.2081868262,-0.7373635454,-0.1113536893,,RU,EN,5.5045449444,中間,436.0000000000
GS7-180,7,EN ES P1 RU S2 W1 ZH,True,-3.5467013459,2.1595232171,,-3.5517385574,,,3.9323309782,,-2.8380232129,-0.6885233619,,4.5331322828,ZH,P1,4.5331322828,對稱,649.0000000000
GS7-181,7,EN ES P1 RU S2 W2 ZH,True,-3.6468103921,2.0927887149,,-3.5416180146,,,3.8032936935,,-2.8439677956,,-0.2296659974,4.3659797912,ZH,EN,4.3659797912,對稱,662.0000000000
GS7-182,7,EN ES P1 RU W1 W2 ZH,True,-3.1536108112,1.8485027382,,-3.2546875896,,,3.5142841307,,,-1.7194715738,-1.2546696266,4.0196527323,ZH,P1,4.0196527323,對稱,696.0000000000
GS7-183,7,EN ES P1 S1 S2 W1 W2,True,-2.5347175049,5.8101984309,,-2.1429360446,,,,-1.5774093579,-1.5707019127,0.6646096433,1.3509567458,,ES,EN,5.8101984309,中間,355.0000000000
GS7-184,7,EN ES P1 S1 S2 W1 ZH,True,-3.3802318264,4.2427301414,,-3.0366234521,,,,-2.4701281442,-2.4723363714,0.4416517548,,6.6749378979,ZH,EN,6.6749378979,明顯落單,238.0000000000
GS7-185,7,EN ES P1 S1 S2 W2 ZH,True,-3.4975800859,4.1587564260,,-3.0437421224,,,,-2.5560673956,-2.4955201674,,0.9436071524,6.4905461930,ZH,EN,6.4905461930,中間,255.0000000000
GS7-186,7,EN ES P1 S1 W1 W2 ZH,True,-3.2228057265,3.6960452277,,-2.9752369189,,,,-2.2990139047,,-0.8249608919,-0.2998216982,5.9257939126,ZH,EN,5.9257939126,中間,329.0000000000
GS7-187,7,EN ES P1 S2 W1 W2 ZH,True,-3.1108087856,3.7159486779,,-3.0061321645,,,,,-2.3080035796,-0.8944977950,-0.3066031459,5.9100967925,ZH,EN,5.9100967925,中間,332.0000000000
GS7-188,7,EN ES P2 R RU S1 S2,True,-3.3575255442,4.0807259957,,,-1.4735544056,-0.7057636575,6.3652770318,-2.4857842034,-2.4233752168,,,,RU,EN,6.3652770318,中間,268.0000000000
GS7-189,7,EN ES P2 R RU S1 W1,True,-3.4667315767,3.2340344056,,,-1.9683045780,-0.8672840406,5.4738618555,-2.6127111044,,0.2071350385,,,RU,EN,5.4738618555,中間,448.0000000000
GS7-190,7,EN ES P2 R RU S1 W2,True,-3.5718066780,3.1623338483,,,-2.0281792794,-0.8942367499,5.3398585159,-2.6863771976,,,0.6784075406,,RU,EN,5.3398585159,中間,484.0000000000
GS7-191,7,EN ES P2 R RU S1 ZH,True,-3.8731322373,2.1390543211,,,-2.4909153928,-1.4220514963,4.0400352398,-3.0349072217,,,,4.6419167872,ZH,EN,4.6419167872,對稱,637.0000000000
GS7-192,7,EN ES P2 R RU S2 W1,True,-3.3552665667,3.2534059248,,,-2.0651569210,-0.8415804882,5.4919027985,,-2.6203709518,0.1370662045,,,RU,EN,5.4919027985,中間,442.0000000000
GS7-193,7,EN ES P2 R RU S2 W2,True,-3.4782717981,3.1637752375,,,-2.1429617526,-0.8864633277,5.3399693287,,-2.6492117198,,0.6531640319,,RU,EN,5.3399693287,中間,483.0000000000
GS7-194,7,EN ES P2 R RU W1 W2,True,-3.1587685902,2.7457928878,,,-2.2090026845,-0.6192744703,4.8772633929,,,-1.0904745656,-0.5455359702,,RU,EN,4.8772633929,對稱,604.0000000000
GS7-195,7,EN ES P2 R RU W1 ZH,True,-3.6514544060,1.5311531040,,,-2.8630990544,-1.3384494732,3.3860798604,,,-0.9606039484,,3.8963739176,ZH,EN,3.8963739176,對稱,714.0000000000
GS7-196,7,EN ES P2 R RU W2 ZH,True,-3.7284002349,1.4875818191,,,-2.8948444834,-1.3372729101,3.2802057931,,,,-0.5596546272,3.7523846434,ZH,EN,3.7523846434,對稱,730.0000000000
GS7-197,7,EN ES P2 R S1 S2 W1,True,-2.8121036199,5.7133062766,,,-0.8301167762,0.0152599462,,-1.8522898925,-1.8779906829,1.6439347487,,,ES,EN,5.7133062766,中間,379.0000000000
GS7-198,7,EN ES P2 R S1 S2 W2,True,-2.9523480645,5.6064363760,,,-0.9251608210,-0.0468621065,,-1.9611253291,-1.9240706641,,2.2031306093,,ES,EN,5.6064363760,中間,406.0000000000
GS7-199,7,EN ES P2 R S1 S2 ZH,True,-3.5229243608,4.3139061117,,,-1.6571476714,-0.8439275899,,-2.5789060902,-2.5507670976,,,6.8397666983,ZH,EN,6.8397666983,明顯落單,213.0000000000
GS7-200,7,EN ES P2 R S1 W1 W2,True,-2.8512700781,4.9700288048,,,-1.2096269744,0.0019015294,,-1.8777682111,,0.1807295438,0.7860053856,,ES,EN,4.9700288048,對稱,583.0000000000
GS7-201,7,EN ES P2 R S1 W1 ZH,True,-3.6157539659,3.4835909490,,,-2.1355214163,-0.9890715455,,-2.6894565637,,0.0388020890,,5.9074104534,ZH,EN,5.9074104534,中間,334.0000000000
GS7-202,7,EN ES P2 R S1 W2 ZH,True,-3.7099390080,3.4227804509,,,-2.1845060586,-1.0051341957,,-2.7522325978,,,0.4828494433,5.7461819659,ZH,EN,5.7461819659,中間,371.0000000000
GS7-203,7,EN ES P2 R S2 W1 W2,True,-2.7325609762,4.9966444159,,,-1.2992352256,0.0348491736,,,-1.9035382883,0.1179048017,0.7859360989,,ES,EN,4.9966444159,對稱,578.0000000000
GS7-204,7,EN ES P2 R S2 W1 ZH,True,-3.4944975291,3.5127538951,,,-2.2225823325,-0.9535765663,,,-2.7215949783,-0.0214753181,,5.9009728293,ZH,EN,5.9009728293,中間,336.0000000000
GS7-205,7,EN ES P2 R S2 W2 ZH,True,-3.6066127013,3.4340132668,,,-2.2894971049,-0.9875693466,,,-2.7395456871,,0.4673973615,5.7218142116,ZH,EN,5.7218142116,中間,375.0000000000
GS7-206,7,EN ES P2 R W1 W2 ZH,True,-3.2707330659,3.0324073446,,,-2.3391616094,-0.7040040617,,,,-1.2217496016,-0.7149262132,5.2181672072,ZH,EN,5.2181672072,對稱,527.0000000000
GS7-207,7,EN ES P2 RU S1 S2 W1,True,-3.2061221772,3.5504165301,,,-1.7794696793,,5.8282427160,-2.3727904094,-2.4061538093,0.3858768291,,,RU,EN,5.8282427160,中間,352.0000000000
GS7-208,7,EN ES P2 RU S1 S2 W2,True,-3.3157807275,3.4741325238,,,-1.8439278297,,5.6896559273,-2.4510399516,-2.4216478961,,0.8686079538,,RU,EN,5.6896559273,中間,386.0000000000
GS7-209,7,EN ES P2 RU S1 S2 ZH,True,-3.6657831582,2.4021761251,,,-2.3553408145,,4.3411557799,-2.8482468471,-2.8277704640,,,4.9538093788,ZH,EN,4.9538093788,對稱,587.0000000000
GS7-210,7,EN ES P2 RU S1 W1 W2,True,-3.0061613716,3.0462663221,,,-1.9198526136,,5.2170661395,-2.1591414642,,-0.8382011118,-0.3399759004,,RU,EN,5.2170661395,對稱,528.0000000000
GS7-211,7,EN ES P2 RU S1 W1 ZH,True,-3.5500713938,1.7804023319,,,-2.6251731899,,3.6746584006,-2.7502559512,,-0.7595547010,,4.2299945034,ZH,EN,4.2299945034,對稱,673.0000000000
GS7-212,7,EN ES P2 RU S1 W2 ZH,True,-3.6136705415,1.7501777282,,,-2.6435719378,,3.5821310145,-2.7824460909,,,-0.3919720827,4.0993519102,ZH,EN,4.0993519102,對稱,687.0000000000
GS7-213,7,EN ES P2 RU S2 W1 W2,True,-2.8852629527,3.0750712502,,,-2.0072715479,,5.2445404913,,-2.1903848338,-0.8988365370,-0.3378558701,,RU,EN,5.2445404913,對稱,519.0000000000
GS7-214,7,EN ES P2 RU S2 W1 ZH,True,-3.4266256400,1.8117545950,,,-2.7100447892,,3.7046800874,,-2.7878676582,-0.8176427912,,4.2257461962,ZH,EN,4.2257461962,對稱,676.0000000000
GS7-215,7,EN ES P2 RU S2 W2 ZH,True,-3.5081549178,1.7635998611,,,-2.7463736672,,3.5942225711,,-2.7752324726,,-0.4052348476,4.0771734729,ZH,EN,4.0771734729,對稱,689.0000000000
GS7-216,7,EN ES P2 RU W1 W2 ZH,True,-2.9637339130,1.5705353084,,,-2.5874968022,,3.3564344323,,,-1.7787898108,-1.3790170528,3.7820678380,ZH,EN,3.7820678380,對稱,727.0000000000
GS7-217,7,EN ES P2 S1 S2 W1 W2,True,-2.5450615362,5.3320100716,,,-0.9751929334,,,-1.5922483738,-1.6509660952,0.4050704768,1.0263883901,,ES,EN,5.3320100716,中間,490.0000000000
GS7-218,7,EN ES P2 S1 S2 W1 ZH,True,-3.3582222954,3.7968953445,,,-1.9497642467,,,-2.4526135978,-2.5202469916,0.2144661507,,6.2694856364,ZH,EN,6.2694856364,中間,280.0000000000
GS7-219,7,EN ES P2 S1 S2 W2 ZH,True,-3.4569907865,3.7315013973,,,-2.0033323379,,,-2.5199730809,-2.5248510193,,0.6699721274,6.1036736999,ZH,EN,6.1036736999,中間,305.0000000000
GS7-220,7,EN ES P2 S1 W1 W2 ZH,True,-3.1309950032,3.3200116231,,,-2.0628806944,,,-2.2116981660,,-0.9823453037,-0.5222352992,5.5901428434,ZH,EN,5.5901428434,中間,410.0000000000
GS7-221,7,EN ES P2 S2 W1 W2 ZH,True,-3.0003051575,3.3586079780,,,-2.1405082018,,,,-2.2674201027,-1.0331893020,-0.5103238421,5.5931386281,ZH,EN,5.5931386281,中間,408.0000000000
GS7-222,7,EN ES R RU S1 S2 W1,True,-3.4856574131,3.5740377288,,,,-0.9407339838,5.8216016892,-2.7576311467,-2.6684386511,0.4568217766,,,RU,EN,5.8216016892,中間,353.0000000000
GS7-223,7,EN ES R RU S1 S2 W2,True,-3.6047222468,3.4883474391,,,,-0.9816764255,5.6736086170,-2.8452869724,-2.6933390213,,0.9630686099,,RU,EN,5.6736086170,中間,390.0000000000
GS7-224,7,EN ES R RU S1 S2 ZH,True,-3.9361307824,2.4349849355,,,,-1.5395741482,4.3437023647,-3.2238999727,-3.0808676941,,,5.0017852971,ZH,EN,5.0017852971,對稱,576.0000000000
GS7-225,7,EN ES R RU S1 W1 W2,True,-3.3903114021,2.9652727261,,,,-0.8195799314,5.1058103180,-2.6485969961,,-0.8718709590,-0.3407237555,,RU,EN,5.1058103180,對稱,552.0000000000
GS7-226,7,EN ES R RU S1 W1 ZH,True,-3.9156275292,1.7180026311,,,,-1.5713852455,3.5819964742,-3.2211175880,,-0.7746306530,,4.1827619104,ZH,EN,4.1827619104,對稱,679.0000000000
GS7-227,7,EN ES R RU S1 W2 ZH,True,-3.9886329604,1.6783717439,,,,-1.5662682848,3.4800628046,-3.2627140112,,,-0.3835323261,4.0427130338,ZH,EN,4.0427130338,對稱,693.0000000000
GS7-228,7,EN ES R RU S2 W1 W2,True,-3.3044289534,2.9590616841,,,,-0.8194589403,5.0982686997,,-2.5923004404,-0.9675223543,-0.3736196953,,RU,EN,5.0982686997,對稱,556.0000000000
GS7-229,7,EN ES R RU S2 W1 ZH,True,-3.8271977455,1.7143389240,,,,-1.5687169195,3.5770021909,,-3.1711893697,-0.8677347134,,4.1434976331,ZH,EN,4.1434976331,對稱,681.0000000000
GS7-230,7,EN ES R RU S2 W2 ZH,True,-3.9181333068,1.6567779067,,,,-1.5815300888,3.4571383912,,-3.1679604676,,-0.4318110611,3.9855186264,ZH,EN,3.9855186264,對稱,700.0000000000
GS7-231,7,EN ES R RU W1 W2 ZH,True,-3.4689208132,1.3685048427,,,,-1.1846319457,3.1241417411,,,-1.9334965276,-1.5008017775,3.5952044802,ZH,EN,3.5952044802,對稱,743.0000000000
GS7-232,7,EN ES R S1 S2 W1 W2,True,-2.8561704768,5.3240575656,,,,-0.0575229761,,-2.0086628157,-1.9448246417,0.4444417196,1.0986816250,,ES,EN,5.3240575656,中間,494.0000000000
GS7-233,7,EN ES R S1 S2 W1 ZH,True,-3.6507373408,3.8075367336,,,,-1.0785790272,,-2.8504341446,-2.7955116430,0.2724312886,,6.2952941335,ZH,EN,6.2952941335,中間,277.0000000000
GS7-234,7,EN ES R S1 S2 W2 ZH,True,-3.7589121154,3.7327365030,,,,-1.1086314098,,-2.9271999112,-2.8095219541,,0.7514529740,6.1200759135,ZH,EN,6.1200759135,中間,303.0000000000
GS7-235,7,EN ES R S1 W1 W2 ZH,True,-3.5281248433,3.2260382176,,,,-0.9301584882,,-2.7141335075,,-1.0289949604,-0.5359629639,5.5113365458,ZH,EN,5.5113365458,中間,433.0000000000
GS7-236,7,EN ES RU S1 S2 W1 W2,True,-3.1314017065,3.2799551468,,,,,5.4584914746,-2.4103760050,-2.3542004404,-0.6948288722,-0.1476395972,,RU,EN,5.4584914746,中間,452.0000000000
GS7-237,7,EN ES RU S1 S2 W1 ZH,True,-3.7053947049,1.9840081803,,,,,3.8860007594,-3.0315734683,-2.9843135761,-0.6462654377,,4.4975382472,ZH,EN,4.4975382472,對稱,652.0000000000
GS7-238,7,EN ES RU S1 S2 W2 ZH,True,-3.7829835851,1.9397938441,,,,,3.7794836408,-3.0777533405,-2.9677379928,,-0.2437084882,4.3529059216,ZH,EN,4.3529059216,對稱,664.0000000000
GS7-239,7,EN ES RU S1 W1 W2 ZH,True,-3.3436549435,1.6416369281,,,,,3.4366031388,-2.6561455673,,-1.7085644228,-1.3225830567,3.9527079234,ZH,EN,3.9527079234,對稱,706.0000000000
GS7-240,7,EN ES RU S2 W1 W2 ZH,True,-3.2457917510,1.6474066299,,,,,3.4410422643,,-2.6298008711,-1.7922350743,-1.3434982527,3.9228770550,ZH,EN,3.9228770550,對稱,710.0000000000
GS7-241,7,EN ES S1 S2 W1 W2 ZH,True,-3.2722928766,3.5376429092,,,,,,-2.4789902454,-2.4570846747,-0.8550306027,-0.3459565347,5.8717120249,ZH,EN,5.8717120249,中間,343.0000000000
GS7-242,7,EN JA P1 P2 R RU S1,True,-3.7763242710,,8.2045383787,-3.7961614814,-2.3143599025,-1.2163053046,5.7067083787,-2.8080957978,,,,,JA,P1,8.2045383787,明顯落單,46.0000000000
GS7-243,7,EN JA P1 P2 R RU S2,True,-3.6704349942,,8.1992075733,-3.8331643911,-2.4167879787,-1.1961774854,5.7191735885,,-2.8018163123,,,,JA,P1,8.1992075733,明顯落單,47.0000000000
GS7-244,7,EN JA P1 P2 R RU W1,True,-3.6879592666,,7.3118598702,-4.0569578194,-2.8198563909,-1.2660161083,4.9194401724,,,-0.4005104574,,,JA,P1,7.3118598702,明顯落單,142.0000000000
GS7-245,7,EN JA P1 P2 R RU W2,True,-3.8070441471,,7.1963631799,-4.0658131107,-2.8937408715,-1.3069785968,4.7714270535,,,,0.1057864928,,JA,P1,7.1963631799,明顯落單,157.0000000000
GS7-246,7,EN JA P1 P2 R RU ZH,True,-3.9582938550,,5.7988626453,-4.2652359046,-3.2064011335,-1.6847174918,3.6216796289,,,,,3.6941061107,JA,P1,5.7988626453,中間,359.0000000000
GS7-247,7,EN JA P1 P2 R S1 S2,True,-3.0049202712,,10.9682884960,-2.8190040821,-1.0593960577,-0.2169852748,,-1.9308985429,-1.9370842672,,,,JA,EN,10.9682884960,明顯落單,1.0000000000
GS7-248,7,EN JA P1 P2 R S1 W1,True,-3.2408697651,,9.8625155714,-3.2612227319,-1.6808896914,-0.5052491192,,-2.1845689052,,1.0102846414,,,JA,P1,9.8625155714,明顯落單,7.0000000000
GS7-249,7,EN JA P1 P2 R S1 W2,True,-3.3771938588,,9.7297796678,-3.2873172365,-1.7720133853,-0.5634508210,,-2.2894839910,,,1.5596796248,,JA,EN,9.7297796678,明顯落單,9.0000000000
GS7-250,7,EN JA P1 P2 R S1 ZH,True,-3.8002416387,,8.0604810612,-3.7585381023,-2.3564717193,-1.2129877879,,-2.7597362356,,,,5.8274944227,JA,EN,8.0604810612,明顯落單,56.0000000000
GS7-251,7,EN JA P1 P2 R S2 W1,True,-3.1098062663,,9.8823589881,-3.2730514195,-1.7581435457,-0.4599470780,,,-2.2412249748,0.9598142962,,,JA,P1,9.8823589881,明顯落單,6.0000000000
GS7-252,7,EN JA P1 P2 R S2 W2,True,-3.2640604901,,9.7316929543,-3.3170760543,-1.8671973697,-0.5360789099,,,-2.3013147352,,1.5540346049,,JA,P1,9.7316929543,明顯落單,8.0000000000
GS7-253,7,EN JA P1 P2 R S2 ZH,True,-3.6845609350,,8.0649416827,-3.7857495851,-2.4491083687,-1.1830685419,,,-2.7779353173,,,5.8154810654,JA,P1,8.0649416827,明顯落單,55.0000000000
GS7-254,7,EN JA P1 P2 R W1 W2,True,-3.0713007436,,9.0546292702,-3.3305854636,-2.0599817629,-0.3956335139,,,,-0.4257189276,0.2285911414,,JA,P1,9.0546292702,明顯落單,24.0000000000
GS7-255,7,EN JA P1 P2 R W1 ZH,True,-3.6857087799,,7.1939704070,-3.9931665859,-2.8358003534,-1.2365307374,,,,-0.4175705310,,4.9748065806,JA,P1,7.1939704070,明顯落單,159.0000000000
GS7-256,7,EN JA P1 P2 R W2 ZH,True,-3.7939036013,,7.0893637759,-3.9911318182,-2.8987947749,-1.2666031667,,,,,0.0615012713,4.7995683139,JA,P1,7.0893637759,明顯落單,171.0000000000
GS7-257,7,EN JA P1 P2 RU S1 S2,True,-3.5651867677,,8.5881882561,-3.6104795994,-2.1749969000,,6.0116173430,-2.6176469991,-2.6314953328,,,,JA,P1,8.5881882561,明顯落單,34.0000000000
GS7-258,7,EN JA P1 P2 RU S1 W1,True,-3.5925948921,,7.6909567009,-3.8441568797,-2.5879491643,,5.2020000749,-2.6627759919,,-0.2054798478,,,JA,P1,7.6909567009,明顯落單,88.0000000000
GS7-259,7,EN JA P1 P2 RU S1 W2,True,-3.6983330915,,7.5888066917,-3.8396654900,-2.6484869637,,5.0673336371,-2.7371051832,,,0.2674503996,,JA,P1,7.5888066917,明顯落單,100.0000000000
GS7-260,7,EN JA P1 P2 RU S1 ZH,True,-3.9008070058,,6.1400819507,-4.0903124902,-3.0123714321,,3.8663620061,-2.9867835623,,,,3.9838305335,JA,P1,6.1400819507,中間,300.0000000000
GS7-261,7,EN JA P1 P2 RU S2 W1,True,-3.4593420764,,7.7129894346,-3.8537962504,-2.6630137015,,5.2418288236,,-2.7249053539,-0.2537608760,,,JA,P1,7.7129894346,明顯落單,86.0000000000
GS7-262,7,EN JA P1 P2 RU S2 W2,True,-3.5830104058,,7.5929092953,-3.8672349908,-2.7414816311,,5.0892322557,,-2.7544092199,,0.2639946966,,JA,P1,7.5929092953,明顯落單,98.0000000000
GS7-263,7,EN JA P1 P2 RU S2 ZH,True,-3.7829369851,,6.1467318892,-4.1153346560,-3.1028187646,,3.8908079597,,-3.0104559363,,,3.9740064931,JA,P1,6.1467318892,中間,298.0000000000
GS7-264,7,EN JA P1 P2 RU W1 W2,True,-3.1817092898,,7.1243869806,-3.6722030306,-2.7257246549,,4.7083242281,,,-1.4001668360,-0.8529073974,,JA,P1,7.1243869806,明顯落單,168.0000000000
GS7-265,7,EN JA P1 P2 RU W1 ZH,True,-3.5755434606,,5.4843019830,-4.1142102874,-3.2809693798,,3.3159923406,,,-1.1714445738,,3.3418733778,JA,P1,5.4843019830,中間,445.0000000000
GS7-266,7,EN JA P1 P2 RU W2 ZH,True,-3.6531523875,,5.4102812462,-4.0815896252,-3.3133779069,,3.2094551753,,,,-0.7688375074,3.1972210055,JA,P1,5.4102812462,中間,466.0000000000
GS7-267,7,EN JA P1 P2 S1 S2 W1,True,-2.9795496704,,10.2963480402,-3.0253582585,-1.4913440976,,,-1.9439375151,-2.0458956258,1.1897371273,,,JA,P1,10.2963480402,明顯落單,2.0000000000
GS7-268,7,EN JA P1 P2 S1 S2 W2,True,-3.1204572131,,10.1590286876,-3.0560362121,-1.5870512405,,,-2.0534360498,-2.0926387051,,1.7505907331,,JA,EN,10.1590286876,明顯落單,3.0000000000
GS7-269,7,EN JA P1 P2 S1 S2 ZH,True,-3.5921818644,,8.4410532095,-3.5759339493,-2.2201864459,,,-2.5723651659,-2.6204834936,,,6.1400977095,JA,EN,8.4410532095,明顯落單,39.0000000000
GS7-270,7,EN JA P1 P2 S1 W1 W2,True,-2.9375813186,,9.4720811514,-3.0794294734,-1.7897194857,,,-1.8882810237,,-0.1923332675,0.4152634176,,JA,P1,9.4720811514,明顯落單,15.0000000000
GS7-271,7,EN JA P1 P2 S1 W1 ZH,True,-3.6032135613,,7.5601980819,-3.7932348021,-2.6167622826,,,-2.6011177313,,-0.2354090772,,5.2895393727,JA,P1,7.5601980819,明顯落單,104.0000000000
GS7-272,7,EN JA P1 P2 S1 W2 ZH,True,-3.6980617015,,7.4689381318,-3.7778533533,-2.6664100229,,,-2.6645568635,,,0.2102960222,5.1276477871,JA,P1,7.4689381318,明顯落單,114.0000000000
GS7-273,7,EN JA P1 P2 S2 W1 W2,True,-2.7970844109,,9.5013579769,-3.0818247523,-1.8575399312,,,,-1.9685206154,-0.2333702039,0.4369819366,,JA,P1,9.5013579769,明顯落單,13.0000000000
GS7-274,7,EN JA P1 P2 S2 W1 ZH,True,-3.4601693187,,7.5920222424,-3.7930827460,-2.6820353931,,,,-2.6877256603,-0.2738986786,,5.3048895544,JA,P1,7.5920222424,明顯落單,99.0000000000
GS7-275,7,EN JA P1 P2 S2 W2 ZH,True,-3.5729475890,,7.4828321622,-3.7956314272,-2.7496132635,,,,-2.7063394672,,0.2166317462,5.1250678386,JA,P1,7.4828321622,明顯落單,113.0000000000
GS7-276,7,EN JA P1 P2 W1 W2 ZH,True,-3.1552700455,,7.0306862750,-3.5842230396,-2.7174798598,,,,,-1.3930381520,-0.8838939204,4.7032187423,JA,P1,7.0306862750,明顯落單,178.0000000000
GS7-277,7,EN JA P1 R RU S1 S2,True,-3.8438745923,,8.4555133152,-3.3845096292,,-1.3383797327,6.0058237274,-3.0016403250,-2.8929327633,,,,JA,EN,8.4555133152,明顯落單,37.0000000000
GS7-278,7,EN JA P1 R RU S1 W1,True,-3.9664912279,,7.4630732488,-3.7133954207,,-1.5133107189,5.1009979481,-3.1419778291,,-0.2288960002,,,JA,EN,7.4630732488,明顯落單,115.0000000000
GS7-279,7,EN JA P1 R RU S1 W2,True,-4.0816357107,,7.3515169562,-3.7183103145,,-1.5503328097,4.9569252269,-3.2257133039,,,0.2675499557,,JA,EN,7.3515169562,明顯落單,130.0000000000
GS7-280,7,EN JA P1 R RU S1 ZH,True,-4.2655157299,,5.9213861103,-3.9503634195,,-1.9607020159,3.7745474910,-3.4567977878,,,,3.9374453518,JA,EN,5.9213861103,中間,330.0000000000
GS7-281,7,EN JA P1 R RU S2 W1,True,-3.8682543823,,7.4500900123,-3.7580507616,,-1.5008353308,5.1058107267,,-3.1165672657,-0.3121929986,,,JA,EN,7.4500900123,明顯落單,116.0000000000
GS7-282,7,EN JA P1 R RU S2 W2,True,-4.0013289952,,7.3206035895,-3.7808957854,,-1.5557875518,4.9438078754,,-3.1554774152,,0.2290782827,,JA,EN,7.3206035895,明顯落單,137.0000000000
GS7-283,7,EN JA P1 R RU S2 ZH,True,-4.1826616794,,5.8930200786,-4.0104015555,,-1.9636094230,3.7639774745,,-3.3929302365,,,3.8926053413,JA,EN,5.8930200786,中間,338.0000000000
GS7-284,7,EN JA P1 R RU W1 W2,True,-3.6952363904,,6.7568727636,-3.6810723365,,-1.3020092975,4.4676913365,,,-1.5632137533,-0.9830323225,,JA,EN,6.7568727636,明顯落單,227.0000000000
GS7-285,7,EN JA P1 R RU W1 ZH,True,-4.0704766660,,5.1353816612,-4.1044856981,,-1.9037387602,3.0939533442,,,-1.3158975959,,3.1652637148,JA,P1,5.1353816612,對稱,546.0000000000
GS7-286,7,EN JA P1 R RU W2 ZH,True,-4.1574918764,,5.0519546410,-4.0812713194,,-1.9126315786,2.9780098953,,,,-0.8897748209,3.0112050590,JA,EN,5.0519546410,對稱,566.0000000000
GS7-287,7,EN JA P1 R S1 S2 W1,True,-3.2804049162,,10.1415056780,-2.8215557095,,-0.5993083772,,-2.3500982623,-2.3295004776,1.2393620648,,,JA,EN,10.1415056780,明顯落單,4.0000000000
GS7-288,7,EN JA P1 R S1 S2 W2,True,-3.4307187424,,9.9947800420,-2.8616399466,,-0.6714998114,,-2.4690030805,-2.3856498403,,1.8237313792,,JA,EN,9.9947800420,明顯落單,5.0000000000
GS7-289,7,EN JA P1 R S1 S2 ZH,True,-3.8838494985,,8.2953984591,-3.3629437887,,-1.3511197546,,-2.9693383014,-2.8949007336,,,6.1667536178,JA,EN,8.2953984591,明顯落單,43.0000000000
GS7-290,7,EN JA P1 R S1 W1 W2,True,-3.3430513591,,9.2126239946,-2.9802417192,,-0.6361467786,,-2.3990565656,,-0.2473231247,0.3931955525,,JA,EN,9.2126239946,明顯落單,18.0000000000
GS7-291,7,EN JA P1 R S1 W1 ZH,True,-3.9900897067,,7.3193348202,-3.6754531528,,-1.5096743133,,-3.0932993780,,-0.2718050393,,5.2209867698,JA,EN,7.3193348202,明顯落單,139.0000000000
GS7-292,7,EN JA P1 R S1 W2 ZH,True,-4.0943441304,,7.2186685867,-3.6694779873,,-1.5358063450,,-3.1661447937,,,0.1974157689,5.0496889008,JA,EN,7.2186685867,明顯落單,151.0000000000
GS7-293,7,EN JA P1 R S2 W1 W2,True,-3.2375704215,,9.2068848500,-3.0176529681,,-0.6164272987,,,-2.3917562319,-0.3233760311,0.3798981015,,JA,EN,9.2068848500,明顯落單,19.0000000000
GS7-294,7,EN JA P1 R S2 W1 ZH,True,-3.8820614342,,7.3161430105,-3.7103170667,,-1.4874074984,,,-3.0923673818,-0.3453106108,,5.2013209814,JA,EN,7.3161430105,明顯落單,140.0000000000
GS7-295,7,EN JA P1 R S2 W2 ZH,True,-4.0042459880,,7.1975466469,-3.7222720314,,-1.5314696602,,,-3.1203874721,,0.1687355227,5.0120929822,JA,EN,7.1975466469,明顯落單,156.0000000000
GS7-296,7,EN JA P1 R W1 W2 ZH,True,-3.6817769557,,6.6501922485,-3.6060721550,,-1.2613149785,,,,-1.5690648789,-1.0269986551,4.4950353746,JA,EN,6.6501922485,明顯落單,240.0000000000
GS7-297,7,EN JA P1 RU S1 S2 W1,True,-3.7524699795,,7.8496068713,-3.5248297936,,,5.4087906575,-2.9486452852,-2.9357101099,-0.0967423607,,,JA,EN,7.8496068713,明顯落單,67.0000000000
GS7-298,7,EN JA P1 RU S1 S2 W2,True,-3.8721979113,,7.7334671297,-3.5343281363,,,5.2601344873,-3.0369642090,-2.9612735782,,0.4111622178,,JA,EN,7.7334671297,明顯落單,83.0000000000
GS7-299,7,EN JA P1 RU S1 S2 ZH,True,-4.1047548018,,6.2546594124,-3.8150581128,,,4.0290798800,-3.3167255643,-3.2499506059,,,4.2027497924,JA,EN,6.2546594124,中間,282.0000000000
GS7-300,7,EN JA P1 RU S1 W1 W2,True,-3.5759891585,,7.1598524518,-3.4443885394,,,4.7741340964,-2.7584763246,,-1.3443002862,-0.8108322394,,JA,EN,7.1598524518,明顯落單,164.0000000000
GS7-301,7,EN JA P1 RU S1 W1 ZH,True,-4.0024536405,,5.4871371430,-3.9190261074,,,3.3491718977,-3.2321452714,,-1.1482083352,,3.4655243139,JA,EN,5.4871371430,中間,443.0000000000
GS7-302,7,EN JA P1 RU S1 W2 ZH,True,-4.0761221698,,5.4170568039,-3.8824650475,,,3.2465751300,-3.2744047927,,,-0.7554522631,3.3248123392,JA,EN,5.4170568039,中間,464.0000000000
GS7-303,7,EN JA P1 RU S2 W1 ZH,True,-3.8922360510,,5.4861346503,-3.9517007044,,,3.3659654201,,-3.2366865676,-1.2195245898,,3.4480478424,JA,P1,5.4861346503,中間,444.0000000000
GS7-304,7,EN JA P1 RU S2 W2 ZH,True,-3.9838347104,,5.3981241811,-3.9330697747,,,3.2454385223,,-3.2341207635,,-0.7819431923,3.2894057376,JA,EN,5.3981241811,中間,470.0000000000
GS7-305,7,EN JA P1 RU W1 W2 ZH,True,-3.4528243086,,5.0593111521,-3.6083285288,,,2.9942397804,,,-2.2041515940,-1.7691360006,2.9808894995,JA,P1,5.0593111521,對稱,564.0000000000
GS7-306,7,EN JA P1 S1 S2 W1 W2,True,-3.0834309682,,9.6447567595,-2.7460769496,,,,-2.1601248793,-2.1725440256,-0.0695703427,0.5869904060,,JA,EN,9.6447567595,明顯落單,10.0000000000
GS7-307,7,EN JA P1 S1 S2 W1 ZH,True,-3.7791461873,,7.7027907137,-3.4899652546,,,,-2.9030445632,-2.9243793818,-0.1427291287,,5.5364738018,JA,EN,7.7027907137,明顯落單,87.0000000000
GS7-308,7,EN JA P1 S1 S2 W2 ZH,True,-3.8879840599,,7.5975410312,-3.4885735382,,,,-2.9804734278,-2.9390527910,,0.3379503019,5.3605924837,JA,EN,7.5975410312,明顯落單,97.0000000000
GS7-309,7,EN JA P1 S1 W1 W2 ZH,True,-3.5753988796,,7.0403027807,-3.3822575138,,,,-2.6856091160,,-1.3630205677,-0.8676677278,4.8336510242,JA,EN,7.0403027807,明顯落單,177.0000000000
GS7-310,7,EN JA P1 S2 W1 W2 ZH,True,-3.4579371983,,7.0465443799,-3.4076880189,,,,,-2.7082606418,-1.4270927303,-0.8689844351,4.8234186445,JA,EN,7.0465443799,明顯落單,175.0000000000
GS7-311,7,EN JA P2 R RU S1 S2,True,-3.9210169908,,7.9522292826,,-2.0497706000,-1.4391234028,5.5809547323,-3.0832777082,-3.0399953130,,,,JA,EN,7.9522292826,明顯落單,62.0000000000
GS7-312,7,EN JA P2 R RU S1 W1,True,-3.9924122025,,7.0110106403,,-2.5067099515,-1.5628329650,4.7273503769,-3.1723937883,,-0.5040121099,,,JA,EN,7.0110106403,明顯落單,181.0000000000
GS7-313,7,EN JA P2 R RU S1 W2,True,-4.0889769169,,6.9180341160,,-2.5580742661,-1.5812752875,4.6018574240,-3.2375494947,,,-0.0540155748,,JA,EN,6.9180341160,明顯落單,200.0000000000
GS7-314,7,EN JA P2 R RU S1 ZH,True,-4.2405033737,,5.5202568324,,-2.8710112770,-1.9592909314,3.4518332506,-3.4362804163,,,,3.5349959154,JA,EN,5.5202568324,中間,430.0000000000
GS7-315,7,EN JA P2 R RU S2 W1,True,-3.8754824521,,7.0167203085,,-2.5980975542,-1.5316646723,4.7508560603,,-3.1937154867,-0.5686162035,,,JA,EN,7.0167203085,明顯落單,180.0000000000
GS7-316,7,EN JA P2 R RU S2 W2,True,-3.9899772967,,6.9058136541,,-2.6673919989,-1.5680371249,4.6074329773,,-3.2140458679,,-0.0737943431,,JA,EN,6.9058136541,明顯落單,202.0000000000
GS7-317,7,EN JA P2 R RU S2 ZH,True,-4.1389564185,,5.5105837055,,-2.9777816748,-1.9435054338,3.4599561388,,-3.4191451269,,,3.5088488097,JA,EN,5.5105837055,中間,435.0000000000
GS7-318,7,EN JA P2 R RU W1 W2,True,-3.6326632678,,6.3933042522,,-2.6956221099,-1.2630374466,4.1825378624,,,-1.7498357659,-1.2346835243,,JA,EN,6.3933042522,中間,267.0000000000
GS7-319,7,EN JA P2 R RU W1 ZH,True,-3.9755499812,,4.8041667121,,-3.1999193773,-1.8324133470,2.8411534324,,,-1.4701660462,,2.8327286072,JA,EN,4.8041667121,對稱,618.0000000000
GS7-320,7,EN JA P2 R RU W2 ZH,True,-4.0439854232,,4.7393194602,,-3.2231544195,-1.8227263971,2.7437897519,,,,-1.0904926921,2.6972497197,JA,EN,4.7393194602,對稱,623.0000000000
GS7-321,7,EN JA P2 R S1 S2 W1,True,-3.3856991609,,9.6100697994,,-1.4164370650,-0.7282038935,,-2.4598874916,-2.5047148735,0.8848726850,,,JA,EN,9.6100697994,明顯落單,12.0000000000
GS7-322,7,EN JA P2 R S1 S2 W2,True,-3.5174332187,,9.4819239317,,-1.5029707229,-0.7818155593,,-2.5602125414,-2.5422844679,,1.4227925786,,JA,EN,9.4819239317,明顯落單,14.0000000000
GS7-323,7,EN JA P2 R S1 S2 ZH,True,-3.9382104125,,7.8148959111,,-2.0851584708,-1.4290819402,,-3.0281942000,-3.0191817988,,,5.6849309113,JA,EN,7.8148959111,明顯落單,74.0000000000
GS7-324,7,EN JA P2 R S1 W1 W2,True,-3.3785444114,,8.7509893082,,-1.7496260554,-0.6952411026,,-2.4390446026,,-0.5320113121,0.0434781758,,JA,EN,8.7509893082,明顯落單,31.0000000000
GS7-325,7,EN JA P2 R S1 W1 ZH,True,-3.9932291967,,6.8900536962,,-2.5257213948,-1.5364150749,,-3.1009338526,,-0.5241396644,,4.7903854873,JA,EN,6.8900536962,明顯落單,206.0000000000
GS7-326,7,EN JA P2 R S1 W2 ZH,True,-4.0789038520,,6.8079672310,,-2.5661956503,-1.5439673383,,-3.1551994999,,,-0.1013682771,4.6376673866,JA,EN,6.8079672310,明顯落單,218.0000000000
GS7-327,7,EN JA P2 R S2 W1 W2,True,-3.2543705691,,8.7639430684,,-1.8337695662,-0.6568287179,,,-2.4784765307,-0.5893713139,0.0488736295,,JA,EN,8.7639430684,明顯落單,30.0000000000
GS7-328,7,EN JA P2 R S2 W1 ZH,True,-3.8665080195,,6.9055547913,,-2.6073175707,-1.4954553553,,,-3.1467341182,-0.5789523312,,4.7894126036,JA,EN,6.9055547913,明顯落單,203.0000000000
GS7-329,7,EN JA P2 R S2 W2 ZH,True,-3.9701128049,,6.8055381960,,-2.6657219562,-1.5209377488,,,-3.1561744402,,-0.1113556186,4.6187643727,JA,EN,6.8055381960,明顯落單,220.0000000000
GS7-330,7,EN JA P2 R W1 W2 ZH,True,-3.5964223486,,6.3094052215,,-2.6775756398,-1.1995616430,,,,-1.7329054069,-1.2558683724,4.1529281892,JA,EN,6.3094052215,中間,274.0000000000
GS7-331,7,EN JA P2 RU S1 S2 W1,True,-3.7651569884,,7.4107782284,,-2.3512292383,,5.0483770519,-2.9658272788,-3.0183172700,-0.3586245047,,,JA,EN,7.4107782284,明顯落單,121.0000000000
GS7-332,7,EN JA P2 RU S1 S2 W2,True,-3.8663051519,,7.3132182551,,-2.4071770019,,4.9183006501,-3.0355664342,-3.0253009700,,0.1028306528,,JA,EN,7.3132182551,明顯落單,141.0000000000
GS7-333,7,EN JA P2 RU S1 S2 ZH,True,-4.0665084801,,5.8667641001,,-2.7687908842,,3.7195996052,-3.2829742272,-3.2816244354,,,3.8135343216,JA,EN,5.8667641001,中間,346.0000000000
GS7-334,7,EN JA P2 RU S1 W1 W2,True,-3.5188749751,,6.7908250011,,-2.4452909649,,4.4835216831,-2.7058571259,,-1.5363812380,-1.0679423804,,JA,EN,6.7908250011,明顯落單,222.0000000000
GS7-335,7,EN JA P2 RU S1 W1 ZH,True,-3.9129858948,,5.1504632547,,-3.0008124387,,3.0909130468,-3.1471725103,,-1.3079357246,,3.1275302671,JA,EN,5.1504632547,對稱,544.0000000000
GS7-336,7,EN JA P2 RU S1 W2 ZH,True,-3.9680746557,,5.0989626839,,-3.0107007998,,3.0068960474,-3.1708522632,,,-0.9616290734,3.0053980607,JA,EN,5.0989626839,對稱,554.0000000000
GS7-337,7,EN JA P2 RU S2 W1 W2,True,-3.3925118159,,6.8059680782,,-2.5272451588,,4.5164607754,,-2.7507623465,-1.5915519228,-1.0603576098,,JA,EN,6.8059680782,明顯落單,219.0000000000
GS7-338,7,EN JA P2 RU S2 W1 ZH,True,-3.7840754006,,5.1681536668,,-3.0802192976,,3.1263994739,,-3.1984460684,-1.3605590745,,3.1287467003,JA,EN,5.1681536668,對稱,538.0000000000
GS7-339,7,EN JA P2 RU S2 W2 ZH,True,-3.8570942916,,5.0987229659,,-3.1080377888,,3.0244523445,,-3.1773004960,,-0.9694270979,2.9886843639,JA,EN,5.0987229659,對稱,555.0000000000
GS7-340,7,EN JA P2 RU W1 W2 ZH,True,-3.2748624659,,4.8111313609,,-2.9113501028,,2.8244750265,,,-2.2753848863,-1.9053984822,2.7313895498,JA,EN,4.8111313609,對稱,617.0000000000
GS7-341,7,EN JA P2 S1 S2 W1 W2,True,-3.1056900550,,9.1963560388,,-1.5485461999,,,-2.1868789507,-2.2647232635,-0.3410245646,0.2505069949,,JA,EN,9.1963560388,明顯落單,20.0000000000
GS7-342,7,EN JA P2 S1 S2 W1 ZH,True,-3.7690517117,,7.2867435553,,-2.3733184107,,,-2.8974450722,-2.9842050574,-0.3818297882,,5.1191064849,JA,EN,7.2867435553,明顯落單,146.0000000000
GS7-343,7,EN JA P2 S1 S2 W2 ZH,True,-3.8593098160,,7.2000736412,,-2.4183761151,,,-2.9562941685,-2.9802986982,,0.0524002215,4.9618049352,JA,EN,7.2000736412,明顯落單,155.0000000000
GS7-344,7,EN JA P2 S1 W1 W2 ZH,True,-3.4955032117,,6.6940568147,,-2.4401136507,,,-2.6102084327,,-1.5323200349,-1.1019963843,4.4860848996,JA,EN,6.6940568147,明顯落單,236.0000000000
GS7-345,7,EN JA P2 S2 W1 W2 ZH,True,-3.3593486256,,6.7189913186,,-2.5122764177,,,,-2.6795922204,-1.5776992928,-1.0846201868,4.4945454247,JA,EN,6.7189913186,明顯落單,232.0000000000
GS7-346,7,EN JA R RU S1 S2 W1,True,-3.9997940669,,7.3221540336,,,-1.6247389363,5.0866341825,-3.3057698586,-3.2357039544,-0.2427813999,,,JA,EN,7.3221540336,明顯落單,135.0000000000
GS7-347,7,EN JA R RU S1 S2 W2,True,-4.1103485138,,7.2151877768,,,-1.6571709912,4.9471514972,-3.3849152975,-3.2520939379,,0.2421894664,,JA,EN,7.2151877768,明顯落單,152.0000000000
GS7-348,7,EN JA R RU S1 S2 ZH,True,-4.2919579469,,5.7873275170,,,-2.0652696113,3.7670443474,-3.6137291954,-3.4898235081,,,3.9064083973,JA,EN,5.7873275170,中間,361.0000000000
GS7-349,7,EN JA R RU S1 W1 W2,True,-3.8581268482,,6.5975860117,,,-1.4572636762,4.4171640190,-3.1504145004,,-1.5251529278,-1.0237920781,,JA,EN,6.5975860117,明顯落單,242.0000000000
GS7-350,7,EN JA R RU S1 W1 ZH,True,-4.2336438728,,4.9758181604,,,-2.0592698878,3.0431492778,-3.5731359897,,-1.2781135193,,3.1251958315,JA,EN,4.9758181604,對稱,582.0000000000
GS7-351,7,EN JA R RU S1 W2 ZH,True,-4.2981389172,,4.9149113061,,,-2.0456425402,2.9497259950,-3.6062220261,,,-0.9082911594,2.9936573417,JA,EN,4.9149113061,對稱,599.0000000000
GS7-352,7,EN JA R RU S2 W1 W2,True,-3.7667796591,,6.5777131186,,,-1.4516779447,4.4150871411,,-3.1077797957,-1.6153395827,-1.0512232776,,JA,EN,6.5777131186,明顯落單,245.0000000000
GS7-353,7,EN JA R RU S2 W1 ZH,True,-4.1397493487,,4.9584926023,,,-2.0511368213,3.0436197348,,-3.5368696224,-1.3657528392,,3.0913962946,JA,EN,4.9584926023,對稱,586.0000000000
GS7-354,7,EN JA R RU S2 W2 ZH,True,-4.2221745232,,4.8796556179,,,-2.0554396039,2.9322663219,,-3.5251303335,,-0.9511051540,2.9419276747,JA,EN,4.8796556179,對稱,602.0000000000
GS7-355,7,EN JA R RU W1 W2 ZH,True,-3.7351512087,,4.4968555017,,,-1.6207306399,2.6370804927,,,-2.3851934458,-1.9822850495,2.5894243494,JA,EN,4.4968555017,對稱,653.0000000000
GS7-356,7,EN JA R S1 S2 W1 W2,True,-3.3719008381,,9.0761581393,,,-0.7431216361,,-2.5583952353,-2.5136836526,-0.2567551644,0.3676983872,,JA,EN,9.0761581393,明顯落單,22.0000000000
GS7-357,7,EN JA R S1 S2 W1 ZH,True,-4.0166685997,,7.1851395509,,,-1.6143785847,,-3.2503674616,-3.2145715513,-0.2789664929,,5.1898131393,JA,EN,7.1851395509,明顯落單,160.0000000000
GS7-358,7,EN JA R S1 S2 W2 ZH,True,-4.1163329874,,7.0890633533,,,-1.6359205805,,-3.3186228413,-3.2200714757,,0.1787792255,5.0231053062,JA,EN,7.0890633533,明顯落單,172.0000000000
GS7-359,7,EN JA R S1 W1 W2 ZH,True,-3.8477348944,,6.4878380156,,,-1.4196368380,,-3.0677456168,,-1.5340715342,-1.0708258915,4.4521767593,JA,EN,6.4878380156,中間,256.0000000000
GS7-360,7,EN JA R S2 W1 W2 ZH,True,-3.7465962785,,6.4777565494,,,-1.4042596797,,,-3.0495894791,-1.6144667623,-1.0884656642,4.4256213143,JA,EN,6.4777565494,中間,257.0000000000
GS7-361,7,EN JA RU S1 S2 W1 W2,True,-3.6325713380,,6.9956538960,,,,4.7364909902,-2.9455476948,-2.9084987215,-1.3814650265,-0.8640621053,,JA,EN,6.9956538960,明顯落單,184.0000000000
GS7-362,7,EN JA RU S1 S2 W1 ZH,True,-4.0567652340,,5.3252091732,,,,3.3137993775,-3.4169460555,-3.3888127547,-1.1831024894,,3.4066179828,JA,EN,5.3252091732,中間,493.0000000000
GS7-363,7,EN JA RU S1 S2 W2 ZH,True,-4.1258437274,,5.2597188700,,,,3.2157926457,-3.4546155409,-3.3637267846,,-0.8018215070,3.2704960441,JA,EN,5.2597188700,對稱,513.0000000000
GS7-364,7,EN JA RU S1 W1 W2 ZH,True,-3.6487042649,,4.8670349018,,,,2.9107229645,-2.9951969468,,-2.1990802668,-1.8428852545,2.9081088667,JA,EN,4.8670349018,對稱,612.0000000000
GS7-365,7,EN JA RU S2 W1 W2 ZH,True,-3.5453763319,,4.8591427526,,,,2.9206268304,,-2.9825141016,-2.2772861779,-1.8583357102,2.8837427387,JA,EN,4.8591427526,對稱,614.0000000000
GS7-366,7,EN JA S1 S2 W1 W2 ZH,True,-3.6252571132,,6.8828281709,,,,,-2.8659565402,-2.8631775609,-1.3934613619,-0.9141736478,4.7791980530,JA,EN,6.8828281709,明顯落單,207.0000000000
GS7-367,7,EN P1 P2 R RU S1 S2,True,-2.6198160219,,,-2.5744800793,-0.7364570175,0.2328350907,8.8415379484,-1.5776151056,-1.5660048148,,,,RU,EN,8.8415379484,明顯落單,28.0000000000
GS7-368,7,EN P1 P2 R RU S1 W1,True,-2.8807981692,,,-3.0417313825,-1.3829833047,-0.0804614071,7.7983466574,-1.8563181214,,1.4439457275,,,RU,P1,7.7983466574,明顯落單,77.0000000000
GS7-369,7,EN P1 P2 R RU S1 W2,True,-3.0078318548,,,-3.0585354790,-1.4648165904,-0.1293727007,7.6423847334,-1.9519427989,,,1.9701146904,,RU,P1,7.6423847334,明顯落單,91.0000000000
GS7-370,7,EN P1 P2 R RU S1 ZH,True,-3.5016662376,,,-3.6005429477,-2.1200615272,-0.8496962705,6.1500526340,-2.4929816465,,,,6.4148959955,ZH,P1,6.4148959955,中間,265.0000000000
GS7-371,7,EN P1 P2 R RU S2 W1,True,-2.7548192462,,,-3.0586446459,-1.4653217347,-0.0402439417,7.8309015135,,-1.9002627515,1.3883908065,,,RU,P1,7.8309015135,明顯落單,69.0000000000
GS7-372,7,EN P1 P2 R RU S2 W2,True,-2.8997830619,,,-3.0933788725,-1.5650851505,-0.1070853654,7.6570094594,,-1.9510621038,,1.9593850947,,RU,P1,7.6570094594,明顯落單,90.0000000000
GS7-373,7,EN P1 P2 R RU S2 ZH,True,-3.3910701097,,,-3.6328390062,-2.2177827524,-0.8248616003,6.1672246949,,-2.4984692887,,,6.3977980624,ZH,P1,6.3977980624,中間,266.0000000000
GS7-374,7,EN P1 P2 R RU W1 W2,True,-2.7320559687,,,-3.1319209353,-1.7829021972,0.0083273772,7.0425274088,,,-0.0128846627,0.6089089778,,RU,P1,7.0425274088,明顯落單,176.0000000000
GS7-375,7,EN P1 P2 R RU W1 ZH,True,-3.4172506080,,,-3.8652886605,-2.6295073905,-0.9033564491,5.3588350528,,,-0.0755228689,,5.5320909242,ZH,P1,5.5320909242,中間,429.0000000000
GS7-376,7,EN P1 P2 R RU W2 ZH,True,-3.5161550212,,,-3.8539634845,-2.6832114039,-0.9241384703,5.2310024013,,,,0.3803229130,5.3661430657,ZH,P1,5.3661430657,中間,480.0000000000
GS7-377,7,EN P1 P2 R S1 S2 W1,True,-1.7636300654,,,-1.7188098791,0.2177446441,1.2646227267,,-0.6333567625,-0.7098562486,3.3432855846,,,W1,EN,3.3432855846,對稱,754.0000000000
GS7-378,7,EN P1 P2 R S1 S2 W2,True,-1.9258330943,,,-1.7707833189,0.1007420151,1.1805420897,,-0.7641507834,-0.7778948142,,3.9573779060,,W2,EN,3.9573779060,對稱,705.0000000000
GS7-379,7,EN P1 P2 R S1 S2 ZH,True,-2.6889182141,,,-2.5820415246,-0.8237536588,0.1909677829,,-1.5744403679,-1.5971000711,,,9.0752860537,ZH,EN,9.0752860537,明顯落單,23.0000000000
GS7-380,7,EN P1 P2 R S1 W1 W2,True,-1.9765312227,,,-2.0277506032,-0.3355002531,1.0775296108,,-0.8325697802,,1.7063456807,2.3884765676,,W2,P1,2.3884765676,對稱,760.0000000000
GS7-381,7,EN P1 P2 R S1 W1 ZH,True,-2.9335239339,,,-3.0329164004,-1.4539035185,-0.1059522875,,-1.8367669562,,1.3719094025,,7.9911536940,ZH,P1,7.9911536940,明顯落單,59.0000000000
GS7-382,7,EN P1 P2 R S1 W2 ZH,True,-3.0496675603,,,-3.0388304377,-1.5248467450,-0.1439735219,,-1.9215015747,,,1.8708532176,7.8079666221,ZH,EN,7.8079666221,明顯落單,76.0000000000
GS7-383,7,EN P1 P2 R S2 W1 W2,True,-1.8433082077,,,-2.0374197747,-0.4105945913,1.1249911682,,,-0.8946246401,1.6580348517,2.4029211940,,W2,P1,2.4029211940,對稱,759.0000000000
GS7-384,7,EN P1 P2 R S2 W1 ZH,True,-2.7977535840,,,-3.0400382370,-1.5264505216,-0.0559433952,,,-1.9051901535,1.3261459084,,7.9992299829,ZH,P1,7.9992299829,明顯落單,58.0000000000
GS7-385,7,EN P1 P2 R S2 W2 ZH,True,-2.9318273406,,,-3.0638824044,-1.6153238783,-0.1118947598,,,-1.9450994466,,1.8699150488,7.7981127809,ZH,P1,7.7981127809,明顯落單,78.0000000000
GS7-386,7,EN P1 P2 R W1 W2 ZH,True,-2.7477238200,,,-3.0860480397,-1.8167644975,0.0198944103,,,,-0.0478630741,0.5358153594,7.1426896617,ZH,P1,7.1426896617,明顯落單,165.0000000000
GS7-387,7,EN P1 P2 RU S1 S2 W1,True,-2.5969806708,,,-2.7833695053,-1.1709403071,,8.1759356168,-1.5931893275,-1.6773514231,1.6458956170,,,RU,P1,8.1759356168,明顯落單,50.0000000000
GS7-388,7,EN P1 P2 RU S1 S2 W2,True,-2.7285978054,,,-2.8047570508,-1.2573570418,,8.0153902438,-1.6933974541,-1.7148040942,,2.1835232024,,RU,P1,8.0153902438,明顯落單,57.0000000000
GS7-389,7,EN P1 P2 RU S1 S2 ZH,True,-3.2711090595,,,-3.3954413909,-1.9612788501,,6.4743812730,-2.2831131730,-2.3134354855,,,6.7499966860,ZH,P1,6.7499966860,明顯落單,228.0000000000
GS7-390,7,EN P1 P2 RU S1 W1 W2,True,-2.5707545643,,,-2.8531829656,-1.4850579405,,7.3910243413,-1.5532750814,,0.2480829770,0.8231632335,,RU,P1,7.3910243413,明顯落單,124.0000000000
GS7-391,7,EN P1 P2 RU S1 W1 ZH,True,-3.3071734099,,,-3.6377748972,-2.3828873402,,5.6561077789,-2.3368983918,,0.1342205644,,5.8744056958,ZH,P1,5.8744056958,中間,341.0000000000
GS7-392,7,EN P1 P2 RU S1 W2 ZH,True,-3.3927311419,,,-3.6131030401,-2.4232446724,,5.5416218085,-2.3910471158,,,0.5566996435,5.7218045184,ZH,P1,5.7218045184,中間,376.0000000000
GS7-393,7,EN P1 P2 RU S2 W1 W2,True,-2.4353422324,,,-2.8606628202,-1.5579629617,,7.4330126061,,-1.6208032337,0.2019614649,0.8397971768,,RU,P1,7.4330126061,明顯落單,117.0000000000
GS7-394,7,EN P1 P2 RU S2 W1 ZH,True,-3.1692137430,,,-3.6427074168,-2.4532450264,,5.7006433788,,-2.4107948815,0.0906463872,,5.8846713017,ZH,P1,5.8846713017,中間,340.0000000000
GS7-395,7,EN P1 P2 RU S2 W2 ZH,True,-3.2727016052,,,-3.6359656898,-2.5115324887,,5.5682272782,,-2.4201182802,,0.5579507916,5.7141399942,ZH,P1,5.7141399942,中間,378.0000000000
GS7-396,7,EN P1 P2 RU W1 W2 ZH,True,-2.8800567151,,,-3.4495899557,-2.5044317385,,5.1786630246,,,-1.0442353314,-0.5676075283,5.2672582444,ZH,P1,5.2672582444,對稱,510.0000000000
GS7-397,7,EN P1 P2 S1 S2 W1 W2,True,-1.6471145818,,,-1.7237895837,-0.0778581132,,,-0.5238418440,-0.6333582611,1.9538947127,2.6520676711,,W2,P1,2.6520676711,對稱,758.0000000000
GS7-398,7,EN P1 P2 S1 S2 W1 ZH,True,-2.6527841645,,,-2.7776322523,-1.2449382499,,,-1.5767158914,-1.6951479809,1.5707815631,,8.3764369759,ZH,P1,8.3764369759,明顯落單,40.0000000000
GS7-399,7,EN P1 P2 S1 S2 W2 ZH,True,-2.7735112399,,,-2.7881297386,-1.3204649255,,,-1.6660339588,-1.7217105929,,2.0811840006,8.1886664551,ZH,P1,8.1886664551,明顯落單,48.0000000000
GS7-400,7,EN P1 P2 S1 W1 W2 ZH,True,-2.5992915713,,,-2.8201792259,-1.5317893967,,,-1.5095351587,,0.2002354096,0.7372004592,7.5233594838,ZH,P1,7.5233594838,明顯落單,109.0000000000
GS7-401,7,EN P1 P2 S2 W1 W2 ZH,True,-2.4540878126,,,-2.8178676536,-1.5949029910,,,,-1.6015418780,0.1639053244,0.7636258293,7.5408691816,ZH,P1,7.5408691816,明顯落單,107.0000000000
GS7-402,7,EN P1 R RU S1 S2 W1,True,-2.9340877239,,,-2.6158187636,,-0.1882750685,8.1117227728,-2.0356018820,-1.9972080821,1.6592687473,,,RU,EN,8.1117227728,明顯落單,52.0000000000
GS7-403,7,EN P1 R RU S1 S2 W2,True,-3.0751111419,,,-2.6466125926,,-0.2511760946,7.9417711163,-2.1452162920,-2.0440670367,,2.2204120414,,RU,EN,7.9417711163,明顯落單,64.0000000000
GS7-404,7,EN P1 R RU S1 S2 ZH,True,-3.5990285009,,,-3.2187030375,,-1.0015826407,6.4193560406,-2.7163381158,-2.6241045329,,,6.7404007871,ZH,EN,6.7404007871,明顯落單,230.0000000000
GS7-405,7,EN P1 R RU S1 W1 W2,True,-3.0124764120,,,-2.7902470186,,-0.2408557152,7.2221967025,-2.1003024305,,0.1568413126,0.7648435612,,RU,EN,7.2221967025,明顯落單,150.0000000000
GS7-406,7,EN P1 R RU S1 W1 ZH,True,-3.7303013625,,,-3.5562450550,,-1.1851698528,5.5058740353,-2.8653318458,,0.0615727951,,5.7696012857,ZH,EN,5.7696012857,中間,366.0000000000
GS7-407,7,EN P1 R RU S2 W1 W2,True,-2.9120800502,,,-2.8327428433,,-0.2262208111,7.2291689973,,-2.0802906575,0.0757038304,0.7464615344,,RU,EN,7.2291689973,明顯落單,149.0000000000
GS7-408,7,EN P1 R RU S2 W1 ZH,True,-3.6273576658,,,-3.5961935447,,-1.1679876137,5.5153936651,,-2.8516884102,-0.0170173522,,5.7448509215,ZH,EN,5.7448509215,中間,372.0000000000
GS7-409,7,EN P1 R RU S2 W2 ZH,True,-3.7402518114,,,-3.5988581013,,-1.2027593673,5.3735712810,,-2.8704180923,,0.4738027609,5.5649133305,ZH,EN,5.5649133305,中間,420.0000000000
GS7-410,7,EN P1 R RU W1 W2 ZH,True,-3.4428154325,,,-3.5076908783,,-0.9576373390,4.8887985162,,,-1.2565138655,-0.7469640703,5.0228230695,ZH,P1,5.0228230695,對稱,569.0000000000
GS7-411,7,EN P1 R S1 S2 W1 W2,True,-2.0157953396,,,-1.5878125467,,0.9837413871,,-0.9978281031,-0.9847886248,1.9356941383,2.6667890888,,W2,EN,2.6667890888,對稱,757.0000000000
GS7-412,7,EN P1 R S1 S2 W1 ZH,True,-3.0028710271,,,-2.6230613201,,-0.2298234875,,-2.0321082554,-2.0279844495,1.5711748838,,8.3446736558,ZH,EN,8.3446736558,明顯落單,42.0000000000
GS7-413,7,EN P1 R S1 S2 W2 ZH,True,-3.1330043860,,,-2.6429650899,,-0.2818344544,,-2.1308326063,-2.0639533449,,2.1050930300,8.1474968515,ZH,EN,8.1474968515,明顯落單,51.0000000000
GS7-414,7,EN P1 R S1 W1 W2 ZH,True,-3.0539932286,,,-2.7702230885,,-0.2551376476,,-2.0695423173,,0.0960139357,0.6659009773,7.3869813690,ZH,EN,7.3869813690,明顯落單,125.0000000000
GS7-415,7,EN P1 R S2 W1 W2 ZH,True,-2.9438054400,,,-2.8029274863,,-0.2307113166,,,-2.0740091114,0.0246678803,0.6573103774,7.3694750967,ZH,EN,7.3694750967,明顯落單,127.0000000000
GS7-416,7,EN P1 RU S1 S2 W1 W2,True,-2.7303586174,,,-2.5335848453,,,7.5980859581,-1.8388733405,-1.8334964716,0.3570914983,0.9811358184,,RU,EN,7.5980859581,明顯落單,96.0000000000
GS7-417,7,EN P1 RU S1 S2 W2 ZH,True,-3.5964079038,,,-3.3375776285,,,5.7046107166,-2.7207180837,-2.6615014317,,0.6705995196,5.9409948115,ZH,EN,5.9409948115,中間,325.0000000000
GS7-418,7,EN P1 RU S1 W1 W2 ZH,True,-3.3088553770,,,-3.2562942576,,,5.2099540997,-2.4508864253,,-1.0228875748,-0.5600511636,5.3890206985,ZH,EN,5.3890206985,中間,473.0000000000
GS7-419,7,EN P1 RU S2 W1 W2 ZH,True,-3.1964782714,,,-3.2868093385,,,5.2289071383,,-2.4608265118,-1.0920443132,-0.5664524466,5.3737037431,ZH,P1,5.3737037431,中間,477.0000000000
GS7-420,7,EN P1 S1 S2 W1 W2 ZH,True,-2.7749531631,,,-2.5166386442,,,,-1.8111909563,-1.8400840814,0.2931863924,0.8791155055,7.7705649471,ZH,EN,7.7705649471,明顯落單,82.0000000000
GS7-421,7,EN P2 R RU S1 S2 W1,True,-3.0617862649,,,,-1.1546893781,-0.3395748812,7.6362976351,-2.1677954076,-2.1948267744,1.2823750711,,,RU,EN,7.6362976351,明顯落單,92.0000000000
GS7-422,7,EN P2 R RU S1 S2 W2,True,-3.1842299146,,,,-1.2319326279,-0.3838961389,7.4849257470,-2.2588300493,-2.2231059606,,1.7970689443,,RU,EN,7.4849257470,明顯落單,112.0000000000
GS7-423,7,EN P2 R RU S1 S2 ZH,True,-3.6757937113,,,,-1.8849069787,-1.1019491227,5.9948642336,-2.7975983108,-2.7707898944,,,6.2361737842,ZH,EN,6.2361737842,中間,285.0000000000
GS7-424,7,EN P2 R RU S1 W1 ZH,True,-3.7558451489,,,,-2.3505025561,-1.2343149109,5.1326036523,-2.8953706168,,-0.2131661264,,5.3165957068,ZH,EN,5.3165957068,中間,497.0000000000
GS7-425,7,EN P2 R RU S1 W2 ZH,True,-3.8322293960,,,,-2.3816864034,-1.2325767660,5.0272911668,-2.9403458560,,,0.1863792404,5.1731680142,ZH,EN,5.1731680142,對稱,537.0000000000
GS7-426,7,EN P2 R RU S2 W1 W2,True,-2.9512844942,,,,-1.5928487004,-0.2890265267,6.8422379567,,-2.1894152527,-0.2126957488,0.3930327661,,RU,EN,6.8422379567,明顯落單,212.0000000000
GS7-427,7,EN P2 R RU S2 W2 ZH,True,-3.7285229247,,,,-2.4862972851,-1.2146317523,5.0375735711,,-2.9286093569,,0.1713073232,5.1491804246,ZH,EN,5.1491804246,對稱,545.0000000000
GS7-428,7,EN P2 R RU W1 W2 ZH,True,-3.3798651218,,,,-2.5231836221,-0.9182883000,4.6040222302,,,-1.4427586900,-0.9982380840,4.6583115876,ZH,EN,4.6583115876,對稱,635.0000000000
GS7-429,7,EN P2 R S1 S2 W1 W2,True,-2.1530659584,,,,-0.1027529666,0.8228694966,,-1.1395937066,-1.1919793949,1.5492283843,2.2152941456,,W2,EN,2.2152941456,對稱,761.0000000000
GS7-430,7,EN P2 R S1 S2 W1 ZH,True,-3.1077880836,,,,-1.2188856459,-0.3583418156,,-2.1415202965,-2.2028216572,1.2170626922,,7.8122948067,ZH,EN,7.8122948067,明顯落單,75.0000000000
GS7-431,7,EN P2 R S1 S2 W2 ZH,True,-3.2193416742,,,,-1.2852388366,-0.3917730142,,-2.2216648790,-2.2202107843,,1.7045314175,7.6336977708,ZH,EN,7.6336977708,明顯落單,93.0000000000
GS7-432,7,EN P2 R S1 W1 W2 ZH,True,-3.0891090928,,,,-1.5405503951,-0.3138547834,,-2.1091531662,,-0.1882970636,0.3165607888,6.9244037123,ZH,EN,6.9244037123,明顯落單,198.0000000000
GS7-433,7,EN P2 R S2 W1 W2 ZH,True,-2.9602283995,,,,-1.6199870548,-0.2707355476,,,-2.1603522221,-0.2409502143,0.3266630935,6.9255903447,ZH,EN,6.9255903447,明顯落單,197.0000000000
GS7-434,7,EN P2 RU S1 S2 W1 W2,True,-2.7750220005,,,,-1.2800433545,,7.2056959783,-1.8880317083,-1.9480800060,0.0632329800,0.6222481109,,RU,EN,7.2056959783,明顯落單,154.0000000000
GS7-435,7,EN P2 RU S1 S2 W1 ZH,True,-3.5091702601,,,,-2.1756021682,,5.4730500021,-2.6693844326,-2.7383484027,-0.0483588465,,5.6678141081,ZH,EN,5.6678141081,中間,391.0000000000
GS7-436,7,EN P2 RU S1 S2 W2 ZH,True,-3.5901379563,,,,-2.2113694645,,5.3631540675,-2.7189431207,-2.7251516354,,0.3626451428,5.5198029665,ZH,EN,5.5198029665,中間,431.0000000000
GS7-437,7,EN P2 RU S1 W1 W2 ZH,True,-3.2513640054,,,,-2.2581396535,,4.9197188746,-2.3978900384,,-1.2145913384,-0.8167841164,5.0190502775,ZH,EN,5.0190502775,對稱,573.0000000000
GS7-438,7,EN P2 RU S2 W1 W2 ZH,True,-3.1202939951,,,,-2.3353869962,,4.9573648179,,-2.4545623867,-1.2650551721,-0.8044924947,5.0224262269,ZH,EN,5.0224262269,對稱,570.0000000000
GS7-439,7,EN P2 S1 S2 W1 W2 ZH,True,-2.7968350616,,,,-1.3200508648,,,-1.8375678396,-1.9318861312,0.0221093587,0.5430092825,7.3212212560,ZH,EN,7.3212212560,明顯落單,136.0000000000
GS7-440,7,EN R RU S1 S2 W1 W2,True,-3.0774845909,,,,,-0.3839892726,7.1761275969,-2.2957998000,-2.2332922023,0.1112505730,0.7031876960,,RU,EN,7.1761275969,明顯落單,162.0000000000
GS7-441,7,EN R RU S1 S2 W1 ZH,True,-3.7930389554,,,,,-1.3260328242,5.4620755158,-3.0585586293,-3.0049667039,0.0182526416,,5.7022689553,ZH,EN,5.7022689553,中間,382.0000000000
GS7-442,7,EN R RU S1 S2 W2 ZH,True,-3.8834129350,,,,,-1.3382844118,5.3427732978,-3.1175236008,-3.0011762200,,0.4527723396,5.5448515303,ZH,EN,5.5448515303,中間,424.0000000000
GS7-443,7,EN R RU S1 W1 W2 ZH,True,-3.6398474954,,,,,-1.1470333227,4.8041295937,-2.8916790297,,-1.2525946450,-0.8218654309,4.9488903300,ZH,EN,4.9488903300,對稱,590.0000000000
GS7-444,7,EN R RU S2 W1 W2 ZH,True,-3.5437934552,,,,,-1.1367407401,4.8067595669,,-2.8608114527,-1.3380744488,-0.8445897793,4.9172503093,ZH,EN,4.9172503093,對稱,598.0000000000
GS7-445,7,EN R S1 S2 W1 W2 ZH,True,-3.1122774616,,,,,-0.3915472590,,-2.2583157409,-2.2300781371,0.0571471420,0.6109690580,7.3241023985,ZH,EN,7.3241023985,明顯落單,134.0000000000
GS7-446,7,EN RU S1 S2 W1 W2 ZH,True,-3.3948723105,,,,,,5.1428762396,-2.6673925493,-2.6468175549,-1.0894870690,-0.6427157834,5.2984090275,ZH,EN,5.2984090275,中間,502.0000000000
GS7-447,7,ES JA P1 P2 R RU S1,True,,1.7735840277,6.2072799690,-3.9901088629,-2.9761516119,-1.5749405795,3.5792019146,-3.0188648570,,,,,JA,P1,6.2072799690,中間,289.0000000000
GS7-448,7,ES JA P1 P2 R RU S2,True,,1.8136922397,6.2282615896,-4.0007993466,-3.0522672623,-1.5285003344,3.6179795503,,-3.0783664363,,,,JA,P1,6.2282615896,中間,287.0000000000
GS7-449,7,ES JA P1 P2 R RU W1,True,,1.2693925690,5.5516240458,-4.0138826156,-3.2446255151,-1.3876287980,3.0289562936,,,-1.2038359797,,,JA,P1,5.5516240458,中間,421.0000000000
GS7-450,7,ES JA P1 P2 R RU W2,True,,1.1741466486,5.4265917715,-4.0322734910,-3.3280455798,-1.4381268705,2.8714075907,,,,-0.6737000695,,JA,P1,5.4265917715,中間,461.0000000000
GS7-451,7,ES JA P1 P2 R RU ZH,True,,0.5072155350,4.2353637991,-4.0254237226,-3.4344332795,-1.6095932032,1.9279327284,,,,,2.3989381427,JA,P1,4.2353637991,對稱,672.0000000000
GS7-452,7,ES JA P1 P2 R S1 S2,True,,3.8483051091,8.4497032537,-3.5342782962,-2.2425145998,-1.0969473823,,-2.6629944347,-2.7612736498,,,,JA,P1,8.4497032537,明顯落單,38.0000000000
GS7-453,7,ES JA P1 P2 R S1 W1,True,,3.0855802169,7.5546404885,-3.7657867866,-2.6532980742,-1.1745010674,,-2.7059546377,,-0.3406801394,,,JA,P1,7.5546404885,明顯落單,106.0000000000
GS7-454,7,ES JA P1 P2 R S1 W2,True,,2.9730950832,7.4123690009,-3.8014168753,-2.7539573521,-1.2422383532,,-2.8204053075,,,0.2325538039,,JA,P1,7.4123690009,明顯落單,120.0000000000
GS7-455,7,ES JA P1 P2 R S1 ZH,True,,2.0343658976,5.9493429565,-4.0663651788,-3.1321431238,-1.6855027579,,-3.0843849898,,,,3.9846871961,JA,P1,5.9493429565,中間,322.0000000000
GS7-456,7,ES JA P1 P2 R S2 W1,True,,3.1508626509,7.6007963311,-3.7513030484,-2.7042395025,-1.1028866003,,,-2.8283917721,-0.3648380587,,,JA,P1,7.6007963311,明顯落單,95.0000000000
GS7-457,7,ES JA P1 P2 R S2 ZH,True,,2.0842655364,5.9801160040,-4.0672642357,-3.1984673472,-1.6292710859,,,-3.1683651363,,,3.9989862648,JA,P1,5.9801160040,中間,320.0000000000
GS7-458,7,ES JA P1 P2 R W1 W2,True,,2.6864317353,6.9742411885,-3.6076625171,-2.8049031444,-0.8373984608,,,,-1.5491967072,-0.8615120942,,JA,P1,6.9742411885,明顯落單,190.0000000000
GS7-459,7,ES JA P1 P2 R W1 ZH,True,,1.5563422933,5.3198548876,-4.0639710772,-3.3744491727,-1.4720231220,,,,-1.3347757483,,3.3690219393,JA,P1,5.3198548876,中間,496.0000000000
GS7-460,7,ES JA P1 P2 R W2 ZH,True,,1.4719864319,5.2057126725,-4.0714718934,-3.4469791781,-1.5116311354,,,,,-0.8318649860,3.1842480886,JA,P1,5.2057126725,對稱,533.0000000000
GS7-461,7,ES JA P1 P2 RU S1 S2,True,,2.0245591917,6.5749947822,-3.8203620452,-2.8527236738,,3.8681758146,-2.8443511225,-2.9502929470,,,,JA,P1,6.5749947822,明顯落單,246.0000000000
GS7-462,7,ES JA P1 P2 RU S1 W1,True,,1.4703756690,5.8884733863,-3.8433291661,-3.0549657787,,3.2692687058,-2.6787699560,,-1.0510528603,,,JA,P1,5.8884733863,中間,339.0000000000
GS7-463,7,ES JA P1 P2 RU S1 W2,True,,1.3884764297,5.7767877931,-3.8483733604,-3.1250391622,,3.1250666840,-2.7626347314,,,-0.5542836529,,JA,P1,5.7767877931,中間,363.0000000000
GS7-464,7,ES JA P1 P2 RU S1 ZH,True,,0.6703211097,4.5343356144,-3.8927477983,-3.2826510683,,2.1303676154,-2.8060405481,,,,2.6464150753,JA,P1,4.5343356144,對稱,648.0000000000
GS7-465,7,ES JA P1 P2 RU S2 W1,True,,1.5378474200,5.9368185459,-3.8266561109,-3.1037178900,,3.3354098805,,-2.8066803828,-1.0730214626,,,JA,P1,5.9368185459,中間,326.0000000000
GS7-466,7,ES JA P1 P2 RU S2 W2,True,,1.4380180505,5.8072028226,-3.8496304353,-3.1917214036,,3.1732777286,,-2.8457198329,,-0.5314269299,,JA,P1,5.8072028226,中間,356.0000000000
GS7-467,7,ES JA P1 P2 RU S2 ZH,True,,0.7224100655,4.5672979788,-3.8914575383,-3.3467859748,,2.1811259949,,-2.8954939870,,,2.6629034609,JA,P1,4.5672979788,對稱,644.0000000000
GS7-468,7,ES JA P1 P2 RU W1 W2,True,,1.3125437683,5.5493906672,-3.4438883158,-2.9652542681,,3.0030798603,,,-2.0182528473,-1.4376188646,,JA,P1,5.5493906672,中間,422.0000000000
GS7-469,7,ES JA P1 P2 RU W1 ZH,True,,0.4030281918,4.1155782320,-3.6796230103,-3.3142264307,,1.8170205351,,,-1.5832580228,,2.2414805049,JA,P1,4.1155782320,對稱,685.0000000000
GS7-470,7,ES JA P1 P2 RU W2 ZH,True,,0.3492582249,4.0320219112,-3.6565379321,-3.3561705418,,1.7009477857,,,,-1.1568119964,2.0872925486,JA,P1,4.0320219112,對稱,695.0000000000
GS7-471,7,ES JA P1 P2 S1 S2 W1,True,,3.3867379723,7.9725378929,-3.5458573775,-2.4796875446,,,-2.4812583119,-2.6753099134,-0.1771627179,,,JA,P1,7.9725378929,明顯落單,61.0000000000
GS7-472,7,ES JA P1 P2 S1 S2 W2,True,,3.2696693896,7.8256829564,-3.5860709151,-2.5849302715,,,-2.6002924306,-2.7315885766,,0.4075298479,,JA,P1,7.8256829564,明顯落單,71.0000000000
GS7-473,7,ES JA P1 P2 S1 S2 ZH,True,,2.2822633326,6.3139800406,-3.8996960901,-3.0117929146,,,-2.9129489844,-3.0531608028,,,4.2813554187,JA,P1,6.3139800406,中間,272.0000000000
GS7-474,7,ES JA P1 P2 S1 W1 W2,True,,2.9257698858,7.3494455795,-3.3987540172,-2.5768883575,,,-2.2244272452,,-1.3580585373,-0.7170873082,,JA,P1,7.3494455795,明顯落單,131.0000000000
GS7-475,7,ES JA P1 P2 S1 W1 ZH,True,,1.7444562374,5.6438350723,-3.9062867836,-3.1976585920,,,-2.7309913904,,-1.1948617848,,3.6415072412,JA,P1,5.6438350723,中間,396.0000000000
GS7-476,7,ES JA P1 P2 S1 W2 ZH,True,,1.6734470572,5.5430395382,-3.9004409187,-3.2568419164,,,-2.8039661066,,,-0.7253177253,3.4700800716,JA,P1,5.5430395382,中間,425.0000000000
GS7-477,7,ES JA P1 P2 S2 W1 W2,True,,3.0004857287,7.4050348310,-3.3748368701,-2.6183963769,,,,-2.3704479016,-1.3727830477,-0.6690563632,,JA,P1,7.4050348310,明顯落單,123.0000000000
GS7-478,7,ES JA P1 P2 S2 W1 ZH,True,,1.8217194152,5.7019716587,-3.8798223015,-3.2366192766,,,,-2.8833803843,-1.2070389602,,3.6831698488,JA,P1,5.7019716587,中間,383.0000000000
GS7-479,7,ES JA P1 P2 S2 W2 ZH,True,,1.7327801049,5.5832459945,-3.8919065668,-3.3137327310,,,,-2.9115297752,,-0.6926695754,3.4938125491,JA,P1,5.5832459945,中間,415.0000000000
GS7-480,7,ES JA P1 P2 W1 W2 ZH,True,,1.6236822501,5.3418102666,-3.4697880198,-3.0708891680,,,,,-2.1250038583,-1.5824850826,3.2826736121,JA,P1,5.3418102666,中間,482.0000000000
GS7-481,7,ES JA P1 R RU S1 S2,True,,1.9624116775,6.3557037171,-3.6810081991,,-1.7995661960,3.7757660749,-3.3149605726,-3.2983465017,,,,JA,P1,6.3557037171,中間,269.0000000000
GS7-482,7,ES JA P1 R RU S1 W1,True,,1.3130196436,5.5739738101,-3.7991838313,,-1.7637870229,3.0816504549,-3.2445879174,,-1.1610851369,,,JA,P1,5.5739738101,中間,417.0000000000
GS7-483,7,ES JA P1 R RU S1 W2,True,,1.2217141208,5.4528819334,-3.8136343091,,-1.8103446977,2.9280421496,-3.3378589762,,,-0.6408002209,,JA,P1,5.4528819334,中間,456.0000000000
GS7-484,7,ES JA P1 R RU S1 ZH,True,,0.5221526960,4.2290236498,-3.8394148519,,-2.0144413416,1.9519369761,-3.3626708978,,,,2.5134137695,JA,P1,4.2290236498,對稱,674.0000000000
GS7-485,7,ES JA P1 R RU S2 W1,True,,1.3454754244,5.5873029995,-3.8175267462,,-1.7249992089,3.1127756594,,-3.2849584188,-1.2180697093,,,JA,P1,5.5873029995,中間,414.0000000000
GS7-486,7,ES JA P1 R RU S2 W2,True,,1.2362397715,5.4482809927,-3.8499073541,,-1.7894870139,2.9412372241,,-3.3334041523,,-0.6529594680,,JA,P1,5.4482809927,中間,457.0000000000
GS7-487,7,ES JA P1 R RU S2 ZH,True,,0.5392256817,4.2269700441,-3.8731405619,,-1.9910363228,1.9676793855,,-3.3645844114,,,2.4948861849,JA,P1,4.2269700441,對稱,675.0000000000
GS7-488,7,ES JA P1 R RU W1 W2,True,,1.0155569781,5.0952603261,-3.5393737458,,-1.3249986003,2.6758308445,,,-2.2679158887,-1.6543599139,,JA,P1,5.0952603261,對稱,558.0000000000
GS7-489,7,ES JA P1 R RU W1 ZH,True,,0.1246352967,3.6800417860,-3.7565145452,,-1.7204555007,1.5083654145,,,-1.8143271690,,1.9782547177,JA,P1,3.6800417860,對稱,734.0000000000
GS7-490,7,ES JA P1 R RU W2 ZH,True,,0.0614590463,3.5870791818,-3.7428357505,,-1.7388839031,1.3828863817,,,,-1.3643654341,1.8146604779,JA,P1,3.5870791818,對稱,745.0000000000
GS7-491,7,ES JA P1 R S1 S2 W1,True,,3.3024230369,7.7310794066,-3.4286709527,,-1.3711115138,,-2.9740351832,-3.0455308893,-0.2141539045,,,JA,P1,7.7310794066,明顯落單,84.0000000000
GS7-492,7,ES JA P1 R S1 S2 W2,True,,3.1759481707,7.5748181866,-3.4782907738,,-1.4528385320,,-3.1024755854,-3.1112158360,,0.3940543700,,JA,P1,7.5748181866,明顯落單,102.0000000000
GS7-493,7,ES JA P1 R S1 S2 ZH,True,,2.2071360089,6.0817091660,-3.7733220536,,-1.9261859130,,-3.3965382441,-3.4141941670,,,4.2213952029,JA,P1,6.0817091660,中間,310.0000000000
GS7-494,7,ES JA P1 R S1 W1 W2,True,,2.7368401557,7.0033722985,-3.3861823871,,-1.2067753399,,-2.8218189112,,-1.4996645186,-0.8257712974,,JA,P1,7.0033722985,明顯落單,183.0000000000
GS7-495,7,ES JA P1 R S1 W1 ZH,True,,1.5741204024,5.3163556864,-3.8751212584,,-1.8740303123,,-3.3097891614,,-1.3178738709,,3.4863385142,JA,P1,5.3163556864,中間,499.0000000000
GS7-496,7,ES JA P1 R S1 W2 ZH,True,,1.4937049388,5.2061538689,-3.8786816769,,-1.9096979280,,-3.3921701610,,,-0.8248141028,3.3055050611,JA,P1,5.2061538689,對稱,532.0000000000
GS7-497,7,ES JA P1 R S2 W1 W2,True,,2.7765400284,7.0239455798,-3.3972812101,,-1.1607434341,,,-2.8802996424,-1.5494049992,-0.8127563226,,JA,P1,7.0239455798,明顯落單,179.0000000000
GS7-498,7,ES JA P1 R S2 W1 ZH,True,,1.6163676101,5.3394763027,-3.8836727464,,-1.8254510715,,,-3.3746382299,-1.3650670165,,3.4929851516,JA,P1,5.3394763027,中間,486.0000000000
GS7-499,7,ES JA P1 R S2 W2 ZH,True,,1.5180220163,5.2113443551,-3.9051632951,,-1.8790488173,,,-3.4121939043,,-0.8271819231,3.2942215684,JA,P1,5.2113443551,對稱,531.0000000000
GS7-500,7,ES JA P1 R W1 W2 ZH,True,,1.3137156503,4.8747001160,-3.5782532594,,-1.3981839763,,,,-2.3876467093,-1.8122059415,2.9878741202,JA,P1,4.8747001160,對稱,605.0000000000
GS7-501,7,ES JA P1 RU S1 S2 W1,True,,1.5668785528,5.9445723683,-3.6265532685,,,3.3735081000,-3.0671904378,-3.1463487532,-1.0448665616,,,JA,P1,5.9445723683,中間,323.0000000000
GS7-502,7,ES JA P1 RU S1 S2 W2,True,,1.4709895810,5.8188970427,-3.6455871952,,,3.2153163458,-3.1650449456,-3.1814478056,,-0.5131230231,,JA,P1,5.8188970427,中間,354.0000000000
GS7-503,7,ES JA P1 RU S1 W1 W2,True,,1.2404229355,5.4559925241,-3.3449374389,,,2.9400261142,-2.6758469019,,-2.0912499119,-1.5244073210,,JA,P1,5.4559925241,中間,455.0000000000
GS7-504,7,ES JA P1 RU S1 W1 ZH,True,,0.2982770478,3.9895497776,-3.6133024446,,,1.7213364778,-2.9432432864,,-1.6888853986,,2.2362678266,JA,P1,3.9895497776,對稱,699.0000000000
GS7-505,7,ES JA P1 RU S2 W1 W2,True,,1.2823121251,5.4787551223,-3.3538469450,,,2.9805847276,,-2.7398009255,-2.1388010754,-1.5092030292,,JA,P1,5.4787551223,中間,446.0000000000
GS7-506,7,ES JA P1 RU S2 W1 ZH,True,,0.3427135724,4.0148597108,-3.6196646157,,,1.7644424261,,-3.0135656474,-1.7338892272,,2.2451037810,JA,P1,4.0148597108,對稱,697.0000000000
GS7-507,7,ES JA P1 RU S2 W2 ZH,True,,0.2749538730,3.9173136576,-3.6105692700,,,1.6343799443,,-3.0205354274,,-1.2724688697,2.0769260922,JA,P1,3.9173136576,對稱,711.0000000000
GS7-508,7,ES JA P1 RU W1 W2 ZH,True,,0.2791888765,3.7892107879,-3.0751178648,,,1.5938913617,,,-2.5173416561,-2.0489515187,1.9791200134,JA,P1,3.7892107879,對稱,723.0000000000
GS7-509,7,ES JA P1 S1 S2 W1 W2,True,,3.0362982073,7.4195699992,-3.1679526818,,,,-2.5988222892,-2.7033349262,-1.3378468009,-0.6479115083,,JA,P1,7.4195699992,明顯落單,119.0000000000
GS7-510,7,ES JA P1 S1 S2 W1 ZH,True,,1.8249015825,5.6838765157,-3.7055684245,,,,-3.1354694108,-3.2488977201,-1.2047330247,,3.7858904819,JA,P1,5.6838765157,中間,387.0000000000
GS7-511,7,ES JA P1 S1 S2 W2 ZH,True,,1.7399026699,5.5690912492,-3.7137122921,,,,-3.2224338594,-3.2731067133,,-0.7002146340,3.6004735798,JA,P1,5.5690912492,中間,419.0000000000
GS7-512,7,ES JA P1 S1 W1 W2 ZH,True,,1.5257124519,5.2225631580,-3.3966861084,,,,-2.7168593883,,-2.2238498883,-1.6951225045,3.2842422795,JA,P1,5.2225631580,對稱,523.0000000000
GS7-513,7,ES JA P1 S2 W1 W2 ZH,True,,1.5773930684,5.2551171831,-3.3958041876,,,,,-2.8052919789,-2.2616096251,-1.6701267858,3.3003223259,JA,P1,5.2551171831,對稱,516.0000000000
GS7-514,7,ES JA P2 R RU S1 S2,True,,1.5510947590,5.9860894926,,-2.6804436899,-1.7666400582,3.4845668877,-3.2629281478,-3.3117392434,,,,JA,S2,5.9860894926,中間,318.0000000000
GS7-515,7,ES JA P2 R RU S1 W1,True,,0.9529241491,5.2555810095,,-2.9266728821,-1.6796394611,2.8416726917,-3.1413340686,,-1.3025314386,,,JA,S1,5.2555810095,對稱,515.0000000000
GS7-516,7,ES JA P2 R RU S1 W2,True,,0.8801983946,5.1530689012,,-2.9875727806,-1.7076173675,2.7066441548,-3.2160253590,,,-0.8286959435,,JA,S1,5.1530689012,對稱,542.0000000000
GS7-517,7,ES JA P2 R RU S1 ZH,True,,0.2129905321,3.9615641799,,-3.0942372293,-1.8793604491,1.7628925436,-3.2084837183,,,,2.2446341411,JA,S1,3.9615641799,對稱,704.0000000000
GS7-518,7,ES JA P2 R RU S2 W1,True,,1.0040728346,5.2876031037,,-2.9917480588,-1.6221587424,2.8914908010,,-3.2284368319,-1.3408231063,,,JA,S2,5.2876031037,中間,504.0000000000
GS7-519,7,ES JA P2 R RU S2 W2,True,,0.9134169501,5.1671608653,,-3.0705780875,-1.6680667790,2.7385321340,,-3.2583027970,,-0.8221622859,,JA,S2,5.1671608653,對稱,539.0000000000
GS7-520,7,ES JA P2 R RU S2 ZH,True,,0.2487564225,3.9782034789,,-3.1746952012,-1.8372625256,1.7973278578,,-3.2571294937,,,2.2447994613,JA,S2,3.9782034789,對稱,702.0000000000
GS7-521,7,ES JA P2 R RU W2 ZH,True,,-0.1592090205,3.4081138090,,-3.2188933705,-1.5153089136,1.2823360462,,,,-1.4314134972,1.6343749466,JA,P2,3.4081138090,對稱,753.0000000000
GS7-522,7,ES JA P2 R S1 S2 W1,True,,2.8629542722,7.3333133360,,-2.3577268282,-1.3663372221,,-2.9501546045,-3.0870754771,-0.4349734763,,,JA,S2,7.3333133360,明顯落單,132.0000000000
GS7-523,7,ES JA P2 R S1 S2 W2,True,,2.7550591744,7.1956318843,,-2.4537960701,-1.4294844720,,-3.0600152384,-3.1341806555,,0.1267853773,,JA,S2,7.1956318843,明顯落單,158.0000000000
GS7-524,7,ES JA P2 R S1 W1 W2,True,,2.3671725834,6.6754074202,,-2.4897412433,-1.1321998559,,-2.7281371402,,-1.6506828981,-1.0418188661,,JA,S1,6.6754074202,明顯落單,237.0000000000
GS7-525,7,ES JA P2 R S1 W1 ZH,True,,1.2368063924,5.0207443704,,-3.0595640204,-1.7671012660,,-3.1837538280,,-1.4365386881,,3.1894070397,JA,S1,5.0207443704,對稱,572.0000000000
GS7-526,7,ES JA P2 R S1 W2 ZH,True,,1.1749706971,4.9291223213,,-3.1095738599,-1.7841891133,,-3.2475550593,,,-0.9899283408,3.0271533549,JA,S1,4.9291223213,對稱,593.0000000000
GS7-527,7,ES JA P2 R S2 W1 W2,True,,2.4255653609,6.7146736062,,-2.5475723282,-1.0674750453,,,-2.8333501332,-1.6817304739,-1.0101109865,,JA,S2,6.7146736062,明顯落單,233.0000000000
GS7-528,7,ES JA P2 R S2 W1 ZH,True,,1.2977465048,5.0625578914,,-3.1148477704,-1.6998291204,,,-3.2953351584,-1.4650389289,,3.2147465819,JA,S2,5.0625578914,對稱,562.0000000000
GS7-529,7,ES JA P2 R S2 W2 ZH,True,,1.2179806794,4.9530057122,,-3.1827877399,-1.7348470979,,,-3.3143110644,,-0.9736032564,3.0345627670,JA,S2,4.9530057122,對稱,589.0000000000
GS7-530,7,ES JA P2 R W1 W2 ZH,True,,1.0648957374,4.6675828970,,-2.9839312642,-1.2027608328,,,,-2.4178174294,-1.9074058508,2.7794367428,JA,P2,4.6675828970,對稱,634.0000000000
GS7-531,7,ES JA P2 RU S1 S2 W1,True,,1.2200170238,5.6394135334,,-2.7871272332,,3.1467643024,-2.9507026234,-3.0952861054,-1.1730788977,,,JA,S2,5.6394135334,中間,397.0000000000
GS7-532,7,ES JA P2 RU S1 S2 W2,True,,1.1427078204,5.5323179761,,-2.8526105807,,3.0071523166,-3.0299773628,-3.1118053894,,-0.6877847801,,JA,S2,5.5323179761,中間,428.0000000000
GS7-533,7,ES JA P2 RU S1 S2 ZH,True,,0.4268230865,4.2921363834,,-3.0079519008,,2.0147238339,-3.0711125935,-3.1618562925,,,2.5072374830,JA,S2,4.2921363834,對稱,668.0000000000
GS7-534,7,ES JA P2 RU S1 W1 W2,True,,0.9633625989,5.2206348814,,-2.6800143845,,2.7830835090,-2.4895578951,,-2.1496610556,-1.6478476540,,JA,P2,5.2206348814,對稱,524.0000000000
GS7-535,7,ES JA P2 RU S1 W1 ZH,True,,0.0535702735,3.7865456973,,-3.0292632960,,1.5967474349,-2.7246007173,,-1.7149429800,,2.0319435877,JA,P2,3.7865456973,對稱,725.0000000000
GS7-536,7,ES JA P2 RU S1 W2 ZH,True,,0.0223204726,3.7255095425,,-3.0486872410,,1.5031948515,-2.7578160542,,,-1.3447973687,1.9002757974,JA,P2,3.7255095425,對稱,733.0000000000
GS7-537,7,ES JA P2 RU S2 W1 W2,True,,1.0239446933,5.2620903845,,-2.7356561524,,2.8423350271,,-2.6002441806,-2.1785193145,-1.6139504575,,JA,P2,5.2620903845,對稱,512.0000000000
GS7-538,7,ES JA P2 RU S2 W1 ZH,True,,0.1166997029,3.8305485352,,-3.0823577289,,1.6585462880,,-2.8416553402,-1.7412539039,,2.0594724469,JA,P2,3.8305485352,對稱,721.0000000000
GS7-539,7,ES JA P2 RU S2 W2 ZH,True,,0.0675197718,3.7515822504,,-3.1197118041,,1.5470635745,,-2.8300453518,,-1.3262829673,1.9098745265,JA,P2,3.7515822504,對稱,731.0000000000
GS7-540,7,ES JA P2 RU W1 W2 ZH,True,,0.1229761993,3.6747008047,,-2.7123139588,,1.5577964159,,,-2.4549051404,-2.0515441923,1.8632898717,JA,P2,3.6747008047,對稱,735.0000000000
GS7-541,7,ES JA P2 S1 S2 W1 W2,True,,2.6798646005,7.1048390864,,-2.3045964520,,,-2.4919065526,-2.6618443562,-1.4756312148,-0.8507251114,,JA,S2,7.1048390864,明顯落單,170.0000000000
GS7-542,7,ES JA P2 S1 S2 W1 ZH,True,,1.5008215382,5.4014991652,,-2.9230961006,,,-2.9962001118,-3.1750535877,-1.3101638762,,3.5021929729,JA,S2,5.4014991652,中間,468.0000000000
GS7-543,7,ES JA P2 S1 S2 W2 ZH,True,,1.4344023939,5.3052936671,,-2.9776893890,,,-3.0645847921,-3.1806828126,,-0.8520949065,3.3353558392,JA,S2,5.3052936671,中間,501.0000000000
GS7-544,7,ES JA P2 S1 W1 W2 ZH,True,,1.2714335998,5.0099869999,,-2.7887167653,,,-2.5077888970,,-2.2594795475,-1.7957813529,3.0703459629,JA,P2,5.0099869999,對稱,574.0000000000
GS7-545,7,ES JA P2 S2 W1 W2 ZH,True,,1.3418071211,5.0612339298,,-2.8345671063,,,,-2.6429537495,-2.2785463795,-1.7520927295,3.1051189140,JA,P2,5.0612339298,對稱,563.0000000000
GS7-546,7,ES JA R RU S1 S2 W1,True,,1.2019202558,5.4641732144,,,-1.8440966207,3.0984053088,-3.3772613274,-3.3992889139,-1.1438519170,,,JA,S2,5.4641732144,中間,450.0000000000
GS7-547,7,ES JA R RU S1 S2 W2,True,,1.1152047689,5.3476713737,,,-1.8860642596,2.9493870395,-3.4659423503,-3.4252144814,,-0.6350420907,,JA,S1,5.3476713737,中間,481.0000000000
GS7-548,7,ES JA R RU S1 S2 ZH,True,,0.4179139301,4.1260836761,,,-2.0878903175,1.9755524520,-3.4884836858,-3.4566714893,,,2.5134954345,JA,S1,4.1260836761,對稱,683.0000000000
GS7-549,7,ES JA R RU S1 W1 W2,True,,0.8406510361,4.9407797678,,,-1.4754467853,2.6301097207,-3.0207313938,,-2.2250488696,-1.6903134759,,JA,S1,4.9407797678,對稱,592.0000000000
GS7-550,7,ES JA R RU S1 W1 ZH,True,,-0.0505473941,3.5252844788,,,-1.8711804347,1.4623675417,-3.2371803209,,-1.7717368988,,1.9429930280,JA,S1,3.5252844788,對稱,748.0000000000
GS7-551,7,ES JA R RU S1 W2 ZH,True,,-0.0912034785,3.4548420405,,,-1.8670886711,1.3594086749,-3.2798019413,,,-1.3780755789,1.8019189543,JA,S1,3.4548420405,對稱,751.0000000000
GS7-552,7,ES JA R RU S2 W1 W2,True,,0.8662171604,4.9472193007,,,-1.4435486279,2.6543452687,,-3.0438777539,-2.2889230986,-1.6914322494,,JA,S2,4.9472193007,對稱,591.0000000000
GS7-553,7,ES JA R RU S2 W1 ZH,True,,-0.0224339349,3.5342713466,,,-1.8367349423,1.4891504247,,-3.2666950184,-1.8330637928,,1.9355059171,JA,S2,3.5342713466,對稱,747.0000000000
GS7-554,7,ES JA R RU S2 W2 ZH,True,,-0.0810201494,3.4458987783,,,-1.8505733088,1.3682614278,,-3.2644913135,,-1.3945771476,1.7765017132,JA,S2,3.4458987783,對稱,752.0000000000
GS7-555,7,ES JA R RU W1 W2 ZH,True,,-0.1207722331,3.2738088214,,,-1.2051541855,1.2837857579,,,-2.6513298241,-2.2150468838,1.6347085472,JA,W1,3.2738088214,對稱,756.0000000000
GS7-556,7,ES JA R S1 S2 W1 W2,True,,2.6301941278,6.8980250628,,,-1.2826315778,,-2.9500389613,-2.9974208694,-1.4779779388,-0.8201498432,,JA,S2,6.8980250628,明顯落單,205.0000000000
GS7-557,7,ES JA R S1 S2 W1 ZH,True,,1.4697449605,5.2132790367,,,-1.9476159642,,-3.4357386254,-3.4920362059,-1.2939167050,,3.4862835032,JA,S2,5.2132790367,對稱,530.0000000000
GS7-558,7,ES JA R S1 S2 W2 ZH,True,,1.3939195328,5.1076672551,,,-1.9786935440,,-3.5135295891,-3.5070717142,,-0.8123320267,3.3100400861,JA,S1,5.1076672551,對稱,551.0000000000
GS7-559,7,ES JA R S1 W1 W2 ZH,True,,1.1357422275,4.7171520767,,,-1.5516996422,,-3.0519422052,,-2.3478471711,-1.8512269843,2.9498216986,JA,S1,4.7171520767,對稱,629.0000000000
GS7-560,7,ES JA R S2 W1 W2 ZH,True,,1.1710997786,4.7333830365,,,-1.5100100579,,,-3.0995671324,-2.4019299732,-1.8425543311,2.9495786795,JA,S2,4.7333830365,對稱,626.0000000000
GS7-561,7,ES JA RU S1 S2 W1 W2,True,,1.1060442070,5.3229125878,,,,2.9335016276,-2.8317996525,-2.8868441700,-2.0972960325,-1.5465185674,,JA,S2,5.3229125878,中間,495.0000000000
GS7-562,7,ES JA RU S1 S2 W1 ZH,True,,0.1661689054,3.8587404274,,,,1.7170825772,-3.0969254509,-3.1608856408,-1.6926609332,,2.2084801151,JA,S2,3.8587404274,對稱,720.0000000000
GS7-563,7,ES JA RU S1 S2 W2 ZH,True,,0.1209293720,3.7837145401,,,,1.6095402614,-3.1441305203,-3.1453352548,,-1.2875409908,2.0628225923,JA,S2,3.7837145401,對稱,726.0000000000
GS7-564,7,ES JA RU S1 W1 W2 ZH,True,,0.0712934362,3.6017407312,,,,1.5151807395,-2.4740017669,,-2.5074641353,-2.1178945790,1.9111455743,JA,W1,3.6017407312,對稱,741.0000000000
GS7-565,7,ES JA RU S2 W1 W2 ZH,True,,0.1088403043,3.6201610079,,,,1.5513970313,,-2.5270999866,-2.5593576205,-2.1070326087,1.9130918722,JA,W1,3.6201610079,對稱,739.0000000000
GS7-566,7,ES JA S1 S2 W1 W2 ZH,True,,1.3980576694,5.0962071677,,,,,-2.8660881929,-2.9554027043,-2.2231720630,-1.7105098048,3.2609079280,JA,S2,5.0962071677,對稱,557.0000000000
GS7-567,7,ES P1 P2 R RU S1 S2,True,,4.1403750337,,-3.2525405635,-1.8823618298,-0.6099132869,6.2299183816,-2.2724972676,-2.3529804675,,,,RU,P1,6.2299183816,中間,286.0000000000
GS7-568,7,ES P1 P2 R RU S1 W1,True,,3.3526174881,,-3.5090817074,-2.3181779576,-0.7124996255,5.3974372499,-2.3404901240,,0.1301946765,,,RU,P1,5.3974372499,中間,471.0000000000
GS7-569,7,ES P1 P2 R RU S1 W2,True,,3.2494227626,,-3.5354213879,-2.4095468273,-0.7709465031,5.2319397419,-2.4456503856,,,0.6802025994,,RU,P1,5.2319397419,對稱,522.0000000000
GS7-570,7,ES P1 P2 R RU S1 ZH,True,,2.2399069741,,-3.8711562943,-2.8585192019,-1.2849975106,3.9458802047,-2.7804166708,,,,4.6093024988,ZH,P1,4.6093024988,對稱,642.0000000000
GS7-571,7,ES P1 P2 R RU S2 W1,True,,3.4128153464,,-3.4996825449,-2.3742039616,-0.6459697341,5.4563045318,,-2.4502158190,0.1009521814,,,RU,P1,5.4563045318,中間,454.0000000000
GS7-572,7,ES P1 P2 R RU S2 W2,True,,3.2916904907,,-3.5439523555,-2.4835029615,-0.7223467418,5.2728768937,,-2.5105507553,,0.6957854297,,RU,P1,5.2728768937,對稱,509.0000000000
GS7-573,7,ES P1 P2 R RU S2 ZH,True,,2.2847220372,,-3.8771399270,-2.9299280011,-1.2338504144,3.9893646915,,-2.8516853779,,,4.6185169917,ZH,P1,4.6185169917,對稱,640.0000000000
GS7-574,7,ES P1 P2 R RU W1 W2,True,,2.9326421855,,-3.3717842589,-2.4906098488,-0.3962238399,4.8691050025,,,-1.0991487124,-0.4439805279,,RU,P1,4.8691050025,對稱,610.0000000000
GS7-575,7,ES P1 P2 R RU W1 ZH,True,,1.7317661406,,-3.8988794219,-3.1309424799,-1.1016351040,3.3916852088,,,-0.9555143564,,3.9635200128,ZH,P1,3.9635200128,對稱,703.0000000000
GS7-576,7,ES P1 P2 R RU W2 ZH,True,,1.6567006874,,-3.8970898300,-3.1941820772,-1.1319527092,3.2543169732,,,,-0.4758296145,3.7880365702,ZH,P1,3.7880365702,對稱,724.0000000000
GS7-577,7,ES P1 P2 R S1 S2 W1,True,,5.7731026736,,-2.7074870366,-1.2387768414,0.1112576758,,-1.6388555977,-1.8074485747,1.5082077010,,,ES,P1,5.7731026736,中間,365.0000000000
GS7-578,7,ES P1 P2 R S1 S2 W2,True,,5.6347386046,,-2.7689960605,-1.3653150545,0.0176414548,,-1.7791852027,-1.8850227242,,2.1461389824,,ES,P1,5.6347386046,中間,400.0000000000
GS7-579,7,ES P1 P2 R S1 S2 ZH,True,,4.3559720792,,-3.3739817039,-2.0835381661,-0.7656602898,,-2.3832022249,-2.4979554188,,,6.7483657244,ZH,P1,6.7483657244,明顯落單,229.0000000000
GS7-580,7,ES P1 P2 R S1 W1 W2,True,,5.0572650780,,-2.8152531854,-1.5908471633,0.1253391352,,-1.6368940402,,0.0724423724,0.7879478033,,ES,P1,5.0572650780,對稱,565.0000000000
GS7-581,7,ES P1 P2 R S1 W2 ZH,True,,3.4922862946,,-3.6295960417,-2.5834566770,-0.8994270193,,-2.5290888563,,,0.4670614316,5.6822208681,ZH,P1,5.6822208681,中間,389.0000000000
GS7-582,7,ES P1 P2 R S2 W1 ZH,True,,3.6545802461,,-3.5949558310,-2.5492124437,-0.7755488827,,,-2.5690229160,-0.0751724117,,5.9093322389,ZH,P1,5.9093322389,中間,333.0000000000
GS7-583,7,ES P1 P2 R S2 W2 ZH,True,,3.5443454496,,-3.6283355825,-2.6476213843,-0.8410358312,,,-2.6184677931,,0.4924356887,5.6986794529,ZH,P1,5.6986794529,中間,384.0000000000
GS7-584,7,ES P1 P2 R W1 W2 ZH,True,,3.2016735719,,-3.4397910584,-2.6383518442,-0.4985365018,,,,-1.2480068189,-0.6309538414,5.2539664930,ZH,P1,5.2539664930,對稱,517.0000000000
GS7-585,7,ES P1 P2 RU S1 S2 W1,True,,3.6762726473,,-3.2666548945,-2.1220700243,,5.7590911450,-2.0932963944,-2.2695519808,0.3162095017,,,RU,P1,5.7590911450,中間,368.0000000000
GS7-586,7,ES P1 P2 RU S1 S2 W2,True,,3.5684944727,,-3.2975780240,-2.2180223430,,5.5890101880,-2.2030401050,-2.3165402359,,0.8776760471,,RU,P1,5.5890101880,中間,411.0000000000
GS7-587,7,ES P1 P2 RU S1 S2 ZH,True,,2.5103018129,,-3.6819898018,-2.7156715890,,4.2542737794,-2.5864832616,-2.7088990649,,,4.9284681251,ZH,P1,4.9284681251,對稱,594.0000000000
GS7-588,7,ES P1 P2 RU S1 W1 W2,True,,3.1995623155,,-3.1352937795,-2.2350130824,,5.1753544447,-1.8522075730,,-0.8804285630,-0.2719737625,,RU,P1,5.1753544447,對稱,536.0000000000
GS7-589,7,ES P1 P2 RU S1 W1 ZH,True,,1.9474620642,,-3.7136131488,-2.9265699198,,3.6467104447,-2.4295583211,,-0.7880184133,,4.2635872942,ZH,P1,4.2635872942,對稱,670.0000000000
GS7-590,7,ES P1 P2 RU S1 W2 ZH,True,,1.8857432922,,-3.6984768757,-2.9764628360,,3.5226888902,-2.4932426292,,,-0.3417003742,4.1014505327,ZH,P1,4.1014505327,對稱,686.0000000000
GS7-591,7,ES P1 P2 RU S2 W1 W2,True,,3.2691935826,,-3.1164612081,-2.2816056776,,5.2436551356,,-1.9855167901,-0.9002376492,-0.2290273932,,RU,P1,5.2436551356,對稱,520.0000000000
GS7-592,7,ES P1 P2 RU S2 W1 ZH,True,,2.0196406662,,-3.6922332425,-2.9706151801,,3.7175584705,,-2.5692358756,-0.8052801645,,4.3001653260,ZH,P1,4.3001653260,對稱,667.0000000000
GS7-593,7,ES P1 P2 RU S2 W2 ZH,True,,1.9399917641,,-3.6950270995,-3.0384382264,,3.5756067859,,-2.5880948584,,-0.3141368001,4.1200984345,ZH,P1,4.1200984345,對稱,684.0000000000
GS7-594,7,ES P1 P2 S1 S2 W1 W2,True,,5.4265193795,,-2.5272272302,-1.3491400877,,,-1.3441011682,-1.5457110761,0.3040563401,1.0356038425,,ES,P1,5.4265193795,中間,462.0000000000
GS7-595,7,ES P1 P2 S1 S2 W1 ZH,True,,3.9051683911,,-3.3747973365,-2.3099476621,,,-2.1907026533,-2.4012282336,0.1272157528,,6.2442917416,ZH,P1,6.2442917416,中間,284.0000000000
GS7-596,7,ES P1 P2 S1 S2 W2 ZH,True,,3.8082802757,,-3.3948304068,-2.3950099217,,,-2.2895563047,-2.4373264296,,0.6614571503,6.0469856368,ZH,P1,6.0469856368,中間,311.0000000000
GS7-597,7,ES P1 P2 S1 W1 W2 ZH,True,,3.4557245460,,-3.2161697348,-2.3956242336,,,-1.9223473453,,-1.0421558254,-0.4718162318,5.5923888249,ZH,P1,5.5923888249,中間,409.0000000000
GS7-598,7,ES P1 P2 S2 W1 W2 ZH,True,,3.5351472399,,-3.1875457366,-2.4324254020,,,,-2.0801351295,-1.0521734847,-0.4190784357,5.6362109486,ZH,P1,5.6362109486,中間,398.0000000000
GS7-599,7,ES P1 R RU S1 S2 W1,True,,3.5557059046,,-3.1857202770,,-0.9228644753,5.6082621768,-2.6223250730,-2.6760247639,0.2429665079,,,RU,P1,5.6082621768,中間,405.0000000000
GS7-600,7,ES P1 R RU S1 S2 W2,True,,3.4385214466,,-3.2260496899,,-0.9953010854,5.4287749364,-2.7414750670,-2.7324193025,,0.8279487619,,RU,P1,5.4287749364,中間,459.0000000000
GS7-601,7,ES P1 R RU S1 S2 ZH,True,,2.3989226819,,-3.5918675726,,-1.5394350692,4.1126324229,-3.1063243286,-3.1061842364,,,4.8322561020,ZH,P1,4.8322561020,對稱,615.0000000000
GS7-602,7,ES P1 R RU S1 W1 W2,True,,2.9743807782,,-3.1589739566,,-0.7742705467,4.9199106819,-2.4858510463,,-1.0582863515,-0.4169095589,,RU,P1,4.9199106819,對稱,596.0000000000
GS7-603,7,ES P1 R RU S1 W1 ZH,True,,1.7408744220,,-3.7186994308,,-1.5123121220,3.4098605769,-3.0446078993,,-0.9472823067,,4.0721667599,ZH,P1,4.0721667599,對稱,692.0000000000
GS7-604,7,ES P1 R RU S1 W2 ZH,True,,1.6697493665,,-3.7129694412,,-1.5386893296,3.2764327390,-3.1176984908,,,-0.4774485590,3.9006237150,ZH,P1,3.9006237150,對稱,713.0000000000
GS7-605,7,ES P1 R RU S2 W1 W2,True,,3.0089960751,,-3.1751573554,,-0.7333232166,4.9531954025,,-2.5316203381,-1.1131114078,-0.4089791598,,RU,P1,4.9531954025,對稱,588.0000000000
GS7-606,7,ES P1 R RU S2 W1 ZH,True,,1.7780370539,,-3.7323354946,,-1.4688174570,3.4456926326,,-3.0967455285,-0.9995600281,,4.0737288216,ZH,P1,4.0737288216,對稱,691.0000000000
GS7-607,7,ES P1 R RU S2 W2 ZH,True,,1.6889818683,,-3.7445356351,,-1.5131247946,3.2943346646,,-3.1250107947,,-0.4849009550,3.8842556466,ZH,P1,3.8842556466,對稱,717.0000000000
GS7-608,7,ES P1 R RU W1 W2 ZH,True,,1.4596428489,,-3.4426582528,,-1.0572926070,3.0202720590,,,-2.0378819661,-1.4949576269,3.5528755449,ZH,P1,3.5528755449,對稱,746.0000000000
GS7-609,7,ES P1 R S1 S2 W1 W2,True,,5.2743789321,,-2.4778663173,,-0.0710002770,,-1.9047035515,-1.9837575639,0.1992396415,0.9637091360,,ES,P1,5.2743789321,中間,507.0000000000
GS7-610,7,ES P1 R S1 S2 W1 ZH,True,,3.7716218389,,-3.3068425285,,-1.0782925893,,-2.7327111415,-2.8206808263,0.0409929493,,6.1259122974,ZH,P1,6.1259122974,中間,301.0000000000
GS7-611,7,ES P1 R S1 S2 W2 ZH,True,,3.6653274400,,-3.3362818823,,-1.1398391402,,-2.8409710764,-2.8661853058,,0.5987500555,5.9191999091,ZH,P1,5.9191999091,中間,331.0000000000
GS7-612,7,ES P1 R S1 W1 W2 ZH,True,,3.2175631991,,-3.2528297215,,-0.9024321741,,-2.5689706281,,-1.2329934235,-0.6297318378,5.3693945859,ZH,P1,5.3693945859,中間,479.0000000000
GS7-613,7,ES P1 R S2 W1 W2 ZH,True,,3.2619699229,,-3.2592216935,,-0.8516934171,,,-2.6392184870,-1.2780270529,-0.6120100119,5.3782007395,ZH,P1,5.3782007395,中間,475.0000000000
GS7-614,7,ES P1 RU S1 S2 W1 W2,True,,3.2963362335,,-2.9182468476,,,5.2798648731,-2.2403570205,-2.3270736424,-0.8739712301,-0.2165523660,,RU,P1,5.2798648731,中間,505.0000000000
GS7-615,7,ES P1 RU S1 S2 W1 ZH,True,,2.0141530059,,-3.5266491932,,,3.7211378968,-2.8477907449,-2.9434230392,-0.8116440567,,4.3942161313,ZH,P1,4.3942161313,對稱,660.0000000000
GS7-616,7,ES P1 RU S1 S2 W2 ZH,True,,1.9384445014,,-3.5255026526,,,3.5831266099,-2.9254647854,-2.9583416242,,-0.3303516865,4.2180896374,ZH,P1,4.2180896374,對稱,677.0000000000
GS7-617,7,ES P1 RU S1 W1 W2 ZH,True,,1.6992216299,,-3.2335091223,,,3.2991801524,-2.4449229677,,-1.8465031656,-1.3502922104,3.8768256837,ZH,P1,3.8768256837,對稱,718.0000000000
GS7-618,7,ES P1 RU S2 W1 W2 ZH,True,,1.7458176707,,-3.2377117773,,,3.3444456169,,-2.5206441190,-1.8893474781,-1.3303810674,3.8878211543,ZH,P1,3.8878211543,對稱,716.0000000000
GS7-619,7,ES P1 S1 S2 W1 W2 ZH,True,,3.5364409254,,-3.0151803415,,,,-2.3265543314,-2.4475409472,-1.0517560310,-0.4324523739,5.7370430997,ZH,P1,5.7370430997,中間,373.0000000000
GS7-620,7,ES P2 R RU S1 S2 W1,True,,3.0938328436,,,-2.0587654114,-0.9404944800,5.2665068471,-2.6208487907,-2.7399736482,-0.0002573603,,,RU,S2,5.2665068471,對稱,511.0000000000
GS7-621,7,ES P2 R RU S1 S2 W2,True,,2.9952281539,,,-2.1455442452,-0.9943513217,5.1055993750,-2.7214190164,-2.7777884184,,0.5382754729,,RU,S2,5.1055993750,對稱,553.0000000000
GS7-622,7,ES P2 R RU S1 S2 ZH,True,,1.9879829515,,,-2.5922460338,-1.5061317432,3.8218104239,-3.0539147156,-3.1191997900,,,4.4616989071,ZH,S2,4.4616989071,對稱,655.0000000000
GS7-623,7,ES P2 R RU S1 W1 W2,True,,2.5823089095,,,-2.2065220719,-0.7220993591,4.6479565445,-2.4145735716,,-1.2317090274,-0.6553614240,,RU,S1,4.6479565445,對稱,636.0000000000
GS7-624,7,ES P2 R RU S1 W1 ZH,True,,1.3811561156,,,-2.8471314519,-1.4277873721,3.1702600019,-2.9409768623,,-1.0883514203,,3.7528309890,ZH,S1,3.7528309890,對稱,729.0000000000
GS7-625,7,ES P2 R RU S1 W2 ZH,True,,1.3286108285,,,-2.8878508832,-1.4355848112,3.0554119324,-2.9954876854,,,-0.6649670934,3.5998677124,ZH,S1,3.5998677124,對稱,742.0000000000
GS7-626,7,ES P2 R RU S2 W1 W2,True,,2.6356171112,,,-2.2694377325,-0.6624591243,4.6999341699,,-2.5070751253,-1.2678411790,-0.6287381201,,RU,S2,4.6999341699,對稱,631.0000000000
GS7-627,7,ES P2 R RU S2 W1 ZH,True,,1.4370116523,,,-2.9074997775,-1.3655998023,3.2247849623,,-3.0398467533,-1.1219362369,,3.7730859554,ZH,S2,3.7730859554,對稱,728.0000000000
GS7-628,7,ES P2 R RU S2 W2 ZH,True,,1.3665362350,,,-2.9661493389,-1.3913273716,3.0920067626,,-3.0495322512,,-0.6537265847,3.6021925488,ZH,S2,3.6021925488,對稱,740.0000000000
GS7-629,7,ES P2 R RU W1 W2 ZH,True,,1.1884186396,,,-2.7923255166,-0.8842737600,2.8691655811,,,-2.0904569826,-1.6125618326,3.3220338711,ZH,P2,3.3220338711,對稱,755.0000000000
GS7-630,7,ES P2 R S1 S2 W1 W2,True,,4.8029337933,,,-1.3269812573,-0.0982023595,,-1.9127993469,-2.0572785260,-0.0535563044,0.6458840008,,ES,S2,4.8029337933,對稱,619.0000000000
GS7-631,7,ES P2 R S1 S2 W1 ZH,True,,3.3325302624,,,-2.2368413743,-1.0731411095,,-2.7084533746,-2.8618482260,-0.1794494343,,5.7272032563,ZH,S2,5.7272032563,中間,374.0000000000
GS7-632,7,ES P2 R S1 S2 W2 ZH,True,,3.2448156319,,,-2.3127301490,-1.1161078920,,-2.7981335411,-2.8887729371,,0.3318582510,5.5390706364,ZH,S2,5.5390706364,中間,426.0000000000
GS7-633,7,ES P2 R S1 W1 W2 ZH,True,,2.8482728150,,,-2.3573315481,-0.8274795019,,-2.4749116689,,-1.3836346148,-0.8454022184,5.0404867372,ZH,S1,5.0404867372,對稱,567.0000000000
GS7-634,7,ES P2 R S2 W1 W2 ZH,True,,2.9113724435,,,-2.4104557819,-0.7580478402,,,-2.5918917897,-1.4099753395,-0.8089874877,5.0679857955,ZH,S2,5.0679857955,對稱,561.0000000000
GS7-635,7,ES P2 RU S1 S2 W1 W2,True,,2.9174983304,,,-1.9988798768,,5.0211447014,-2.1558455803,-2.3079873687,-1.0341599404,-0.4417702655,,RU,S2,5.0211447014,對稱,571.0000000000
GS7-636,7,ES P2 RU S1 S2 W1 ZH,True,,1.6676686651,,,-2.6881661282,,3.4947712874,-2.7309257424,-2.8919832032,-0.9394792046,,4.0881143260,ZH,S2,4.0881143260,對稱,688.0000000000
GS7-637,7,ES P2 RU S1 S2 W2 ZH,True,,1.6105399289,,,-2.7334690085,,3.3753397688,-2.7900200145,-2.8883220199,,-0.5046362553,3.9305676005,ZH,S2,3.9305676005,對稱,709.0000000000
GS7-638,7,ES P2 RU S1 W1 W2 ZH,True,,1.4225384815,,,-2.5695290382,,3.1426147353,-2.2582567728,,-1.9045371212,-1.4733553552,3.6405250707,ZH,P2,3.6405250707,對稱,738.0000000000
GS7-639,7,ES P2 RU S2 W1 W2 ZH,True,,1.4878274270,,,-2.6204639550,,3.2065731045,,-2.3807101860,-1.9286885290,-1.4347513075,3.6702134460,ZH,P2,3.6702134460,對稱,736.0000000000
GS7-640,7,ES P2 S1 S2 W1 W2 ZH,True,,3.1803845068,,,-2.1527670821,,,-2.2192614066,-2.4056731890,-1.1891632568,-0.6348887889,5.4213692166,ZH,S2,5.4213692166,中間,463.0000000000
GS7-641,7,ES R RU S1 S2 W1 W2,True,,2.8315760504,,,,-0.8862854846,4.9049601958,-2.6502297962,-2.6798156892,-1.0727584716,-0.4474468046,,RU,S2,4.9049601958,對稱,600.0000000000
GS7-642,7,ES R RU S1 S2 W1 ZH,True,,1.6003402802,,,,-1.6220564738,3.3971806770,-3.2067160632,-3.2452176286,-0.9594838407,,4.0359530491,ZH,S2,4.0359530491,對稱,694.0000000000
GS7-643,7,ES R RU S1 S2 W2 ZH,True,,1.5338052606,,,,-1.6438436454,3.2683428750,-3.2752166188,-3.2509627287,,-0.5011251827,3.8690000401,ZH,S1,3.8690000401,對稱,719.0000000000
GS7-644,7,ES R RU S1 W1 W2 ZH,True,,1.2505953019,,,,-1.2418823971,2.9404093302,-2.8386618883,,-2.0291565520,-1.5650527939,3.4837489991,ZH,S1,3.4837489991,對稱,749.0000000000
GS7-645,7,ES R RU S2 W1 W2 ZH,True,,1.2808682773,,,,-1.2052773885,2.9693517293,,-2.8735753761,-2.0883239299,-1.5614647163,3.4784214043,ZH,S2,3.4784214043,對稱,750.0000000000
GS7-646,7,ES R S1 S2 W1 W2 ZH,True,,3.0814824172,,,,-1.0077231659,,-2.7266254321,-2.7904813191,-1.2407415975,-0.6535451375,5.3376342350,ZH,S2,5.3376342350,中間,487.0000000000
GS7-647,7,ES RU S1 S2 W1 W2 ZH,True,,1.5354081475,,,,,3.2632209118,-2.6303104722,-2.7018289686,-1.8819840402,-1.4018382106,3.8173326323,ZH,S2,3.8173326323,對稱,722.0000000000
GS7-648,7,JA P1 P2 R RU S1 S2,True,,,7.9730015765,-3.8549087543,-2.4430273265,-1.3277223346,5.4611467797,-2.8544400747,-2.9540498661,,,,JA,P1,7.9730015765,明顯落單,60.0000000000
GS7-649,7,JA P1 P2 R RU S1 W2,True,,,6.9662462861,-4.0914683709,-2.9238911164,-1.4424343430,4.5094893477,-2.9812719850,,,-0.0366698184,,JA,P1,6.9662462861,明顯落單,192.0000000000
GS7-650,7,JA P1 P2 R RU S1 ZH,True,,,5.5822327414,-4.2774041748,-3.2230643884,-1.8066862481,3.3732289131,-3.1662391678,,,,3.5179323247,JA,P1,5.5822327414,中間,416.0000000000
GS7-651,7,JA P1 P2 R RU S2 W1,True,,,7.1372529859,-4.0587751744,-2.8915938971,-1.3205032205,4.7308084913,,-3.0080096563,-0.5891795290,,,JA,P1,7.1372529859,明顯落單,166.0000000000
GS7-652,7,JA P1 P2 R RU S2 W2,True,,,6.9948521632,-4.0945345981,-2.9923825102,-1.3883698414,4.5558912400,,-3.0598342057,,-0.0156222478,,JA,P1,6.9948521632,明顯落單,185.0000000000
GS7-653,7,JA P1 P2 R RU S2 ZH,True,,,5.6133859535,-4.2779230671,-3.2890084473,-1.7500744115,3.4221781403,,-3.2511697259,,,3.5326115580,JA,P1,5.6133859535,中間,403.0000000000
GS7-654,7,JA P1 P2 R RU W1 W2,True,,,6.5412768058,-3.8845556807,-2.9616785766,-1.0244361186,4.1899301696,,,-1.7429592151,-1.1175773844,,JA,P1,6.5412768058,明顯落單,251.0000000000
GS7-655,7,JA P1 P2 R RU W1 ZH,True,,,4.9659030046,-4.2618517411,-3.4522121052,-1.5800482801,2.8623094784,,,-1.4495257565,,2.9154254000,JA,P1,4.9659030046,對稱,584.0000000000
GS7-656,7,JA P1 P2 R RU W2 ZH,True,,,4.8695615844,-4.2515517624,-3.5069413157,-1.6018554985,2.7334516297,,,,-0.9911169817,2.7484523442,JA,P1,4.8695615844,對稱,608.0000000000
GS7-657,7,JA P1 P2 R S1 S2 W1,True,,,9.6309894522,-3.3199593217,-1.8095464325,-0.6166554663,,-2.2309024992,-2.4186220675,0.7646963350,,,JA,P1,9.6309894522,明顯落單,11.0000000000
GS7-658,7,JA P1 P2 R S1 S2 W2,True,,,9.4713494162,-3.3729579588,-1.9275742588,-0.7017613004,,-2.3627217173,-2.4876858303,,1.3813516494,,JA,P1,9.4713494162,明顯落單,16.0000000000
GS7-659,7,JA P1 P2 R S1 S2 ZH,True,,,7.8180851345,-3.8281444997,-2.4959982679,-1.3352639425,,-2.8169396371,-2.9508194224,,,5.6090806350,JA,P1,7.8180851345,明顯落單,73.0000000000
GS7-660,7,JA P1 P2 R S1 W1 W2,True,,,8.7993488373,-3.3814042628,-2.1152955468,-0.5562527991,,-2.1826197340,,-0.6247477859,0.0609712912,,JA,P1,8.7993488373,明顯落單,29.0000000000
GS7-661,7,JA P1 P2 R S1 W1 ZH,True,,,6.9521769641,-4.0304983952,-2.8776271473,-1.3836630326,,-2.8307452452,,-0.6031123993,,4.7734692555,JA,P1,6.9521769641,明顯落單,196.0000000000
GS7-662,7,JA P1 P2 R S1 W2 ZH,True,,,6.8385963307,-4.0374376298,-2.9495955711,-1.4227094643,,-2.9165050608,,,-0.1016055913,4.5892569865,JA,P1,6.8385963307,明顯落單,214.0000000000
GS7-663,7,JA P1 P2 R S2 W1 W2,True,,,8.8531289365,-3.3592962680,-2.1586127186,-0.4770140755,,,-2.3241175096,-0.6412814486,0.1071930839,,JA,P1,8.8531289365,明顯落單,27.0000000000
GS7-664,7,JA P1 P2 R S2 W1 ZH,True,,,7.0085043982,-4.0058430655,-2.9183969842,-1.3018769740,,,-2.9786113582,-0.6170987271,,4.8133227108,JA,P1,7.0085043982,明顯落單,182.0000000000
GS7-665,7,JA P1 P2 R S2 W2 ZH,True,,,6.8769936346,-4.0307124301,-3.0082955380,-1.3588535358,,,-3.0195458486,,-0.0707665938,4.6111803117,JA,P1,6.8769936346,明顯落單,209.0000000000
GS7-666,7,JA P1 P2 R W1 W2 ZH,True,,,6.4397947047,-3.8043570852,-2.9612151770,-0.9785433855,,,,-1.7436119266,-1.1563453030,4.2042781726,JA,P1,6.4397947047,中間,262.0000000000
GS7-667,7,JA P1 P2 RU S1 S2 W1,True,,,7.4977576015,-3.8645664499,-2.6782788856,,4.9947761785,-2.6707825662,-2.8661647439,-0.4127411345,,,JA,P1,7.4977576015,明顯落單,111.0000000000
GS7-668,7,JA P1 P2 RU S1 S2 W2,True,,,7.3687034599,-3.8869791925,-2.7657208175,,4.8332056084,-2.7720158899,-2.9046426122,,0.1274494439,,JA,P1,7.3687034599,明顯落單,128.0000000000
GS7-669,7,JA P1 P2 RU S1 S2 ZH,True,,,5.9360130437,-4.1215918678,-3.1135709610,,3.6482683023,-3.0056599440,-3.1472023387,,,3.8037437655,JA,P1,5.9360130437,中間,327.0000000000
GS7-670,7,JA P1 P2 RU S1 W1 W2,True,,,6.9052442505,-3.6868841271,-2.7449007360,,4.4573606860,-2.3833725370,,-1.5630579915,-0.9843895448,,JA,P1,6.9052442505,明顯落單,204.0000000000
GS7-671,7,JA P1 P2 RU S1 W1 ZH,True,,,5.2786462429,-4.1154043939,-3.2866584710,,3.0785157885,-2.8109241827,,-1.3208487393,,3.1766737555,JA,P1,5.2786462429,中間,506.0000000000
GS7-672,7,JA P1 P2 RU S1 W2 ZH,True,,,5.1956515038,-4.0917577340,-3.3280410003,,2.9630046208,-2.8660981039,,,-0.8958066673,3.0230473809,JA,P1,5.1956515038,對稱,535.0000000000
GS7-673,7,JA P1 P2 RU S2 W1 W2,True,,,6.9612136666,-3.6625868153,-2.7860285908,,4.5311261172,,-2.5303436051,-1.5774023373,-0.9359784352,,JA,P1,6.9612136666,明顯落單,194.0000000000
GS7-674,7,JA P1 P2 RU S2 W1 ZH,True,,,5.3371629939,-4.0885597472,-3.3252389908,,3.1548285546,,-2.9642635881,-1.3326457501,,3.2187165277,JA,P1,5.3371629939,中間,488.0000000000
GS7-675,7,JA P1 P2 RU S2 W2 ZH,True,,,5.2362381247,-4.0828432174,-3.3845516503,,3.0213872569,,-2.9746121841,,-0.8627783528,3.0471600230,JA,P1,5.2362381247,對稱,521.0000000000
GS7-676,7,JA P1 P2 RU W1 W2 ZH,True,,,5.0075805643,-3.6479465030,-3.1289299198,,2.8803439835,,,-2.2200316858,-1.7398156925,2.8487992534,JA,P1,5.0075805643,對稱,575.0000000000
GS7-677,7,JA P1 P2 S1 S2 W1 W2,True,,,9.2519886025,-3.1267324930,-1.9069426565,,,-1.9231810474,-2.1439175467,-0.4264880037,0.2752731449,,JA,P1,9.2519886025,明顯落單,17.0000000000
GS7-678,7,JA P1 P2 S1 S2 W1 ZH,True,,,7.3561398579,-3.8245034968,-2.7179511285,,,-2.6199834301,-2.8496356017,-0.4535294885,,5.1094632877,JA,P1,7.3561398579,明顯落單,129.0000000000
GS7-679,7,JA P1 P2 S1 S2 W2 ZH,True,,,7.2379757754,-3.8360261804,-2.7945030013,,,-2.7103266947,-2.8772234109,,0.0594359420,4.9206675697,JA,P1,7.2379757754,明顯落單,148.0000000000
GS7-680,7,JA P1 P2 S1 W1 W2 ZH,True,,,6.7908929935,-3.6195546875,-2.7573064923,,,-2.3053069143,,-1.5765798589,-1.0360266192,4.5038815787,JA,P1,6.7908929935,明顯落單,221.0000000000
GS7-681,7,JA P1 P2 S2 W1 W2 ZH,True,,,6.8566538364,-3.5854659489,-2.7886429203,,,,-2.4767565495,-1.5811327778,-0.9778240827,4.5531684428,JA,P1,6.8566538364,明顯落單,210.0000000000
GS7-682,7,JA P1 R RU S1 S2 W1,True,,,7.2649454653,-3.7387336749,,-1.5913187302,4.8888453677,-3.1549130874,-3.2277393696,-0.4410859710,,,JA,P1,7.2649454653,明顯落單,147.0000000000
GS7-683,7,JA P1 R RU S1 S2 W2,True,,,7.1264850403,-3.7705527010,,-1.6552449534,4.7178685141,-3.2655526946,-3.2756235214,,0.1226203160,,JA,P1,7.1264850403,明顯落單,167.0000000000
GS7-684,7,JA P1 R RU S1 S2 ZH,True,,,5.7123885193,-3.9865714812,,-2.0495798347,3.5515251032,-3.4806028536,-3.4995893528,,,3.7524298999,JA,P1,5.7123885193,中間,380.0000000000
GS7-685,7,JA P1 R RU S1 W1 W2,True,,,6.5678173196,-3.6656661468,,-1.3964035939,4.2468150805,-2.9721178529,,-1.6960176227,-1.0844271839,,JA,P1,6.5678173196,明顯落單,248.0000000000
GS7-686,7,JA P1 R RU S1 W1 ZH,True,,,4.9598132072,-4.0755925185,,-1.9846460666,2.8865640781,-3.3810756034,,-1.4352144754,,3.0301513786,JA,P1,4.9598132072,對稱,585.0000000000
GS7-687,7,JA P1 R RU S1 W2 ZH,True,,,4.8674121846,-4.0613521421,,-2.0025128874,2.7616466270,-3.4456558081,,,-0.9866566947,2.8671187205,JA,P1,4.8674121846,對稱,611.0000000000
GS7-688,7,JA P1 R RU S2 W1 W2,True,,,6.5887707656,-3.6763848052,,-1.3499915234,4.2855645416,,-3.0315489957,-1.7453779386,-1.0710320444,,JA,P1,6.5887707656,明顯落單,244.0000000000
GS7-689,7,JA P1 R RU S2 W1 ZH,True,,,4.9833139881,-4.0837638419,,-1.9356866612,2.9278608742,,-3.4468750836,-1.4820274563,,3.0371781807,JA,P1,4.9833139881,對稱,580.0000000000
GS7-690,7,JA P1 R RU S2 W2 ZH,True,,,4.8729828354,-4.0874535956,,-1.9714836120,2.7850132929,,-3.4666299629,,-0.9886443503,2.8562153925,JA,P1,4.8729828354,對稱,606.0000000000
GS7-691,7,JA P1 R RU W1 W2 ZH,True,,,4.5491167638,-3.7477653925,,-1.4778406035,2.5487615083,,,-2.4740281866,-1.9608902013,2.5626461117,JA,P1,4.5491167638,對稱,647.0000000000
GS7-692,7,JA P1 R S1 S2 W1 W2,True,,,8.9876027617,-3.0324734228,,-0.7410482394,,-2.4388852733,-2.5370658772,-0.4864065448,0.2482765958,,JA,P1,8.9876027617,明顯落單,25.0000000000
GS7-693,7,JA P1 R S1 S2 W1 ZH,True,,,7.1103479122,-3.7116505315,,-1.5985414492,,-3.1170937608,-3.2241900370,-0.4948541345,,5.0359820008,JA,P1,7.1103479122,明顯落單,169.0000000000
GS7-694,7,JA P1 R S1 S2 W2 ZH,True,,,6.9827775463,-3.7325794984,,-1.6515776133,,-3.2168433089,-3.2611841297,,0.0416270046,4.8377799994,JA,P1,6.9827775463,明顯落單,187.0000000000
GS7-695,7,JA P1 R S1 W1 W2 ZH,True,,,6.4404862531,-3.6113165168,,-1.3763598262,,-2.9070320398,,-1.7225192996,-1.1490440678,4.3257854971,JA,P1,6.4404862531,中間,261.0000000000
GS7-696,7,JA P1 R S2 W1 W2 ZH,True,,,6.4712311259,-3.6122437483,,-1.3201563289,,,-2.9909417496,-1.7620881887,-1.1258575015,4.3400563911,JA,P1,6.4712311259,中間,258.0000000000
GS7-697,7,JA P1 RU S1 S2 W1 W2,True,,,6.9731582386,-3.4582932233,,,4.5734150863,-2.7599780126,-2.8658212259,-1.5450566867,-0.9174241764,,JA,P1,6.9731582386,明顯落單,191.0000000000
GS7-698,7,JA P1 RU S1 S2 W1 ZH,True,,,5.3164772547,-3.9168964663,,,3.1644872125,-3.2176126345,-3.3323715201,-1.3329304108,,3.3188465646,JA,P1,5.3164772547,中間,498.0000000000
GS7-699,7,JA P1 RU S1 S2 W2 ZH,True,,,5.2194927832,-3.9072395389,,,3.0349863124,-3.2867762882,-3.3387797184,,-0.8729140076,3.1512304575,JA,P1,5.2194927832,對稱,525.0000000000
GS7-700,7,JA P1 RU S1 W1 W2 ZH,True,,,4.8857428595,-3.5774351878,,,2.7888506758,-2.7684236496,,-2.3214683120,-1.8550437106,2.8477773247,JA,P1,4.8857428595,對稱,601.0000000000
GS7-701,7,JA P1 RU S2 W1 W2 ZH,True,,,4.9186770493,-3.5761731023,,,2.8395808807,,-2.8578066519,-2.3588478841,-1.8296678273,2.8642375357,JA,P1,4.9186770493,對稱,597.0000000000
GS7-702,7,JA P1 S1 S2 W1 W2 ZH,True,,,6.8427494430,-3.4070213222,,,,-2.6979699285,-2.8380831357,-1.5746360927,-0.9851187894,4.6600798255,JA,P1,6.8427494430,明顯落單,211.0000000000
GS7-703,7,JA P2 R RU S1 S2 W1,True,,,6.8328600429,,-2.5819911708,-1.6208637903,4.5351749826,-3.1653518605,-3.3036033093,-0.6962248946,,,JA,S2,6.8328600429,明顯落單,215.0000000000
GS7-704,7,JA P2 R RU S1 S2 W2,True,,,6.7129793861,,-2.6602596178,-1.6662102452,4.3827778974,-3.2574116993,-3.3329076928,,-0.1789680285,,JA,S2,6.7129793861,明顯落單,234.0000000000
GS7-705,7,JA P2 R RU S1 S2 ZH,True,,,5.3312364275,,-2.9571623038,-2.0281915642,3.2487880488,-3.4401082960,-3.5245199618,,,3.3699576495,JA,S2,5.3312364275,中間,491.0000000000
GS7-706,7,JA P2 R RU S1 W1 W2,True,,,6.2055330895,,-2.6834266235,-1.3561474616,3.9629458878,-2.9127554337,,-1.8813553540,-1.3347941044,,JA,S1,6.2055330895,中間,290.0000000000
GS7-707,7,JA P2 R RU S1 W1 ZH,True,,,4.6298825393,,-3.1742369010,-1.9120363721,2.6350484477,-3.2893596219,,-1.5881986443,,2.6989005523,JA,S1,4.6298825393,對稱,639.0000000000
GS7-708,7,JA P2 R RU S1 W2 ZH,True,,,4.5560612852,,-3.2064459455,-1.9113234245,2.5287107649,-3.3353600582,,,-1.1860902845,2.5544476625,JA,S1,4.5560612852,對稱,646.0000000000
GS7-709,7,JA P2 R RU S2 W1 W2,True,,,6.2451794402,,-2.7408775438,-1.2910424864,4.0203882536,,-3.0189188383,-1.9120227651,-1.3027060601,,JA,S2,6.2451794402,中間,283.0000000000
GS7-710,7,JA P2 R RU S2 W1 ZH,True,,,4.6720762250,,-3.2291404863,-1.8443840619,2.6950381485,,-3.4018913639,-1.6163187205,,2.7246202591,JA,S2,4.6720762250,對稱,633.0000000000
GS7-711,7,JA P2 R RU S2 W2 ZH,True,,,4.5803248407,,-3.2792796609,-1.8616012444,2.5707703356,,-3.4030664749,,-1.1693850354,2.5622372393,JA,S2,4.5803248407,對稱,643.0000000000
GS7-712,7,JA P2 R RU W1 W2 ZH,True,,,4.3076801930,,-3.0676450177,-1.3167368119,2.3857399749,,,-2.5385182585,-2.0904094624,2.3198893825,JA,P2,4.3076801930,對稱,665.0000000000
GS7-713,7,JA P2 R S1 S2 W1 W2,True,,,8.5459452614,,-1.8518007242,-0.7801653773,,-2.4588961242,-2.6225018947,-0.7511175462,-0.0814635948,,JA,S2,8.5459452614,明顯落單,35.0000000000
GS7-714,7,JA P2 R S1 S2 W1 ZH,True,,,6.7010439742,,-2.6118617387,-1.6053050247,,-3.1047510494,-3.2772724922,-0.7272115736,,4.6253579044,JA,S2,6.7010439742,明顯落單,235.0000000000
GS7-715,7,JA P2 R S1 S2 W2 ZH,True,,,6.5920533767,,-2.6792401266,-1.6397614205,,-3.1859208291,-3.2956868165,,-0.2371798553,4.4457356713,JA,S2,6.5920533767,明顯落單,243.0000000000
GS7-716,7,JA P2 R S1 W1 W2 ZH,True,,,6.1009835075,,-2.6860307048,-1.3133222095,,-2.8248881360,,-1.8850755464,-1.3766295038,3.9849625930,JA,S1,6.1009835075,中間,307.0000000000
GS7-717,7,JA P2 RU S1 S2 W1 W2,True,,,6.6241079740,,-2.5091386140,,4.3027798592,-2.6873816278,-2.8586500076,-1.7171604524,-1.1545571314,,JA,S2,6.6241079740,明顯落單,241.0000000000
GS7-718,7,JA P2 RU S1 S2 W1 ZH,True,,,4.9997805525,,-3.0486257629,,2.9262055477,-3.1126626874,-3.2928467396,-1.4726806141,,3.0008297038,JA,S2,4.9997805525,對稱,577.0000000000
GS7-719,7,JA P2 RU S1 S2 W2 ZH,True,,,4.9213758493,,-3.0854182563,,2.8152844159,-3.1632465727,-3.2806751695,,-1.0591136318,2.8517933651,JA,S2,4.9213758493,對稱,595.0000000000
GS7-720,7,JA P2 RU S1 W1 W2 ZH,True,,,4.6388473496,,-2.8836674651,,2.6203702033,-2.5936725101,,-2.3914173230,-1.9900219109,2.5995616563,JA,P2,4.6388473496,對稱,638.0000000000
GS7-721,7,JA P2 RU S2 W1 W2 ZH,True,,,4.6904744441,,-2.9291376415,,2.6897933129,,-2.7297877743,-2.4101039904,-1.9459531228,2.6347147720,JA,P2,4.6904744441,對稱,632.0000000000
GS7-722,7,JA R RU S1 S2 W1 W2,True,,,6.4259403005,,,-1.5087896152,4.2314935110,-3.1368676864,-3.1855801707,-1.7108608262,-1.1153355131,,JA,S2,6.4259403005,中間,264.0000000000
GS7-723,7,JA R RU S1 S2 W1 ZH,True,,,4.8202067741,,,-2.0947615019,2.8735130947,-3.5435548508,-3.6011830075,-1.4477870928,,2.9935665843,JA,S2,4.8202067741,對稱,616.0000000000
GS7-724,7,JA R RU S1 S2 W2 ZH,True,,,4.7323957875,,,-2.1080382867,2.7531856795,-3.6035450196,-3.5984177209,,-1.0107044019,2.8351239621,JA,S1,4.7323957875,對稱,627.0000000000
GS7-725,7,JA R RU S1 W1 W2 ZH,True,,,4.3546587766,,,-1.6682662175,2.4630629556,-3.1291794682,,-2.4711385964,-2.0368211921,2.4876837421,JA,S1,4.3546587766,對稱,663.0000000000
GS7-726,7,JA R RU S2 W1 W2 ZH,True,,,4.3712699009,,,-1.6261964685,2.4974700951,,-3.1777548070,-2.5248412339,-2.0277683742,2.4878208876,JA,S2,4.3712699009,對稱,661.0000000000
GS7-727,7,JA R S1 S2 W1 W2 ZH,True,,,6.3053331800,,,-1.4820219016,,-3.0650579273,-3.1480404056,-1.7306385572,-1.1732284510,4.2936540627,JA,S2,6.3053331800,中間,275.0000000000
GS7-728,7,JA RU S1 S2 W1 W2 ZH,True,,,4.7228570858,,,,2.7525203517,-2.9541822376,-3.0448273253,-2.3573202701,-1.9069607943,2.7879131898,JA,S2,4.7228570858,對稱,628.0000000000
GS7-729,7,P1 P2 R RU S1 S2 W1,True,,,,-3.0964608875,-1.5076329609,-0.1878606693,7.5568028262,-1.8986446305,-2.0685681837,1.2023645058,,,RU,P1,7.5568028262,明顯落單,105.0000000000
GS7-730,7,P1 P2 R RU S1 S2 W2,True,,,,-3.1401691164,-1.6163703790,-0.2636760953,7.3739367698,-2.0211734405,-2.1283415383,,1.7957937998,,RU,P1,7.3739367698,明顯落單,126.0000000000
GS7-731,7,P1 P2 R RU S1 S2 ZH,True,,,,-3.6661422602,-2.2555809910,-0.9679653403,5.8976389953,-2.5461779631,-2.6622617333,,,6.2004892926,ZH,P1,6.2004892926,中間,292.0000000000
GS7-732,7,P1 P2 R RU S1 W1 W2,True,,,,-3.1736480739,-1.8291243204,-0.1432002475,6.7645178245,-1.8661041106,,-0.2028218603,0.4503807882,,RU,P1,6.7645178245,明顯落單,226.0000000000
GS7-733,7,P1 P2 R RU S1 W1 ZH,True,,,,-3.8935288092,-2.6622425239,-1.0413970839,5.0943124585,-2.5850162247,,-0.2519730766,,5.3398452597,ZH,P1,5.3398452597,中間,485.0000000000
GS7-734,7,P1 P2 R RU S1 W2 ZH,True,,,,-3.8911776355,-2.7249205395,-1.0711531074,4.9575058046,-2.6614856321,,,0.2263077110,5.1649233989,ZH,P1,5.1649233989,對稱,540.0000000000
GS7-735,7,P1 P2 R RU S2 W1 W2,True,,,,-3.1566246549,-1.8775260680,-0.0690460996,6.8310093630,,-1.9948904468,-0.2244400988,0.4915180051,,RU,P1,6.8310093630,明顯落單,216.0000000000
GS7-736,7,P1 P2 R RU S2 W1 ZH,True,,,,-3.8739580552,-2.7080969365,-0.9646956010,5.1633513320,,-2.7201708983,-0.2710439802,,5.3746141392,ZH,P1,5.3746141392,中間,476.0000000000
GS7-737,7,P1 P2 R RU W1 W2 ZH,True,,,,-3.6882143202,-2.7666573746,-0.6571042578,4.6339972516,,,-1.4132994250,-0.8585492299,4.7498273558,ZH,P1,4.7498273558,對稱,622.0000000000
GS7-738,7,P1 P2 R S1 S2 W1 W2,True,,,,-2.1093735577,-0.4870433588,0.9432368992,,-0.9017897388,-1.0970676136,1.4378710097,2.2141663600,,W2,P1,2.2141663600,對稱,762.0000000000
GS7-739,7,P1 P2 R S1 S2 W1 ZH,True,,,,-3.0985050300,-1.5894122993,-0.2242106742,,-1.8899525899,-2.0941461371,1.1194690564,,7.7767576741,ZH,P1,7.7767576741,明顯落單,81.0000000000
GS7-740,7,P1 P2 R S1 S2 W2 ZH,True,,,,-3.1313231997,-1.6872596583,-0.2891360411,,-2.0015913408,-2.1430294325,,1.6856732025,7.5666664699,ZH,P1,7.5666664699,明顯落單,103.0000000000
GS7-741,7,P1 P2 R S1 W1 W2 ZH,True,,,,-3.1484257297,-1.8836371722,-0.1522837658,,-1.8301455833,,-0.2584508232,0.3566366183,6.9163064559,ZH,P1,6.9163064559,明顯落單,201.0000000000
GS7-742,7,P1 P2 R S2 W1 W2 ZH,True,,,,-3.1216108839,-1.9222474929,-0.0683381910,,,-1.9834104867,-0.2702776348,0.4075652621,6.9583194273,ZH,P1,6.9583194273,明顯落單,195.0000000000
GS7-743,7,P1 P2 RU S1 S2 W1 W2,True,,,,-2.8964789004,-1.5982740265,,7.1609140803,-1.5841680203,-1.7871085044,0.0179353256,0.6871800456,,RU,P1,7.1609140803,明顯落單,163.0000000000
GS7-744,7,P1 P2 RU S1 S2 W1 ZH,True,,,,-3.6650365070,-2.4800691013,,5.4420318429,-2.3517570058,-2.5636131623,-0.0798927621,,5.6983366957,ZH,P1,5.6983366957,中間,385.0000000000
GS7-745,7,P1 P2 RU S1 S2 W2 ZH,True,,,,-3.6672687824,-2.5473305659,,5.3006417400,-2.4328098622,-2.5819105634,,0.4098466480,5.5188313858,ZH,P1,5.5188313858,中間,432.0000000000
GS7-746,7,P1 P2 RU S1 W1 W2 ZH,True,,,,-3.4758299429,-2.5351667104,,4.9161405917,-2.0528227353,,-1.2186853778,-0.7106485666,5.0770127413,ZH,P1,5.0770127413,對稱,560.0000000000
GS7-747,7,P1 P2 RU S2 W1 W2 ZH,True,,,,-3.4468257801,-2.5715877141,,4.9946128740,,-2.2115609311,-1.2283228724,-0.6575306059,5.1212150297,ZH,P1,5.1212150297,對稱,549.0000000000
GS7-748,7,P1 P2 S1 S2 W1 W2 ZH,True,,,,-2.8743342852,-1.6558646073,,,-1.5512872221,-1.7884977002,-0.0407713662,0.5903581467,7.3203970342,ZH,P1,7.3203970342,明顯落單,138.0000000000
GS7-749,7,P1 R RU S1 S2 W1 W2,True,,,,-2.8384716373,,-0.3417500912,6.9871577576,-2.1361240534,-2.2165086421,-0.0782350228,0.6239316893,,RU,P1,6.9871577576,明顯落單,186.0000000000
GS7-750,7,P1 R RU S1 S2 W1 ZH,True,,,,-3.5884353489,,-1.2700299039,5.2868694153,-2.8851191438,-2.9744194049,-0.1574692153,,5.5886036015,ZH,P1,5.5886036015,中間,413.0000000000
GS7-751,7,P1 R RU S1 S2 W2 ZH,True,,,,-3.6000739077,,-1.3137756598,5.1360730290,-2.9755782837,-3.0021230894,,0.3557859034,5.3996920082,ZH,P1,5.3996920082,中間,469.0000000000
GS7-752,7,P1 R RU S1 W1 W2 ZH,True,,,,-3.5038435795,,-1.0635905262,4.6563633694,-2.6907996680,,-1.4008766257,-0.8599178225,4.8626648525,ZH,P1,4.8626648525,對稱,613.0000000000
GS7-753,7,P1 R RU S2 W1 W2 ZH,True,,,,-3.5098553868,,-1.0124716046,4.6998196816,,-2.7619979385,-1.4455300905,-0.8418158319,4.8718511707,ZH,P1,4.8718511707,對稱,607.0000000000
GS7-754,7,P1 R S1 S2 W1 W2 ZH,True,,,,-2.8293068318,,-0.3668911481,,-2.1162230648,-2.2308776474,-0.1499215242,0.5141299809,7.1790902354,ZH,P1,7.1790902354,明顯落單,161.0000000000
GS7-755,7,P1 RU S1 S2 W1 W2 ZH,True,,,,-3.2770509812,,,5.0023830499,-2.4592401530,-2.5815573451,-1.2304960150,-0.6734951403,5.2194565846,ZH,P1,5.2194565846,對稱,526.0000000000
GS7-756,7,P2 R RU S1 S2 W1 ZH,True,,,,,-2.4326358152,-1.2991977758,4.9335762183,-2.8951807288,-3.0499061564,-0.4122309508,,5.1555752087,ZH,S2,5.1555752087,對稱,541.0000000000
GS7-757,7,P2 R RU S1 S2 W2 ZH,True,,,,,-2.4907237949,-1.3243637634,4.8013596004,-2.9670601003,-3.0590300726,,0.0545747471,4.9852433837,ZH,S2,4.9852433837,對稱,579.0000000000
GS7-758,7,P2 R RU S1 W1 W2 ZH,True,,,,,-2.5225470266,-1.0229572059,4.3728713648,-2.6310600606,,-1.5858371689,-1.1099075548,4.4994376520,ZH,S1,4.4994376520,對稱,651.0000000000
GS7-759,7,P2 R RU S2 W1 W2 ZH,True,,,,,-2.5752910957,-0.9531453795,4.4350205817,,-2.7489905930,-1.6117977289,-1.0731126595,4.5273168750,ZH,S2,4.5273168750,對稱,650.0000000000
GS7-760,7,P2 R S1 S2 W1 W2 ZH,True,,,,,-1.6495771036,-0.4056310978,,-2.1358567275,-2.3159364768,-0.4142553375,0.1847669784,6.7364897648,ZH,S2,6.7364897648,明顯落單,231.0000000000
GS7-761,7,P2 RU S1 S2 W1 W2 ZH,True,,,,,-2.3288393423,,4.7321250109,-2.3862665800,-2.5740089387,-1.4022225925,-0.9102509071,4.8694633497,ZH,S2,4.8694633497,對稱,609.0000000000
GS7-762,7,R RU S1 S2 W1 W2 ZH,True,,,,,,-1.2054113015,4.6116070460,-2.8849842554,-2.9501707186,-1.4451545832,-0.9202609056,4.7943747182,ZH,S2,4.7943747182,對稱,621.0000000000
K7-01,7,EN ES JA P1 S2 W1 ZH,False,-3.8571091631,1.9793634543,5.8723404456,-3.7215661282,,,,,-3.1344062332,-1.0725206693,,3.9338982939,JA,EN,5.8723404456,中間,
K7-02,7,EN ES JA P2 R S1 W1,False,-3.8238511177,3.0071629191,7.5306506324,,-2.2632589099,-1.2891196979,,-2.9380098334,,-0.2235739927,,,JA,EN,7.5306506324,明顯落單,
K7-03,7,EN ES JA P2 S1 S2 ZH,False,-3.9839039082,2.2143034296,6.3004475793,,-2.6112963555,,,-3.1345467852,-3.1318664171,,,4.3468624571,JA,EN,6.3004475793,中間,
K7-04,7,EN P2 R RU S2 W1 ZH,False,-3.6342085474,,,,-2.4371833077,-1.1984397670,5.1608161868,,-2.9284594430,-0.2730633689,,5.3105382473,ZH,EN,5.3105382473,中間,
K7-05,7,EN P2 R RU S1 W1 W2,False,-3.0703737607,,,,-1.5036206138,-0.3223543356,6.8165727572,-2.1626947639,,-0.1502511713,0.3927218881,,RU,EN,6.8165727572,明顯落單,
K7-06,7,EN ES JA P1 S2 W1 W2,False,-3.3541795164,3.2042470690,7.6215209190,-3.1704633956,,,,,-2.5753564494,-1.1921474557,-0.5336211710,,JA,EN,7.6215209190,明顯落單,
K7-07,7,JA P2 S1 S2 W1 W2 ZH,False,,,6.5164806630,,-2.5148204243,,,-2.6025920591,-2.8081304329,-1.7239583738,-1.1994702598,4.3324908869,JA,S2,6.5164806630,明顯落單,
K7-08,7,EN ES P1 P2 RU S2 W1,False,-2.9061430890,3.8672172960,,-3.2461698213,-2.0970899664,,6.0158586638,,-2.1185777170,0.4849046340,,,RU,P1,6.0158586638,中間,
K7-09,7,EN ES R S2 W1 W2 ZH,False,-3.4324509677,3.2296186023,,,,-0.9202460703,,,-2.6823155189,-1.1148549289,-0.5590674769,5.4793163604,ZH,EN,5.4793163604,中間,
K7-10,7,JA P1 P2 R RU S1 W1,False,,,7.0907169787,-4.0736390773,-2.8410326335,-1.3924978523,4.6664764689,-2.8846221103,,-0.5654017743,,,JA,P1,7.0907169787,明顯落單,
K7-11,7,ES P1 P2 R S2 W1 W2,False,,5.1247070281,,-2.7986099310,-1.6396290755,0.1991131184,,,-1.7647299648,0.0504439693,0.8287048556,,ES,P1,5.1247070281,對稱,
K7-12,7,ES JA P1 P2 R S2 W2,False,,3.0204473870,7.4405947133,-3.8048632671,-2.8228289105,-1.1885540162,,,-2.8980171165,,0.2532212100,,JA,P1,7.4405947133,明顯落單,
K7-13,7,EN ES P1 P2 R RU S2,False,-3.1127793715,4.3422938462,,-3.2210813266,-1.8464076082,-0.4686535640,6.4976600641,,-2.1910320400,,,,RU,P1,6.4976600641,明顯落單,
K7-14,7,ES P1 P2 RU W1 W2 ZH,False,,1.8058612559,,-3.2979412060,-2.8206273168,,3.3967526916,,,-1.7389873079,-1.2289849608,3.8839268440,ZH,P1,3.8839268440,對稱,
K7-15,7,ES P1 P2 R S1 W1 ZH,False,,3.5845909610,,-3.6141464203,-2.5029778664,-0.8518702009,,-2.4348186539,,-0.0557213435,,5.8749435240,ZH,P1,5.8749435240,中間,
K7-16,7,ES JA P2 R RU W1 W2,False,,0.7439555806,4.8653616227,,-2.8880980392,-1.1523569414,2.5243471784,,,-2.3208680933,-1.7723413078,,JA,P2,4.8653616227,對稱,
K7-17,7,ES JA P1 RU S1 W2 ZH,False,,0.2484474785,3.9099338544,-3.5862769688,,,1.6092041261,-2.9950383917,,,-1.2722903664,2.0860202679,JA,P1,3.9099338544,對稱,
K7-18,7,EN ES P1 R RU W2 ZH,False,-3.8538217435,1.8300046385,,-3.7231737447,,-1.4390931471,3.5025108811,,,,-0.3708518115,4.0544249273,ZH,EN,4.0544249273,對稱,
K7-19,7,EN ES P1 P2 S1 W2 ZH,False,-3.2961137556,4.0012935967,,-3.3214779656,-2.2517373292,,,-2.2286068594,,,0.8274968447,6.2691454683,ZH,P1,6.2691454683,中間,
K7-20,7,EN ES P2 R RU S2 ZH,False,-3.7770500225,2.1430430451,,,-2.6031505310,-1.4117307391,4.0426933877,,-3.0041100813,,,4.6103049410,ZH,EN,4.6103049410,對稱,
K7-21,7,ES JA P2 R RU W1 ZH,False,,-0.1146125384,3.4824966448,,-3.1861227444,-1.5154602795,1.3892353107,,,-1.8349258113,,1.7793894181,JA,P2,3.4824966448,對稱,
K7-22,7,ES JA P1 RU S1 S2 ZH,False,,0.7227512847,4.5463618876,-3.7200446094,,,2.1905343008,-3.2385337386,-3.2638522710,,,2.7627831458,JA,P1,4.5463618876,對稱,
K7-23,7,EN ES JA P1 P2 R RU,False,-3.8063095015,1.9543678564,6.4220658559,-3.9797846097,-2.9613323741,-1.4548158403,3.8258086134,,,,,,JA,P1,6.4220658559,中間,
K7-24,7,ES JA P2 R S1 S2 ZH,False,,1.8186005749,5.7348764260,,-2.8297112558,-1.8704782906,,-3.3217243347,-3.4048054242,,,3.8732423044,JA,S2,5.7348764260,中間,
K7-25,7,EN P1 RU S1 S2 W1 ZH,False,-3.4968604393,,,-3.3482597531,,,5.8330864195,-2.6525796272,-2.6561184307,0.2131461094,,6.1075857214,ZH,EN,6.1075857214,中間,
K7-26,7,EN P1 R RU S1 W2 ZH,False,-3.8252653780,,,-3.5409794814,,-1.2020114764,5.3819817814,-2.9288868533,,,0.5075675828,5.6075938248,ZH,EN,5.6075938248,中間,
K7-27,7,P1 P2 R RU S2 W2 ZH,False,,,,-3.8895370117,-2.7887050822,-1.0123817546,5.0086145480,,-2.7518149805,,0.2520621328,5.1817621483,ZH,P1,5.1817621483,對稱,
K7-28,7,EN JA P1 RU S2 W1 W2,False,-3.4683189040,,7.1563026241,-3.4796104714,,,4.7883802839,,-2.7566492834,-1.4181638757,-0.8219403735,,JA,P1,7.1563026241,明顯落單,
K7-29,7,JA P2 R S2 W1 W2 ZH,False,,,6.1504212850,,-2.7336901982,-1.2384258074,,,-2.9555301077,-1.9059515307,-1.3347500327,4.0179263917,JA,S2,6.1504212850,中間,
K7-30,7,P2 R RU S1 S2 W1 W2,False,,,,,-1.6017881978,-0.4032715255,6.6015109983,-2.1785392007,-2.3243489560,-0.3653503206,0.2717872023,,RU,S2,6.6015109983,明顯落單,
