menu,K,codes,confirmation,s_EN_pp,s_ES_pp,s_JA_pp,s_P1_pp,s_P2_pp,s_R_pp,s_RU_pp,s_S1_pp,s_S2_pp,s_W1_pp,s_W2_pp,s_ZH_pp,lone,least_lone,degree_pp,group,degree_rank
GS5-001,5,EN ES JA P1 P2,True,-3.7651165650,3.0329056813,8.1903653506,-4.1543215884,-3.3038328785,,,,,,,,JA,P1,8.1903653506,明顯落單,99.0000000000
GS5-002,5,EN ES JA P1 R,True,-4.5063777625,2.8329952598,7.7098414453,-3.9944081524,,-2.0420507902,,,,,,,JA,EN,7.7098414453,明顯落單,122.0000000000
GS5-003,5,EN ES JA P1 RU,True,-3.8469833857,0.3336910845,5.1195327089,-3.7478870270,,,2.1416466193,,,,,,JA,EN,5.1195327089,中間,449.0000000000
GS5-004,5,EN ES JA P1 S1,True,-4.4021105259,3.2013093102,8.3207737824,-3.6804327637,,,,-3.4395398031,,,,,JA,EN,8.3207737824,明顯落單,87.0000000000
GS5-005,5,EN ES JA P1 S2,True,-4.2709647024,3.1680024716,8.2533123163,-3.8044515589,,,,,-3.3458985267,,,,JA,EN,8.2533123163,明顯落單,93.0000000000
GS5-006,5,EN ES JA P1 W1,True,-3.9859068168,2.1361218615,6.9851140756,-3.8877314517,,,,,,-1.2475976687,,,JA,EN,6.9851140756,明顯落單,199.0000000000
GS5-007,5,EN ES JA P1 W2,True,-4.1804376544,2.0011884239,6.7969907204,-3.8854237373,,,,,,,-0.7323177527,,JA,EN,6.7969907204,明顯落單,223.0000000000
GS5-008,5,EN ES JA P1 ZH,True,-4.1159657460,0.7764568181,4.6360147239,-3.9069751967,,,,,,,,2.6104694007,JA,EN,4.6360147239,對稱,509.0000000000
GS5-009,5,EN ES JA P2 R,True,-4.3403367526,2.1635999697,7.1149152517,,-3.0200235606,-1.9181549082,,,,,,,JA,EN,7.1149152517,明顯落單,185.0000000000
GS5-010,5,EN ES JA P2 RU,True,-3.4494242865,-0.1041861163,4.7561246045,,-3.1207795691,,1.9182653674,,,,,,JA,EN,4.7561246045,中間,493.0000000000
GS5-011,5,EN ES JA P2 S1,True,-4.2497168638,2.5182666723,7.7122002408,,-2.6855771500,,,-3.2951728993,,,,,JA,EN,7.7122002408,明顯落單,121.0000000000
GS5-012,5,EN ES JA P2 S2,True,-4.0718387785,2.5316920956,7.6914710366,,-2.8796943380,,,,-3.2716300157,,,,JA,EN,7.6914710366,明顯落單,123.0000000000
GS5-013,5,EN ES JA P2 W1,True,-3.6587273329,1.6278650454,6.5513263559,,-3.1550545707,,,,,-1.3654094976,,,JA,EN,6.5513263559,明顯落單,252.0000000000
GS5-014,5,EN ES JA P2 W2,True,-3.8068087497,1.5393810287,6.4096524216,,-3.2224209877,,,,,,-0.9198037129,,JA,EN,6.4096524216,中間,270.0000000000
GS5-015,5,EN ES JA P2 ZH,True,-3.6614529355,0.3955333287,4.3295603309,,-3.3652983058,,,,,,,2.3016575817,JA,EN,4.3295603309,對稱,550.0000000000
GS5-016,5,EN ES JA R RU,True,-4.0251400657,-0.1385511195,4.4411461177,,,-2.1073156084,1.8298606758,,,,,,JA,EN,4.4411461177,對稱,533.0000000000
GS5-017,5,EN ES JA R S1,True,-4.5552899927,2.7540443194,7.6673644043,,,-2.0773271647,,-3.7887915663,,,,,JA,EN,7.6673644043,明顯落單,126.0000000000
GS5-018,5,EN ES JA R S2,True,-4.4649518327,2.6799298174,7.5590952747,,,-2.1401344647,,,-3.6339387948,,,,JA,EN,7.5590952747,明顯落單,133.0000000000
GS5-019,5,EN ES JA R W1,True,-4.2898616652,1.5380814892,6.1809293159,,,-2.0584627804,,,,-1.3706863596,,,JA,EN,6.1809293159,中間,294.0000000000
GS5-020,5,EN ES JA R W2,True,-4.4614587905,1.4260817638,6.0157396730,,,-2.0905556343,,,,,-0.8898070119,,JA,EN,6.0157396730,中間,320.0000000000
GS5-021,5,EN ES JA R ZH,True,-4.2696182385,0.3287188016,3.9821323201,,,-2.3031600592,,,,,,2.2619271760,JA,EN,3.9821323201,對稱,595.0000000000
GS5-022,5,EN ES JA RU S1,True,-3.9707006596,0.1799351004,5.0022506241,,,,2.2185778104,-3.4300628754,,,,,JA,EN,5.0022506241,中間,466.0000000000
GS5-023,5,EN ES JA RU S2,True,-3.8748892071,0.1112938908,4.8994547871,,,,2.1475605718,,-3.2834200425,,,,JA,EN,4.8994547871,中間,477.0000000000
GS5-024,5,EN ES JA RU W1,True,-3.1784456160,-0.5092010138,4.0426422519,,,,1.4472021206,,,-1.8021977428,,,JA,EN,4.0426422519,對稱,585.0000000000
GS5-025,5,EN ES JA RU W2,True,-3.2735780053,-0.5447360031,3.9539173449,,,,1.3004121626,,,,-1.4360154991,,JA,EN,3.9539173449,對稱,602.0000000000
GS5-026,5,EN ES JA RU ZH,True,-2.5303027893,-1.0906643013,2.4717446561,,,,0.2606557417,,,,,0.8885666928,JA,EN,2.4717446561,對稱,724.0000000000
GS5-027,5,EN ES JA S1 S2,True,-4.3232818731,3.0856465908,8.2074303347,,,,,-3.5937275620,-3.3760674904,,,,JA,EN,8.2074303347,明顯落單,96.0000000000
GS5-028,5,EN ES JA S1 W1,True,-4.1729013356,1.9190886325,6.8045547458,,,,,-3.4749914326,,-1.0757506101,,,JA,EN,6.8045547458,明顯落單,222.0000000000
GS5-029,5,EN ES JA S1 W2,True,-4.3111317582,1.8404556099,6.6727318057,,,,,-3.5571343408,,,-0.6449213167,,JA,EN,6.6727318057,明顯落單,241.0000000000
GS5-030,5,EN ES JA S1 ZH,True,-4.2473517221,0.6150321318,4.5110639369,,,,,-3.5776479918,,,,2.6989036451,JA,EN,4.5110639369,對稱,525.0000000000
GS5-031,5,EN ES JA S2 W1,True,-4.0141543282,1.9133829779,6.7646944637,,,,,,-3.4227519321,-1.2411711813,,,JA,EN,6.7646944637,明顯落單,227.0000000000
GS5-032,5,EN ES JA S2 W2,True,-4.1972100760,1.7899246300,6.5880461983,,,,,,-3.4376568524,,-0.7431038999,,JA,EN,6.5880461983,明顯落單,249.0000000000
GS5-033,5,EN ES JA S2 ZH,True,-4.1270617025,0.5708694893,4.4327466669,,,,,,-3.4677230095,,,2.5911685558,JA,EN,4.4327466669,對稱,535.0000000000
GS5-034,5,EN ES JA W1 W2,True,-2.9750564375,1.6951397728,6.2569437106,,,,,,,-2.7449996238,-2.2320274221,,JA,EN,6.2569437106,中間,286.0000000000
GS5-035,5,EN ES JA W1 ZH,True,-3.3896770427,-0.0086843466,3.6168752005,,,,,,,-2.0479123128,,1.8293985016,JA,EN,3.6168752005,對稱,644.0000000000
GS5-036,5,EN ES P1 P2 R,True,-2.7845917545,6.9395432324,,-3.0119596808,-1.4426488953,0.2996570982,,,,,,,ES,P1,6.9395432324,明顯落單,206.0000000000
GS5-037,5,EN ES P1 P2 RU,True,-3.0284112331,3.5370252016,,-3.6686524109,-2.6781368486,,5.8381752910,,,,,,RU,P1,5.8381752910,中間,341.0000000000
GS5-038,5,EN ES P1 P2 S1,True,-2.5751890864,7.4129927143,,-2.5928488606,-0.9894197055,,,-1.2555350618,,,,,ES,P1,7.4129927143,明顯落單,145.0000000000
GS5-039,5,EN ES P1 P2 S2,True,-2.3746880694,7.4490410692,,-2.6475124623,-1.1609139618,,,,-1.2659265757,,,,ES,P1,7.4490410692,明顯落單,140.0000000000
GS5-040,5,EN ES P1 P2 W1,True,-2.4355439630,6.0712466799,,-3.0767061344,-1.9102415337,,,,,1.3512449512,,,ES,P1,6.0712466799,中間,307.0000000000
GS5-041,5,EN ES P1 P2 W2,True,-2.6597978075,5.9065902354,,-3.1041214269,-2.0537803784,,,,,,1.9111093776,,ES,P1,5.9065902354,中間,332.0000000000
GS5-042,5,EN ES P1 P2 ZH,True,-3.3702118082,3.9069727205,,-3.9005587954,-3.0524275114,,,,,,,6.4162253945,ZH,P1,6.4162253945,中間,269.0000000000
GS5-043,5,EN ES P1 R RU,True,-3.8603019487,3.2464852620,,-3.5993684930,,-1.2804104831,5.4935956629,,,,,,RU,EN,5.4935956629,中間,384.0000000000
GS5-044,5,EN ES P1 R S1,True,-3.1369371517,7.3925954249,,-2.2534222925,,0.0030926846,,-2.0053286653,,,,,ES,EN,7.3925954249,明顯落單,150.0000000000
GS5-045,5,EN ES P1 R S2,True,-3.0239760600,7.3411038546,,-2.3956258195,,-0.0370916838,,,-1.8844102913,,,,ES,EN,7.3411038546,明顯落單,157.0000000000
GS5-046,5,EN ES P1 R W1,True,-3.3228532317,5.7252881872,,-3.0628407696,,-0.4293873386,,,,1.0897931527,,,ES,EN,5.7252881872,中間,360.0000000000
GS5-047,5,EN ES P1 R W2,True,-3.5706227849,5.5371160340,,-3.1137717708,,-0.5376526204,,,,,1.6849311421,,ES,EN,5.5371160340,中間,379.0000000000
GS5-048,5,EN ES P1 R ZH,True,-4.2345520477,3.5839832569,,-3.8637244014,,-1.6060268601,,,,,,6.1203200523,ZH,EN,6.1203200523,中間,300.0000000000
GS5-049,5,EN ES P1 RU S1,True,-3.6870797634,3.6837542612,,-3.2164381555,,,6.0010955768,-2.7813319191,,,,,RU,EN,6.0010955768,中間,322.0000000000
GS5-050,5,EN ES P1 RU S2,True,-3.5686453792,3.6377359832,,-3.3531683901,,,5.9527012698,,-2.6686234837,,,,RU,EN,5.9527012698,中間,328.0000000000
GS5-051,5,EN ES P1 RU W1,True,-3.3461691272,2.5432737395,,-3.4990299165,,,4.7783754795,,,-0.4764501752,,,RU,P1,4.7783754795,中間,492.0000000000
GS5-052,5,EN ES P1 RU W2,True,-3.5174739444,2.4315663223,,-3.4734961818,,,4.5554130937,,,,0.0039907102,,RU,EN,4.5554130937,對稱,517.0000000000
GS5-053,5,EN ES P1 RU ZH,True,-3.6299685432,1.0298682093,,-3.6720141483,,,2.6598868579,,,,,3.6122276243,ZH,P1,3.6122276243,對稱,645.0000000000
GS5-054,5,EN ES P1 S1 S2,True,-2.7635233211,7.8656034073,,-1.9254649285,,,,-1.6688589500,-1.5077562076,,,,ES,EN,7.8656034073,明顯落單,112.0000000000
GS5-055,5,EN ES P1 S1 W1,True,-3.0871101229,6.2250781098,,-2.6173895086,,,,-2.0240901597,,1.5035116814,,,ES,EN,6.2250781098,中間,290.0000000000
GS5-056,5,EN ES P1 S1 W2,True,-3.3015129732,6.0702726594,,-2.6349538070,,,,-2.1824054958,,,2.0485996166,,ES,EN,6.0702726594,中間,308.0000000000
GS5-057,5,EN ES P1 S1 ZH,True,-4.0935027520,3.9890793665,,-3.5129669535,,,,-3.0586889616,,,,6.6760793007,ZH,EN,6.6760793007,明顯落單,239.0000000000
GS5-058,5,EN ES P1 S2 W1,True,-2.9057401838,6.2419953868,,-2.6911841882,,,,,-2.0057850568,1.3607140420,,,ES,EN,6.2419953868,中間,288.0000000000
GS5-059,5,EN ES P1 S2 W2,True,-3.1649683594,6.0423646112,,-2.7535738119,,,,,-2.0968624049,,1.9730399651,,ES,EN,6.0423646112,中間,313.0000000000
GS5-060,5,EN ES P1 S2 ZH,True,-3.9505898008,3.9675396556,,-3.6252186210,,,,,-2.9826983768,,,6.5909671430,ZH,EN,6.5909671430,明顯落單,248.0000000000
GS5-061,5,EN ES P1 W1 W2,True,-2.4167820600,5.4736124148,,-2.3737252909,,,,,,-0.6932541675,0.0101491037,,ES,EN,5.4736124148,中間,395.0000000000
GS5-062,5,EN ES P1 W1 ZH,True,-3.6871724801,2.9140184806,,-3.7301390787,,,,,,-0.8519366714,,5.3552297497,ZH,P1,5.3552297497,中間,409.0000000000
GS5-063,5,EN ES P1 W2 ZH,True,-3.8312521494,2.8295362112,,-3.6773801961,,,,,,,-0.4123335078,5.0914296421,ZH,EN,5.0914296421,中間,454.0000000000
GS5-064,5,EN ES P2 R RU,True,-3.7502716798,2.5210792310,,,-2.5409677897,-1.2125253421,4.9826855807,,,,,,RU,EN,4.9826855807,中間,472.0000000000
GS5-065,5,EN ES P2 R S1,True,-3.2720723199,6.4220239568,,,-0.8272734334,-0.1741876116,,-2.1484905918,,,,,ES,EN,6.4220239568,中間,266.0000000000
GS5-066,5,EN ES P2 R S2,True,-3.1123789664,6.4172646482,,,-1.0395753532,-0.1676397181,,,-2.0976706105,,,,ES,EN,6.4172646482,中間,268.0000000000
GS5-067,5,EN ES P2 R W1,True,-3.2832025781,4.9295025408,,,-1.8988706432,-0.4318818129,,,,0.6844524935,,,ES,EN,4.9295025408,中間,475.0000000000
GS5-068,5,EN ES P2 R W2,True,-3.4845227105,4.7877798085,,,-2.0194757758,-0.4936976738,,,,,1.2099163516,,ES,EN,4.7877798085,中間,490.0000000000
GS5-069,5,EN ES P2 R ZH,True,-4.0675680674,2.9155309373,,,-2.8907542651,-1.4811880077,,,,,,5.5239794030,ZH,EN,5.5239794030,中間,381.0000000000
GS5-070,5,EN ES P2 RU S1,True,-3.5906968423,2.9447008823,,,-2.1375664304,,5.4765381467,-2.6929757563,,,,,RU,EN,5.4765381467,中間,393.0000000000
GS5-071,5,EN ES P2 RU S2,True,-3.4255301963,2.9454148662,,,-2.3443950578,,5.4748761016,,-2.6503657137,,,,RU,EN,5.4748761016,中間,394.0000000000
GS5-072,5,EN ES P2 RU W1,True,-3.0750003844,1.9790061824,,,-2.6823369241,,4.4286038712,,,-0.6502727452,,,RU,EN,4.4286038712,對稱,537.0000000000
GS5-073,5,EN ES P2 RU W2,True,-3.1998557807,1.9137481861,,,-2.7264773206,,4.2520909063,,,,-0.2395059910,,RU,EN,4.2520909063,對稱,560.0000000000
GS5-074,5,EN ES P2 RU ZH,True,-3.2314664737,0.5929339789,,,-3.0463211460,,2.4374485764,,,,,3.2474050644,ZH,EN,3.2474050644,對稱,685.0000000000
GS5-075,5,EN ES P2 S1 S2,True,-2.8655735754,6.9281168531,,,-0.5489434404,,,-1.7789359625,-1.7346638747,,,,ES,EN,6.9281168531,明顯落單,208.0000000000
GS5-076,5,EN ES P2 S1 W1,True,-3.0611068172,5.4156451155,,,-1.4329483605,,,-2.0061136123,,1.0845236744,,,ES,EN,5.4156451155,中間,401.0000000000
GS5-077,5,EN ES P2 S1 W2,True,-3.2290602466,5.3072890861,,,-1.5201867902,,,-2.1179795275,,,1.5599374782,,ES,EN,5.3072890861,中間,414.0000000000
GS5-078,5,EN ES P2 S1 ZH,True,-3.9401661196,3.3069796989,,,-2.5195257954,,,-2.9133790875,,,,6.0660913036,ZH,EN,6.0660913036,中間,310.0000000000
GS5-079,5,EN ES P2 S2 W1,True,-2.8330046162,5.4792946544,,,-1.5768414329,,,,-2.0579069021,0.9884582968,,,ES,EN,5.4792946544,中間,390.0000000000
GS5-080,5,EN ES P2 S2 W2,True,-3.0457833710,5.3261132997,,,-1.7089051879,,,,-2.1025348293,,1.5311100886,,ES,EN,5.3261132997,中間,411.0000000000
GS5-081,5,EN ES P2 W1 W2,True,-2.1695435117,4.8854146633,,,-1.5211370068,,,,,-0.8910069319,-0.3037272129,,ES,EN,4.8854146633,中間,478.0000000000
GS5-082,5,EN ES P2 W1 ZH,True,-3.3590500259,2.4067046348,,,-2.9988766533,,,,,-0.9688055300,,4.9200275744,ZH,EN,4.9200275744,中間,476.0000000000
GS5-083,5,EN ES P2 W2 ZH,True,-3.4566802743,2.3686717864,,,-3.0157919021,,,,,,-0.5988764976,4.7026768877,ZH,EN,4.7026768877,中間,500.0000000000
GS5-084,5,EN ES R RU S1,True,-3.9868994892,3.0898490113,,,,-1.3933721679,5.5676465873,-3.2772239415,,,,,RU,EN,5.5676465873,中間,376.0000000000
GS5-085,5,EN ES R RU S2,True,-3.9092727686,3.0030230699,,,,-1.4688909073,5.4784446168,,-3.1033040108,,,,RU,EN,5.4784446168,中間,392.0000000000
GS5-086,5,EN ES R RU W1,True,-3.7967642347,1.7985931081,,,,-1.4498008566,4.1941511084,,,-0.7461791252,,,RU,EN,4.1941511084,對稱,570.0000000000
GS5-087,5,EN ES R RU ZH,True,-3.9302612948,0.4354899337,,,,-1.8482386222,2.2259648428,,,,,3.1170451405,ZH,EN,3.1170451405,對稱,691.0000000000
GS5-088,5,EN ES R S1 S2,True,-3.0791734973,7.2558677071,,,,-0.0786532654,,-2.1805814227,-1.9174595216,,,,ES,EN,7.2558677071,明顯落單,170.0000000000
GS5-089,5,EN ES R S1 W1,True,-3.5127280172,5.5053746915,,,,-0.6056262684,,-2.6457803505,,1.2587599446,,,ES,EN,5.5053746915,中間,382.0000000000
GS5-090,5,EN ES R S1 W2,True,-3.7041971553,5.3735029534,,,,-0.6575911351,,-2.7811619743,,,1.7694473114,,ES,EN,5.3735029534,中間,407.0000000000
GS5-091,5,EN ES R S1 ZH,True,-4.3688182904,3.4196783041,,,,-1.7266572471,,-3.5300767965,,,,6.2058740300,ZH,EN,6.2058740300,中間,292.0000000000
GS5-092,5,EN ES R S2 W1,True,-3.3721657416,5.4814843051,,,,-0.6182094528,,,-2.5662637524,1.0751546417,,,ES,EN,5.4814843051,中間,389.0000000000
GS5-093,5,EN ES R S2 W2,True,-3.6084602050,5.3047872416,,,,-0.7149996448,,,-2.6344073882,,1.6530799964,,ES,EN,5.3047872416,中間,415.0000000000
GS5-094,5,EN ES R S2 ZH,True,-4.2667130027,3.3573309297,,,,-1.7776974194,,,-3.3928747165,,,6.0799542089,ZH,EN,6.0799542089,中間,305.0000000000
GS5-095,5,EN ES R W1 W2,True,-2.9702416237,4.6260673272,,,,-0.1701995467,,,,-1.0658475737,-0.4197785831,,ES,EN,4.6260673272,對稱,510.0000000000
GS5-096,5,EN ES R W2 ZH,True,-4.2344093572,2.1322934795,,,,-1.6993079857,,,,,-0.6919588387,4.4933827021,ZH,EN,4.4933827021,對稱,529.0000000000
GS5-097,5,EN ES RU S1 S2,True,-3.6986478603,3.4776947920,,,,,6.0233472537,-3.0259164278,-2.7764777577,,,,RU,EN,6.0233472537,中間,316.0000000000
GS5-098,5,EN ES RU S1 W1,True,-3.6108489564,2.2485552001,,,,,4.7143441152,-2.9697619319,,-0.3822884270,,,RU,EN,4.7143441152,中間,498.0000000000
GS5-099,5,EN ES RU S1 W2,True,-3.7258533586,2.1931481980,,,,,4.5476821445,-3.0286788197,,,0.0137018358,,RU,EN,4.5476821445,對稱,519.0000000000
GS5-100,5,EN ES RU S1 ZH,True,-3.8390398296,0.7907582127,,,,,2.6514640365,-3.2261589779,,,,3.6229765583,ZH,EN,3.6229765583,對稱,643.0000000000
GS5-101,5,EN ES RU S2 W1,True,-3.4648133884,2.2301381061,,,,,4.6935509922,,-2.8984552724,-0.5604204376,,,RU,EN,4.6935509922,中間,502.0000000000
GS5-102,5,EN ES RU S2 W2,True,-3.6246431158,2.1299057787,,,,,4.4820636961,,-2.8901341723,,-0.0971921868,,RU,EN,4.4820636961,對稱,530.0000000000
GS5-103,5,EN ES RU S2 ZH,True,-3.7314612495,0.7338841308,,,,,2.5922139255,,-3.0971668365,,,3.5025300297,ZH,EN,3.5025300297,對稱,659.0000000000
GS5-104,5,EN ES RU W1 W2,True,-2.4650711108,1.9725392879,,,,,4.2448336588,,,-2.1036044933,-1.6486973426,,RU,EN,4.2448336588,對稱,561.0000000000
GS5-105,5,EN ES RU W1 ZH,True,-3.0566582232,0.0917486613,,,,,1.8702149095,,,-1.5834836895,,2.6781783419,ZH,EN,2.6781783419,對稱,713.0000000000
GS5-106,5,EN ES RU W2 ZH,True,-3.1013394443,0.1066648402,,,,,1.7738761197,,,,-1.2929781982,2.5137766826,ZH,EN,2.5137766826,對稱,721.0000000000
GS5-107,5,EN ES S1 S2 W1,True,-3.0990199098,6.0186769506,,,,,,-2.2690163584,-2.1769165758,1.5262758934,,,ES,EN,6.0186769506,中間,319.0000000000
GS5-108,5,EN ES S1 S2 ZH,True,-4.0882609840,3.7998297622,,,,,,-3.2864636054,-3.0982213531,,,6.6731161802,ZH,EN,6.6731161802,明顯落單,240.0000000000
GS5-109,5,EN ES S1 W1 W2,True,-2.6884387192,5.1719170455,,,,,,-1.8339920614,,-0.6060692493,-0.0434170157,,ES,EN,5.1719170455,中間,440.0000000000
GS5-110,5,EN ES S1 W1 ZH,True,-3.9595210115,2.6116312390,,,,,,-3.1893680408,,-0.7654436254,,5.3027014387,ZH,EN,5.3027014387,中間,418.0000000000
GS5-111,5,EN ES S1 W2 ZH,True,-4.0473002658,2.5834493847,,,,,,-3.2210597808,,,-0.4102910844,5.0952017462,ZH,EN,5.0952017462,中間,453.0000000000
GS5-112,5,EN ES S2 W1 W2,True,-2.5242929214,5.1716101812,,,,,,,-1.7898507465,-0.7660910301,-0.0913754833,,ES,EN,5.1716101812,中間,441.0000000000
GS5-113,5,EN ES S2 W1 ZH,True,-3.7890068763,2.6176927121,,,,,,,-3.1547792320,-0.9190970688,,5.2451904650,ZH,EN,5.2451904650,中間,429.0000000000
GS5-114,5,EN ES S2 W2 ZH,True,-3.9216114559,2.5446855325,,,,,,,-3.1192329840,,-0.4967065398,4.9928654472,ZH,EN,4.9928654472,中間,470.0000000000
GS5-115,5,EN ES W1 W2 ZH,True,-2.7210983823,2.4282601104,,,,,,,,-2.3941149080,-2.0072706270,4.6942238068,ZH,EN,4.6942238068,中間,501.0000000000
GS5-116,5,EN JA P1 P2 R,True,-3.6707662645,,10.9074921441,-3.9953260511,-2.3515461692,-0.8898536593,,,,,,,JA,P1,10.9074921441,明顯落單,9.0000000000
GS5-117,5,EN JA P1 P2 RU,True,-3.8781839187,,7.4503713767,-4.6156169567,-3.5506322980,,4.5940617967,,,,,,JA,P1,7.4503713767,明顯落單,139.0000000000
GS5-118,5,EN JA P1 P2 S1,True,-3.5584109110,,11.5265125979,-3.6732625455,-1.9953642940,,,-2.2994748474,,,,,JA,P1,11.5265125979,明顯落單,3.0000000000
GS5-119,5,EN JA P1 P2 S2,True,-3.3442480430,,11.5420681764,-3.7142642962,-2.1531966993,,,,-2.3303591378,,,,JA,P1,11.5420681764,明顯落單,2.0000000000
GS5-120,5,EN JA P1 P2 W1,True,-3.3105768844,,10.0224832087,-4.0489309160,-2.8079972189,,,,,0.1450218107,,,JA,P1,10.0224832087,明顯落單,18.0000000000
GS5-121,5,EN JA P1 P2 W2,True,-3.5135547619,,9.8259128136,-4.0550702416,-2.9302600967,,,,,,0.6729722866,,JA,P1,9.8259128136,明顯落單,23.0000000000
GS5-122,5,EN JA P1 P2 ZH,True,-3.8494710063,,7.2645486643,-4.4770098537,-3.5544094734,,,,,,,4.6163416691,JA,P1,7.2645486643,明顯落單,168.0000000000
GS5-123,5,EN JA P1 R S1,True,-4.0079135829,,11.3377472184,-3.2215905839,,-1.1712199941,,-2.9370230575,,,,,JA,EN,11.3377472184,明顯落單,4.0000000000
GS5-124,5,EN JA P1 R S2,True,-3.8812906402,,11.2657628715,-3.3501322599,,-1.1977425115,,,-2.8365974599,,,,JA,EN,11.2657628715,明顯落單,5.0000000000
GS5-125,5,EN JA P1 R W1,True,-4.0856407597,,9.5081566257,-3.9228201578,,-1.4955111141,,,,-0.0041845943,,,JA,EN,9.5081566257,明顯落單,31.0000000000
GS5-126,5,EN JA P1 R W2,True,-4.3121343458,,9.2880705220,-3.9524751920,,-1.5825004288,,,,,0.5590394446,,JA,EN,9.2880705220,明顯落單,40.0000000000
GS5-127,5,EN JA P1 R ZH,True,-4.6015658523,,6.7731911105,-4.3279300663,,-2.2763769123,,,,,,4.4326817203,JA,EN,6.7731911105,明顯落單,225.0000000000
GS5-128,5,EN JA P1 RU S1,True,-4.5216543701,,7.5743033180,-4.1482046225,,,4.7721801614,-3.6766244868,,,,,JA,EN,7.5743033180,明顯落單,132.0000000000
GS5-129,5,EN JA P1 RU S2,True,-4.3895581350,,7.5077922635,-4.2712730061,,,4.7374477054,,-3.5844088278,,,,JA,EN,7.5077922635,明顯落單,138.0000000000
GS5-130,5,EN JA P1 RU W1,True,-4.0725548307,,6.2715394415,-4.3226074803,,,3.6576489673,,,-1.5340260978,,,JA,P1,6.2715394415,中間,285.0000000000
GS5-131,5,EN JA P1 RU W2,True,-4.2225836809,,6.1279180737,-4.2757977785,,,3.4559625486,,,,-1.0854991629,,JA,P1,6.1279180737,中間,297.0000000000
GS5-132,5,EN JA P1 RU ZH,True,-3.9605805234,,4.1644733263,-4.0998179888,,,1.9349340691,,,,,1.9609911168,JA,P1,4.1644733263,對稱,574.0000000000
GS5-133,5,EN JA P1 S1 S2,True,-3.7178852160,,11.9358333962,-2.9770186835,,,,-2.6839388058,-2.5569906909,,,,JA,EN,11.9358333962,明顯落單,1.0000000000
GS5-134,5,EN JA P1 S1 W1,True,-3.9469449655,,10.1535175203,-3.5744162114,,,,-2.9446429633,,0.3124866198,,,JA,EN,10.1535175203,明顯落單,15.0000000000
GS5-135,5,EN JA P1 S1 W2,True,-4.1400718488,,9.9667981194,-3.5707045428,,,,-3.0816823323,,,0.8256606044,,JA,EN,9.9667981194,明顯落單,20.0000000000
GS5-136,5,EN JA P1 S1 ZH,True,-4.5575638712,,7.3238581920,-4.0742199330,,,,-3.5834680419,,,,4.8913936541,JA,EN,7.3238581920,明顯落單,160.0000000000
GS5-137,5,EN JA P1 S2 W1,True,-3.7519131754,,10.1499420209,-3.6345490400,,,,,-2.9468306368,0.1833508313,,,JA,EN,10.1499420209,明顯落單,16.0000000000
GS5-138,5,EN JA P1 S2 W2,True,-3.9898653840,,9.9183972947,-3.6756626967,,,,,-3.0166320179,,0.7637628039,,JA,EN,9.9183972947,明顯落單,22.0000000000
GS5-139,5,EN JA P1 S2 ZH,True,-4.4009890690,,7.2818257047,-4.1728097495,,,,,-3.5279702336,,,4.8199433474,JA,EN,7.2818257047,明顯落單,164.0000000000
GS5-140,5,EN JA P1 W1 W2,True,-3.1471520324,,9.2078545200,-3.2012871235,,,,,,-1.7548143589,-1.1046010053,,JA,P1,9.2078545200,明顯落單,47.0000000000
GS5-141,5,EN JA P1 W1 ZH,True,-4.0430446961,,6.0865139513,-4.1832031550,,,,,,-1.5389991065,,3.6787330063,JA,P1,6.0865139513,中間,302.0000000000
GS5-142,5,EN JA P1 W2 ZH,True,-4.1658483984,,5.9701177314,-4.1091683054,,,,,,,-1.1313098934,3.4362088658,JA,EN,5.9701177314,中間,325.0000000000
GS5-143,5,EN JA P2 R RU,True,-4.5175866104,,6.3107387736,,-3.3310054842,-2.2831765203,3.8210298414,,,,,,JA,EN,6.3107387736,中間,278.0000000000
GS5-144,5,EN JA P2 R S1,True,-4.1728363897,,10.4118572080,,-1.7507602670,-1.3782879288,,-3.1099726225,,,,,JA,EN,10.4118572080,明顯落單,13.0000000000
GS5-145,5,EN JA P2 R S2,True,-3.9994811851,,10.3866051230,,-1.9494003358,-1.3580781843,,,-3.0796454177,,,,JA,EN,10.3866051230,明顯落單,14.0000000000
GS5-146,5,EN JA P2 R W1,True,-4.0757777446,,8.7570524372,,-2.7141685736,-1.5277932270,,,,-0.4393128920,,,JA,EN,8.7570524372,明顯落單,74.0000000000
GS5-147,5,EN JA P2 R W2,True,-4.2558219099,,8.5834157543,,-2.8134977391,-1.5683331209,,,,,0.0542370155,,JA,EN,8.5834157543,明顯落單,77.0000000000
GS5-148,5,EN JA P2 R ZH,True,-4.4643695106,,6.1494202487,,-3.3102784721,-2.1813256985,,,,,,3.8065534326,JA,EN,6.1494202487,中間,295.0000000000
GS5-149,5,EN JA P2 RU S1,True,-4.4550590876,,6.8799313969,,-3.0246514395,,4.2178350928,-3.6180559626,,,,,JA,EN,6.8799313969,明顯落單,210.0000000000
GS5-150,5,EN JA P2 RU S2,True,-4.2762305906,,6.8601526043,,-3.2178182159,,4.2298348986,,-3.5959386964,,,,JA,EN,6.8601526043,明顯落單,212.0000000000
GS5-151,5,EN JA P2 RU W1,True,-3.8311737264,,5.7519533422,,-3.4612330300,,3.2780897205,,,-1.7376363062,,,JA,EN,5.7519533422,中間,354.0000000000
GS5-152,5,EN JA P2 RU W2,True,-3.9347531557,,5.6547813953,,-3.4840974595,,3.1228527226,,,,-1.3587835027,,JA,EN,5.6547813953,中間,367.0000000000
GS5-153,5,EN JA P2 RU ZH,True,-3.5918660924,,3.7722205537,,-3.4294435285,,1.6827081490,,,,,1.5663809183,JA,EN,3.7722205537,對稱,624.0000000000
GS5-154,5,EN JA P2 S1 S2,True,-3.8497231087,,11.0430282998,,-1.5558157376,,,-2.8238034569,-2.8136859965,,,,JA,EN,11.0430282998,明顯落單,8.0000000000
GS5-155,5,EN JA P2 S1 W1,True,-3.9507292983,,9.3887659839,,-2.3452936055,,,-2.9564540544,,-0.1362890258,,,JA,EN,9.3887659839,明顯落單,37.0000000000
GS5-156,5,EN JA P2 S1 W2,True,-4.0974067607,,9.2484960039,,-2.4112560682,,,-3.0470440025,,,0.3072108275,,JA,EN,9.2484960039,明顯落單,43.0000000000
GS5-157,5,EN JA P2 S2 W1,True,-3.7089652464,,9.4319227463,,-2.4755248269,,,,-3.0287401207,-0.2186925524,,,JA,EN,9.4319227463,明顯落單,35.0000000000
GS5-158,5,EN JA P2 S2 W2,True,-3.9004680341,,9.2468274410,,-2.5863126148,,,,-3.0520920809,,0.2920452888,,JA,EN,9.2468274410,明顯落單,44.0000000000
GS5-159,5,EN JA P2 S2 ZH,True,-4.2307078133,,6.6911397568,,-3.2047855264,,,,-3.4825463907,,,4.2268999736,JA,EN,6.6911397568,明顯落單,235.0000000000
GS5-160,5,EN JA P2 W1 W2,True,-2.9297011225,,8.6643382262,,-2.3040173815,,,,,-1.9823547618,-1.4482649604,,JA,EN,8.6643382262,明顯落單,75.0000000000
GS5-161,5,EN JA P2 W1 ZH,True,-3.7447098805,,5.6238815634,,-3.4072592718,,,,,-1.6856556036,,3.2137431925,JA,EN,5.6238815634,中間,370.0000000000
GS5-162,5,EN JA P2 W2 ZH,True,-3.8210641619,,5.5539347644,,-3.4028985535,,,,,,-1.3476405218,3.0176684728,JA,EN,5.5539347644,中間,378.0000000000
GS5-163,5,EN JA R RU S1,True,-4.7390163410,,6.8567114357,,,-2.4488252673,4.4211889268,-4.0900587542,,,,,JA,EN,6.8567114357,明顯落單,214.0000000000
GS5-164,5,EN JA R RU S2,True,-4.6477277694,,6.7493927178,,,-2.5106821557,4.3456488074,,-3.9366316001,,,,JA,EN,6.7493927178,明顯落單,228.0000000000
GS5-165,5,EN JA R RU W1,True,-4.4406921833,,5.4031721776,,,-2.3970650527,3.1558823512,,,-1.7212972928,,,JA,EN,5.4031721776,中間,403.0000000000
GS5-166,5,EN JA R RU W2,True,-4.5677873212,,5.2824845221,,,-2.3846559192,2.9771296446,,,,-1.3071709263,,JA,EN,5.2824845221,中間,424.0000000000
GS5-167,5,EN JA R RU ZH,True,-4.1784155201,,3.4464084183,,,-2.3997290950,1.5834698088,,,,,1.5482663880,JA,EN,3.4464084183,對稱,666.0000000000
GS5-168,5,EN JA R S1 S2,True,-3.9510776372,,11.2024110636,,,-1.2538936529,,-3.1132035236,-2.8842362499,,,,JA,EN,11.2024110636,明顯落單,6.0000000000
GS5-169,5,EN JA R S1 W1,True,-4.2901051048,,9.3101274696,,,-1.6863396036,,-3.4838753991,,0.1501926379,,,JA,EN,9.3101274696,明顯落單,39.0000000000
GS5-170,5,EN JA R S1 W2,True,-4.4602982759,,9.1463417810,,,-1.7170285033,,-3.5979810559,,,0.6289660542,,JA,EN,9.1463417810,明顯落單,51.0000000000
GS5-171,5,EN JA R S1 ZH,True,-4.7504216547,,6.6307704972,,,-2.4115968590,,-3.9723981218,,,,4.5036461384,JA,EN,6.6307704972,明顯落單,244.0000000000
GS5-172,5,EN JA R S2 W1,True,-4.1358809782,,9.2657443067,,,-1.6852609370,,,-3.4248515775,-0.0197508140,,,JA,EN,9.2657443067,明顯落單,42.0000000000
GS5-173,5,EN JA R S2 W2,True,-4.3508994746,,9.0571332927,,,-1.7607751620,,,-3.4717192463,,0.5262605902,,JA,EN,9.0571332927,明顯落單,56.0000000000
GS5-174,5,EN JA R S2 ZH,True,-4.6346545160,,6.5479303464,,,-2.4489751803,,,-3.8556888183,,,4.3913881682,JA,EN,6.5479303464,明顯落單,253.0000000000
GS5-175,5,EN JA R W1 W2,True,-3.6181538411,,8.2366227999,,,-1.1214480116,,,,-2.0449500101,-1.4520709371,,JA,EN,8.2366227999,明顯落單,95.0000000000
GS5-176,5,EN JA R W1 ZH,True,-4.3866778612,,5.2426508749,,,-2.2944170086,,,,-1.7017661141,,3.1402101090,JA,EN,5.2426508749,中間,430.0000000000
GS5-177,5,EN JA R W2 ZH,True,-4.4865478513,,5.1491883673,,,-2.2547827273,,,,,-1.3284774693,2.9206196807,JA,EN,5.1491883673,中間,444.0000000000
GS5-178,5,EN JA RU S1 S2,True,-4.5341501757,,7.3696354119,,,,4.7935041296,-3.9221367042,-3.7068526616,,,,JA,EN,7.3696354119,明顯落單,154.0000000000
GS5-179,5,EN JA RU S1 W1,True,-4.3518242196,,5.9987052416,,,,3.5790280433,-3.7714551561,,-1.4544539093,,,JA,EN,5.9987052416,中間,324.0000000000
GS5-180,5,EN JA RU S1 W2,True,-4.4455526547,,5.9113842889,,,,3.4336420396,-3.8090960769,,,-1.0903775970,,JA,EN,5.9113842889,中間,331.0000000000
GS5-181,5,EN JA RU S1 ZH,True,-4.1842413695,,3.9472476692,,,,1.9119216879,-3.6320784787,,,,1.9571504911,JA,EN,3.9472476692,對稱,603.0000000000
GS5-182,5,EN JA RU S2 W1,True,-4.1921268006,,5.9597953712,,,,3.5718967713,,-3.7206412730,-1.6189240688,,,JA,EN,5.9597953712,中間,327.0000000000
GS5-183,5,EN JA RU S2 W2,True,-4.3306805610,,5.8276490932,,,,3.3816854423,,-3.6910442059,,-1.1876097686,,JA,EN,5.8276490932,中間,344.0000000000
GS5-184,5,EN JA RU S2 ZH,True,-4.0630009384,,3.8698808109,,,,1.8663334280,,-3.5235791139,,,1.8503658134,JA,EN,3.8698808109,對稱,616.0000000000
GS5-185,5,EN JA RU W1 W2,True,-3.0765815038,,5.5284920240,,,,3.2389824572,,,-3.0463051052,-2.6445878722,,JA,EN,5.5284920240,中間,380.0000000000
GS5-186,5,EN JA RU W1 ZH,True,-3.2936708599,,3.0859547630,,,,1.2388614641,,,-2.1516865452,,1.1205411779,JA,EN,3.0859547630,對稱,693.0000000000
GS5-187,5,EN JA RU W2 ZH,True,-3.3170761140,,3.0689569914,,,,1.1637986414,,,,-1.8930950044,0.9774154856,JA,EN,3.0689569914,對稱,695.0000000000
GS5-188,5,EN JA S1 S2 W1,True,-3.9597824611,,9.9485079243,,,,,-3.1904968706,-3.1325517156,0.3343231230,,,JA,EN,9.9485079243,明顯落單,21.0000000000
GS5-189,5,EN JA S1 S2 W2,True,-4.1414342546,,9.7732636131,,,,,-3.3160611499,-3.1460526816,,0.8302844730,,JA,EN,9.7732636131,明顯落單,25.0000000000
GS5-190,5,EN JA S1 S2 ZH,True,-4.5532498120,,7.1360001509,,,,,-3.8121703943,-3.6580827695,,,4.8875028249,JA,EN,7.1360001509,明顯落單,181.0000000000
GS5-191,5,EN JA S1 W1 W2,True,-3.4333982512,,8.9280434903,,,,,-2.6396695544,,-1.6822190003,-1.1727566843,,JA,EN,8.9280434903,明顯落單,63.0000000000
GS5-192,5,EN JA S1 W1 ZH,True,-4.3299827872,,5.8060110493,,,,,-3.6205477775,,-1.4670956202,,3.6116151357,JA,EN,5.8060110493,中間,347.0000000000
GS5-193,5,EN JA S1 W2 ZH,True,-4.3964860745,,5.7459152445,,,,,-3.6309635505,,,-1.1438570297,3.4253914102,JA,EN,5.7459152445,中間,355.0000000000
GS5-194,5,EN JA S2 W1 W2,True,-3.2555906025,,8.9072438495,,,,,,-2.6160210159,-1.8285789301,-1.2070533009,,JA,EN,8.9072438495,明顯落單,65.0000000000
GS5-195,5,EN JA S2 W1 ZH,True,-4.1458068011,,5.7915797459,,,,,,-3.6064517452,-1.6070872126,,3.5677660130,JA,EN,5.7915797459,中間,350.0000000000
GS5-196,5,EN JA S2 W2 ZH,True,-4.2571354136,,5.6866586158,,,,,,-3.5496295302,,-1.2166106342,3.3367169622,JA,EN,5.6866586158,中間,364.0000000000
GS5-197,5,EN JA W1 W2 ZH,True,-2.9620952878,,5.4284426153,,,,,,,-2.9663020325,-2.6326476691,3.1326023740,JA,W1,5.4284426153,中間,400.0000000000
GS5-198,5,EN P1 P2 R RU,True,-3.0733210546,,,-3.6489169956,-1.8651102612,-0.1768439561,8.7641922674,,,,,,RU,P1,8.7641922674,明顯落單,73.0000000000
GS5-199,5,EN P1 P2 R S1,True,-1.4750561097,,,-1.4280706472,0.9686496800,1.9815593594,,-0.0470822825,,,,,R,EN,1.9815593594,對稱,741.0000000000
GS5-200,5,EN P1 P2 R S2,True,-1.2790779736,,,-1.4872571297,0.7926325429,2.0243920356,,,-0.0506894752,,,,R,P1,2.0243920356,對稱,738.0000000000
GS5-201,5,EN P1 P2 R W1,True,-1.8293418722,,,-2.4058588068,-0.4461030340,1.3807096538,,,,3.3005940592,,,W1,P1,3.3005940592,對稱,678.0000000000
GS5-202,5,EN P1 P2 R ZH,True,-3.1498758809,,,-3.6155776312,-1.9741551753,-0.2047650604,,,,,,8.9443737478,ZH,P1,8.9443737478,明顯落單,60.0000000000
GS5-203,5,EN P1 P2 RU S1,True,-2.8920107524,,,-3.2578985412,-1.4399734372,,9.2797802981,-1.6898975673,,,,,RU,P1,9.2797802981,明顯落單,41.0000000000
GS5-204,5,EN P1 P2 RU S2,True,-2.6905593238,,,-3.3116117313,-1.6105172819,,9.3144030356,,-1.7017146986,,,,RU,P1,9.3144030356,明顯落單,38.0000000000
GS5-205,5,EN P1 P2 RU W1,True,-2.7194697987,,,-3.7088599847,-2.3278994352,,7.8886905183,,,0.8675387003,,,RU,P1,7.8886905183,明顯落單,111.0000000000
GS5-206,5,EN P1 P2 RU W2,True,-2.8992216558,,,-3.6917732899,-2.4269362925,,7.6572810926,,,,1.3606501456,,RU,P1,7.6572810926,明顯落單,127.0000000000
GS5-207,5,EN P1 P2 RU ZH,True,-3.4121044074,,,-4.2906794092,-3.2280521764,,5.3613667041,,,,,5.5694692888,ZH,P1,5.5694692888,中間,375.0000000000
GS5-208,5,EN P1 P2 S1 S2,True,-1.0105371178,,,-1.0090081219,1.3049999204,,,0.3804925941,0.3340527252,,,,P2,EN,1.3049999204,對稱,759.0000000000
GS5-209,5,EN P1 P2 S1 W1,True,-1.5855106466,,,-1.9523194290,0.0415547134,,,-0.2261253426,,3.7224007048,,,W1,P1,3.7224007048,對稱,631.0000000000
GS5-210,5,EN P1 P2 S1 W2,True,-1.8083605368,,,-1.9783307673,-0.1005801771,,,-0.3928877185,,,4.2801591998,,W2,P1,4.2801591998,對稱,556.0000000000
GS5-211,5,EN P1 P2 S1 ZH,True,-3.0007384683,,,-3.2567320666,-1.5811912409,,,-1.6695593371,,,,9.5082211130,ZH,P1,9.5082211130,明顯落單,30.0000000000
GS5-212,5,EN P1 P2 S2 W1,True,-1.3211236630,,,-1.9430970641,-0.0660535763,,,,-0.3323458064,3.6626201098,,,W1,P1,3.6626201098,對稱,639.0000000000
GS5-213,5,EN P1 P2 S2 W2,True,-1.5887988785,,,-2.0139337277,-0.2530137921,,,,-0.4318701944,,4.2876165928,,W2,P1,4.2876165928,對稱,555.0000000000
GS5-214,5,EN P1 P2 S2 ZH,True,-2.7748084726,,,-3.2859666896,-1.7272565186,,,,-1.7180943191,,,9.5061259999,ZH,P1,9.5061259999,明顯落單,32.0000000000
GS5-215,5,EN P1 P2 W1 W2,True,-1.0919993061,,,-1.8854719337,-0.4446858980,,,,,1.3488181334,2.0733390044,,W2,P1,2.0733390044,對稱,736.0000000000
GS5-216,5,EN P1 P2 W1 ZH,True,-2.7627778789,,,-3.6422738743,-2.4036976031,,,,,0.7897474768,,8.0190018795,ZH,P1,8.0190018795,明顯落單,102.0000000000
GS5-217,5,EN P1 P2 W2 ZH,True,-2.9153045882,,,-3.5979620316,-2.4755093126,,,,,,1.2420212003,7.7467547321,ZH,P1,7.7467547321,明顯落單,119.0000000000
GS5-218,5,EN P1 R RU S1,True,-3.4321429423,,,-2.8968560977,,-0.4798848603,9.2269591957,-2.4180752954,,,,,RU,EN,9.2269591957,明顯落單,46.0000000000
GS5-219,5,EN P1 R RU S2,True,-3.3182314390,,,-3.0381092131,,-0.5191188170,9.1740420079,,-2.2985825388,,,,RU,EN,9.1740420079,明顯落單,49.0000000000
GS5-220,5,EN P1 R RU W1,True,-3.5851631921,,,-3.6733787445,,-0.8794690531,7.5103082125,,,0.6277027772,,,RU,P1,7.5103082125,明顯落單,137.0000000000
GS5-221,5,EN P1 R RU W2,True,-3.7884307578,,,-3.6798077583,,-0.9432323475,7.2553830782,,,,1.1560877855,,RU,EN,7.2553830782,明顯落單,171.0000000000
GS5-222,5,EN P1 R RU ZH,True,-4.2548287715,,,-4.2322291398,,-1.8140753381,5.0059534275,,,,,5.2951798220,ZH,EN,5.2951798220,中間,420.0000000000
GS5-223,5,EN P1 R S1 S2,True,-1.3680665828,,,-0.4653629534,,1.9911844099,,-0.1650824091,0.0073275354,,,,R,EN,1.9911844099,對稱,740.0000000000
GS5-224,5,EN P1 R S1 W1,True,-2.1810613896,,,-1.6466955385,,1.0847711200,,-1.0097216238,,3.7527074320,,,W1,EN,3.7527074320,對稱,628.0000000000
GS5-225,5,EN P1 R S1 W2,True,-2.4274269885,,,-1.6962225855,,0.9779097925,,-1.1999997084,,,4.3457394900,,W2,EN,4.3457394900,對稱,548.0000000000
GS5-226,5,EN P1 R S1 ZH,True,-3.5733201822,,,-2.9281391469,,-0.5724283781,,-2.4301865892,,,,9.5040742964,ZH,EN,9.5040742964,明顯落單,33.0000000000
GS5-227,5,EN P1 R S2 W1,True,-2.0042143313,,,-1.7250130990,,1.1084727182,,,-0.9846321997,3.6053869117,,,W1,EN,3.6053869117,對稱,648.0000000000
GS5-228,5,EN P1 R S2 W2,True,-2.2954052555,,,-1.8193654712,,0.9567860654,,,-1.1076722963,,4.2656569576,,W2,EN,4.2656569576,對稱,558.0000000000
GS5-229,5,EN P1 R S2 ZH,True,-3.4349301118,,,-3.0449136952,,-0.5871837678,,,-2.3474116832,,,9.4144392580,ZH,EN,9.4144392580,明顯落單,36.0000000000
GS5-230,5,EN P1 R W1 W2,True,-2.0366269612,,,-1.9289249553,,1.1221458766,,,,1.0300479486,1.8133580912,,W2,EN,1.8133580912,對稱,746.0000000000
GS5-231,5,EN P1 R W1 ZH,True,-3.6609207961,,,-3.6392421580,,-0.9065929352,,,,0.5174620298,,7.6892938596,ZH,EN,7.6892938596,明顯落單,124.0000000000
GS5-232,5,EN P1 R W2 ZH,True,-3.8369632140,,,-3.6184460239,,-0.9431310817,,,,,1.0050093163,7.3935310035,ZH,EN,7.3935310035,明顯落單,149.0000000000
GS5-233,5,EN P1 RU S1 S2,True,-3.0858710660,,,-2.5960406880,,,9.7406801094,-2.1087475344,-1.9500208210,,,,RU,EN,9.7406801094,明顯落單,26.0000000000
GS5-234,5,EN P1 RU S1 W2,True,-3.5474133120,,,-3.2290821604,,,7.8306782525,-2.5458466741,,,1.4916638941,,RU,EN,7.8306782525,明顯落單,114.0000000000
GS5-235,5,EN P1 RU S1 ZH,True,-4.1418718417,,,-3.9095640579,,,5.4531880859,-3.2245988908,,,,5.8228467045,ZH,EN,5.8228467045,中間,345.0000000000
GS5-236,5,EN P1 RU S2 W1,True,-3.1951920984,,,-3.3288641175,,,8.0677283436,,-2.4151538400,0.8714817122,,,RU,P1,8.0677283436,明顯落單,101.0000000000
GS5-237,5,EN P1 RU S2 W2,True,-3.4099182866,,,-3.3467517537,,,7.8013445868,,-2.4617292006,,1.4170546541,,RU,EN,7.8013445868,明顯落單,115.0000000000
GS5-238,5,EN P1 RU S2 ZH,True,-3.9980084789,,,-4.0208653137,,,5.4302227576,,-3.1500339235,,,5.7386849585,ZH,P1,5.7386849585,中間,357.0000000000
GS5-239,5,EN P1 RU W1 W2,True,-2.6297865686,,,-2.9349578141,,,7.1846742625,,,-1.1060390912,-0.5138907886,,RU,P1,7.1846742625,明顯落單,177.0000000000
GS5-240,5,EN P1 RU W1 ZH,True,-3.7026457395,,,-4.0938403528,,,4.3287834546,,,-1.0671903460,,4.5348929838,ZH,P1,4.5348929838,對稱,522.0000000000
GS5-241,5,EN P1 RU W2 ZH,True,-3.8022234214,,,-3.9965794828,,,4.1775482041,,,,-0.6943401635,4.3155948636,ZH,P1,4.3155948636,對稱,553.0000000000
GS5-242,5,EN P1 S1 S2 W1,True,-1.7093330349,,,-1.2204236504,,,,-0.5749373844,-0.5735495585,4.0782436281,,,W1,EN,4.0782436281,對稱,582.0000000000
GS5-243,5,EN P1 S1 S2 W2,True,-1.9671572562,,,-1.2814093198,,,,-0.7766740914,-0.6632229523,,4.6884636198,,W2,EN,4.6884636198,中間,504.0000000000
GS5-244,5,EN P1 S1 S2 ZH,True,-3.2347426284,,,-2.6350180598,,,,-2.1285531507,-2.0310228551,,,10.0293366940,ZH,EN,10.0293366940,明顯落單,17.0000000000
GS5-245,5,EN P1 S1 W1 W2,True,-1.7330885920,,,-1.4156784339,,,,-0.5742498351,,1.5115617377,2.2114551233,,W2,EN,2.2114551233,對稱,732.0000000000
GS5-246,5,EN P1 S1 W1 ZH,True,-3.4854429428,,,-3.2540561526,,,,-2.4108978731,,0.8709153030,,8.2794816655,ZH,EN,8.2794816655,明顯落單,89.0000000000
GS5-247,5,EN P1 S1 W2 ZH,True,-3.6281186579,,,-3.1998933157,,,,-2.4974860738,,,1.3084125352,8.0170855123,ZH,EN,8.0170855123,明顯落單,103.0000000000
GS5-248,5,EN P1 S2 W1 W2,True,-1.5326580116,,,-1.4704124722,,,,,-0.5845356941,1.3878247396,2.1997814383,,W2,EN,2.1997814383,對稱,733.0000000000
GS5-249,5,EN P1 S2 W1 ZH,True,-3.2786440250,,,-3.3024218535,,,,,-2.4307362382,0.7535466422,,8.2582554745,ZH,P1,8.2582554745,明顯落單,92.0000000000
GS5-250,5,EN P1 S2 W2 ZH,True,-3.4661450654,,,-3.2930843419,,,,,-2.4500864510,,1.2582818624,7.9510339959,ZH,EN,7.9510339959,明顯落單,108.0000000000
GS5-251,5,EN P1 W1 W2 ZH,True,-2.6450722787,,,-2.8403493336,,,,,,-1.1558079446,-0.6317225117,7.2729520686,ZH,P1,7.2729520686,明顯落單,167.0000000000
GS5-252,5,EN P2 R RU S2,True,-3.4924327249,,,,-1.5533611775,-0.7354652308,8.3789003709,,-2.5976412376,,,,RU,EN,8.3789003709,明顯落單,85.0000000000
GS5-253,5,EN P2 R RU W1,True,-3.6313109180,,,,-2.3807110489,-0.9677619070,6.8432201354,,,0.1365637385,,,RU,EN,6.8432201354,明顯落單,215.0000000000
GS5-254,5,EN P2 R RU ZH,True,-4.1736431708,,,,-3.1305614342,-1.7750348653,4.4661986771,,,,,4.6130407932,ZH,EN,4.6130407932,對稱,511.0000000000
GS5-255,5,EN P2 R S1 S2,True,-1.7874333059,,,,1.3871332379,1.5296725589,,-0.5924758904,-0.5368966006,,,,R,EN,1.5296725589,對稱,755.0000000000
GS5-256,5,EN P2 R S1 W1,True,-2.4723745527,,,,0.0137203128,0.7513128290,,-1.3090615452,,3.0164029561,,,W1,EN,3.0164029561,對稱,699.0000000000
GS5-257,5,EN P2 R S1 W2,True,-2.6722907307,,,,-0.1054808655,0.6909009223,,-1.4528902089,,,3.5397608828,,W2,EN,3.5397608828,對稱,655.0000000000
GS5-258,5,EN P2 R S1 ZH,True,-3.7373000186,,,,-1.4587232856,-0.7785533425,,-2.6021931838,,,,8.5767698305,ZH,EN,8.5767698305,明顯落單,79.0000000000
GS5-259,5,EN P2 R S2 W1,True,-2.2487952326,,,,-0.1346956404,0.8217466891,,,-1.3540705138,2.9158146977,,,W1,EN,2.9158146977,對稱,706.0000000000
GS5-260,5,EN P2 R S2 W2,True,-2.4935367359,,,,-0.2987221440,0.7165094571,,,-1.4306611896,,3.5064106123,,W2,EN,3.5064106123,對稱,658.0000000000
GS5-261,5,EN P2 R S2 ZH,True,-3.5521776863,,,,-1.6455962267,-0.7465764702,,,-2.5895166706,,,8.5338670539,ZH,EN,8.5338670539,明顯落單,80.0000000000
GS5-262,5,EN P2 R W1 W2,True,-2.1067048816,,,,-0.6003619679,1.0099228283,,,,0.5149787154,1.1821653058,,W2,EN,1.1821653058,對稱,760.0000000000
GS5-263,5,EN P2 R W1 ZH,True,-3.6501148108,,,,-2.4320050294,-0.9379320778,,,,0.0832767024,,6.9367752155,ZH,EN,6.9367752155,明顯落單,207.0000000000
GS5-264,5,EN P2 R W2 ZH,True,-3.7797078078,,,,-2.4808830266,-0.9280208034,,,,,0.5011498576,6.6874617802,ZH,EN,6.6874617802,明顯落單,237.0000000000
GS5-265,5,EN P2 RU S1 S2,True,-3.2737196998,,,,-1.0908216306,,8.9318911245,-2.3046229264,-2.2627268677,,,,RU,EN,8.9318911245,明顯落單,62.0000000000
GS5-266,5,EN P2 RU S1 W1,True,-3.4373075229,,,,-1.9428811320,,7.3715012591,-2.4998551576,,0.5085425535,,,RU,EN,7.3715012591,明顯落單,152.0000000000
GS5-267,5,EN P2 RU S1 W2,True,-3.5607589650,,,,-1.9856175743,,7.1963922484,-2.5672190853,,,0.9172033762,,RU,EN,7.1963922484,明顯落單,175.0000000000
GS5-268,5,EN P2 RU S1 ZH,True,-4.0743335888,,,,-2.7874253305,,4.8997859876,-3.1650873962,,,,5.1270603279,ZH,EN,5.1270603279,中間,447.0000000000
GS5-269,5,EN P2 RU S2 W1,True,-3.2082549104,,,,-2.0858237928,,7.4337251805,,-2.5530740648,0.4134275875,,,RU,EN,7.4337251805,明顯落單,141.0000000000
GS5-270,5,EN P2 RU S2 W2,True,-3.3765316777,,,,-2.1733855604,,7.2137908446,,-2.5532000046,,0.8893263981,,RU,EN,7.2137908446,明顯落單,174.0000000000
GS5-271,5,EN P2 RU S2 ZH,True,-3.8837379641,,,,-2.9688249791,,4.9235529212,,-3.1606208217,,,5.0896308437,ZH,EN,5.0896308437,中間,455.0000000000
GS5-272,5,EN P2 RU W1 W2,True,-2.4683463997,,,,-1.9536719607,,6.7251740802,,,-1.3895902351,-0.9135654847,,RU,EN,6.7251740802,明顯落單,231.0000000000
GS5-273,5,EN P2 RU W1 ZH,True,-3.4603216649,,,,-3.2338803581,,3.9501671782,,,-1.2698575841,,4.0138924289,ZH,EN,4.0138924289,對稱,589.0000000000
GS5-274,5,EN P2 RU W2 ZH,True,-3.5134499259,,,,-3.2062936194,,3.8453813485,,,,-0.9666815329,3.8410437297,RU,EN,3.8453813485,對稱,621.0000000000
GS5-275,5,EN P2 S1 S2 W1,True,-1.9675612840,,,,0.3903648300,,,-0.8411923917,-0.9566352205,3.3750240662,,,W1,EN,3.3750240662,對稱,674.0000000000
GS5-276,5,EN P2 S1 S2 W2,True,-2.1789360845,,,,0.2597050292,,,-0.9964796779,-0.9998591934,,3.9155699266,,W2,EN,3.9155699266,對稱,609.0000000000
GS5-277,5,EN P2 S1 S2 ZH,True,-3.3656375508,,,,-1.2152295694,,,-2.2674748314,-2.2867751904,,,9.1351171421,ZH,EN,9.1351171421,明顯落單,52.0000000000
GS5-278,5,EN P2 S1 W1 W2,True,-1.8168138603,,,,-0.0666444248,,,-0.6660018617,,0.9828451567,1.5666149900,,W2,EN,1.5666149900,對稱,753.0000000000
GS5-279,5,EN P2 S1 W1 ZH,True,-3.4882843053,,,,-2.0263480022,,,-2.4217659938,,0.4230826278,,7.5133156736,ZH,EN,7.5133156736,明顯落單,136.0000000000
GS5-280,5,EN P2 S1 W2 ZH,True,-3.5845105995,,,,-2.0418592966,,,-2.4619047737,,,0.7909057287,7.2973689411,ZH,EN,7.2973689411,明顯落單,162.0000000000
GS5-281,5,EN P2 S2 W1 W2,True,-1.5696510180,,,,-0.1914768559,,,,-0.7463861135,0.9058404204,1.6016735669,,W2,EN,1.6016735669,對稱,751.0000000000
GS5-282,5,EN P2 S2 W1 ZH,True,-3.2347531257,,,,-2.1448120958,,,,-2.5117027517,0.3524462289,,7.5388217444,ZH,EN,7.5388217444,明顯落單,135.0000000000
GS5-283,5,EN P2 S2 W2 ZH,True,-3.3758047451,,,,-2.2051487156,,,,-2.4846035437,,0.7875073177,7.2780496867,ZH,EN,7.2780496867,明顯落單,165.0000000000
GS5-284,5,EN P2 W1 W2 ZH,True,-2.4266783985,,,,-1.9444940472,,,,,-1.3824053772,-0.9744434964,6.7280213193,ZH,EN,6.7280213193,明顯落單,230.0000000000
GS5-285,5,EN R RU S1 S2,True,-3.4657037464,,,,,-0.6529552687,9.2272181655,-2.6846525112,-2.4239066392,,,,RU,EN,9.2272181655,明顯落單,45.0000000000
GS5-286,5,EN R RU S1 W1,True,-3.8673128476,,,,,-1.1479828530,7.4288070219,-3.1179060204,,0.7043946991,,,RU,EN,7.4288070219,明顯落單,142.0000000000
GS5-287,5,EN R RU S1 ZH,True,-4.4813698843,,,,,-2.0269805952,4.9800607797,-3.7601692299,,,,5.2884589297,ZH,EN,5.2884589297,中間,422.0000000000
GS5-288,5,EN R RU S2 W1,True,-3.7258001603,,,,,-1.1596156258,7.4034910181,,-3.0398150397,0.5217398077,,,RU,EN,7.4034910181,明顯落單,147.0000000000
GS5-289,5,EN R RU S2 W2,True,-3.9175926363,,,,,-1.2119038304,7.1600409735,,-3.0634566881,,1.0329121814,,RU,EN,7.1600409735,明顯落單,179.0000000000
GS5-290,5,EN R RU S2 ZH,True,-4.3783141849,,,,,-2.0770703559,4.9162877880,,-3.6243927673,,,5.1634895202,ZH,EN,5.1634895202,中間,442.0000000000
GS5-291,5,EN R RU W1 W2,True,-3.2474286364,,,,,-0.6351583136,6.4334029311,,,-1.5428150016,-1.0080009795,,RU,EN,6.4334029311,中間,264.0000000000
GS5-292,5,EN R RU W1 ZH,True,-4.1929191637,,,,,-1.9850938178,3.7048807668,,,-1.3765976127,,3.8497298274,ZH,EN,3.8497298274,對稱,619.0000000000
GS5-293,5,EN R RU W2 ZH,True,-4.2695631334,,,,,-1.9222335161,3.5765792286,,,,-1.0381479986,3.6533654195,ZH,EN,3.6533654195,對稱,641.0000000000
GS5-294,5,EN R S1 S2 W1,True,-2.2149638837,,,,,0.9113590216,,-1.2766405296,-1.1732335450,3.7534789368,,,W1,EN,3.7534789368,對稱,627.0000000000
GS5-295,5,EN R S1 S2 W2,True,-2.4498543928,,,,,0.8159727838,,-1.4554435245,-1.2399732266,,4.3292983601,,W2,EN,4.3292983601,對稱,552.0000000000
GS5-296,5,EN R S1 S2 ZH,True,-3.5900711213,,,,,-0.7286889216,,-2.6799539401,-2.4804044858,,,9.4791184688,ZH,EN,9.4791184688,明顯落單,34.0000000000
GS5-297,5,EN R S1 W1 W2,True,-2.3257534466,,,,,0.8466552468,,-1.3629869863,,1.0997630406,1.7423221455,,W2,EN,1.7423221455,對稱,747.0000000000
GS5-298,5,EN R S1 W1 ZH,True,-3.9507391539,,,,,-1.1827754373,,-3.0722663806,,0.5864852495,,7.6192957223,ZH,EN,7.6192957223,明顯落單,130.0000000000
GS5-299,5,EN R S1 W2 ZH,True,-4.0704811567,,,,,-1.1630131688,,-3.1359208691,,,0.9895819133,7.3798332812,ZH,EN,7.3798332812,明顯落單,151.0000000000
GS5-300,5,EN R S2 W1 W2,True,-2.1661305297,,,,,0.8531327038,,,-1.3120613501,0.9352183789,1.6898407971,,W2,EN,1.6898407971,對稱,749.0000000000
GS5-301,5,EN R S2 W1 ZH,True,-3.7847478995,,,,,-1.1699296430,,,-3.0308932505,0.4283089252,,7.5572618678,ZH,EN,7.5572618678,明顯落單,134.0000000000
GS5-302,5,EN R S2 W2 ZH,True,-3.9493152277,,,,,-1.1949926997,,,-3.0273097511,,0.8986435771,7.2729741014,ZH,EN,7.2729741014,明顯落單,166.0000000000
GS5-303,5,EN R W1 W2 ZH,True,-3.2382101591,,,,,-0.5773061143,,,,-1.5680796675,-1.1013285151,6.4849244560,ZH,EN,6.4849244560,中間,259.0000000000
GS5-304,5,EN RU S1 S2 W2,True,-3.6391724676,,,,,,7.7727388707,-2.8706222414,-2.6688351746,,1.4058910129,,RU,EN,7.7727388707,明顯落單,116.0000000000
GS5-305,5,EN RU S1 S2 ZH,True,-4.2279545321,,,,,,5.4009251693,-3.5436979930,-3.3578317698,,,5.7285591256,ZH,EN,5.7285591256,中間,359.0000000000
GS5-306,5,EN RU S1 W1 W2,True,-2.9937180978,,,,,,7.0213911983,-2.2568122795,,-1.1111290430,-0.6597317780,,RU,EN,7.0213911983,明顯落單,195.0000000000
GS5-307,5,EN RU S1 W1 ZH,True,-4.0672691410,,,,,,4.1648085181,-3.4146570098,,-1.0729721701,,4.3900898028,ZH,EN,4.3900898028,對稱,540.0000000000
GS5-308,5,EN RU S1 W2 ZH,True,-4.1105464078,,,,,,4.0698736827,-3.4018467624,,,-0.7845726102,4.2270920977,ZH,EN,4.2270920977,對稱,563.0000000000
GS5-309,5,EN RU S2 W1 W2,True,-2.8286218884,,,,,,7.0196587165,,-2.2140965820,-1.2702004122,-0.7067398340,,RU,EN,7.0196587165,明顯落單,196.0000000000
GS5-310,5,EN RU S2 W1 ZH,True,-3.8958045942,,,,,,4.1694443738,,-3.3814938184,-1.2256752019,,4.3335292407,ZH,EN,4.3335292407,對稱,549.0000000000
GS5-311,5,EN RU S2 W2 ZH,True,-3.9839071864,,,,,,4.0296842130,,-3.3014455830,,-0.8700376540,4.1257062103,ZH,EN,4.1257062103,對稱,577.0000000000
GS5-312,5,EN RU W1 W2 ZH,True,-2.7514486941,,,,,,3.8653406630,,,-2.6242456350,-2.3486563225,3.8590099886,RU,EN,3.8653406630,對稱,617.0000000000
GS5-313,5,EN S1 S2 W1 W2,True,-1.8251894375,,,,,,,-0.8993670924,-0.8549189131,1.4541348910,2.1253405521,,W2,EN,2.1253405521,對稱,735.0000000000
GS5-314,5,EN S1 S2 W1 ZH,True,-3.5718673233,,,,,,,-2.7303386653,-2.7018113295,0.8191649214,,8.1848523967,ZH,EN,8.1848523967,明顯落單,100.0000000000
GS5-315,5,EN S1 S2 W2 ZH,True,-3.7030679486,,,,,,,-2.8054517763,-2.6648611273,,1.2394495190,7.9339313331,ZH,EN,7.9339313331,明顯落單,109.0000000000
GS5-316,5,EN S1 W1 W2 ZH,True,-3.0166725101,,,,,,,-2.1507007457,,-1.1685665986,-0.7852322033,7.1211720577,ZH,EN,7.1211720577,明顯落單,183.0000000000
GS5-317,5,EN S2 W1 W2 ZH,True,-2.8270977336,,,,,,,,-2.1447028988,-1.3031594007,-0.8077616921,7.0827217253,ZH,EN,7.0827217253,明顯落單,187.0000000000
GS5-318,5,ES JA P1 P2 R,True,,2.4023271311,7.2564505528,-4.4261693779,-3.6178257959,-1.6147825101,,,,,,,JA,P1,7.2564505528,明顯落單,169.0000000000
GS5-319,5,ES JA P1 P2 RU,True,,0.2996903456,5.0628092062,-3.7829808626,-3.5534325039,,1.9739138147,,,,,,JA,P1,5.0628092062,中間,459.0000000000
GS5-320,5,ES JA P1 P2 S1,True,,2.6731105728,7.7698522811,-4.2097245978,-3.3672626462,,,-2.8659756099,,,,,JA,P1,7.7698522811,明顯落單,117.0000000000
GS5-321,5,ES JA P1 P2 S2,True,,2.7886018436,7.8511889244,-4.1849452837,-3.4593139867,,,,-2.9955314975,,,,JA,P1,7.8511889244,明顯落單,113.0000000000
GS5-322,5,ES JA P1 P2 W1,True,,2.0321099047,6.8583793550,-3.9928365052,-3.5873391081,,,,,-1.3103136464,,,JA,P1,6.8583793550,明顯落單,213.0000000000
GS5-323,5,ES JA P1 P2 W2,True,,1.8648904672,6.6379699999,-4.0228147907,-3.7334409458,,,,,,-0.7466047306,,JA,P1,6.6379699999,明顯落單,243.0000000000
GS5-324,5,ES JA P1 P2 ZH,True,,0.7554521143,4.5922872563,-3.9290729972,-3.8419089168,,,,,,,2.4232425434,JA,P1,4.5922872563,對稱,514.0000000000
GS5-325,5,ES JA P1 R RU,True,,-0.0951445109,4.3873608659,-3.8179918617,,-1.9992637631,1.5250392697,,,,,,JA,P1,4.3873608659,對稱,541.0000000000
GS5-326,5,ES JA P1 R S2,True,,2.5763697120,7.3583433091,-4.0373535578,,-2.1790493333,,,-3.7183101300,,,,JA,P1,7.3583433091,明顯落單,156.0000000000
GS5-327,5,ES JA P1 R W1,True,,1.5818564951,6.1275124616,-4.0832660573,,-1.9500425376,,,,-1.6760603618,,,JA,P1,6.1275124616,中間,298.0000000000
GS5-328,5,ES JA P1 R W2,True,,1.3911213490,5.8835873979,-4.1367600515,,-2.0608708124,,,,,-1.0770778830,,JA,P1,5.8835873979,中間,333.0000000000
GS5-329,5,ES JA P1 R ZH,True,,0.3281677339,3.8843893921,-3.9965335201,,-2.2390658901,,,,,,2.0230422843,JA,P1,3.8843893921,對稱,613.0000000000
GS5-330,5,ES JA P1 RU S1,True,,0.1394584481,4.8645821116,-3.6377275643,,,1.8298731435,-3.1961861388,,,,,JA,P1,4.8645821116,中間,481.0000000000
GS5-331,5,ES JA P1 RU S2,True,,0.1728830860,4.8638521220,-3.6950148831,,,1.8609217523,,-3.2026420771,,,,JA,P1,4.8638521220,中間,482.0000000000
GS5-332,5,ES JA P1 RU W1,True,,-0.3002767072,4.1543746982,-3.2195739590,,,1.3078984125,,,-1.9424224445,,,JA,P1,4.1543746982,對稱,575.0000000000
GS5-333,5,ES JA P1 RU W2,True,,-0.4145471174,3.9869143704,-3.1966032172,,,1.0823730337,,,,-1.4581370696,,JA,P1,3.9869143704,對稱,593.0000000000
GS5-334,5,ES JA P1 RU ZH,True,,-0.9260660685,2.5391510287,-2.5049420218,,,0.0770259600,,,,,0.8148311016,JA,P1,2.5391510287,對稱,719.0000000000
GS5-335,5,ES JA P1 S1 S2,True,,2.8982032245,7.9227951082,-3.7698587069,,,,-3.5068175394,-3.5443220865,,,,JA,P1,7.9227951082,明顯落單,110.0000000000
GS5-336,5,ES JA P1 S1 W1,True,,1.8789803776,6.6672546307,-3.8404808365,,,,-3.2407462985,,-1.4650078732,,,JA,P1,6.6672546307,明顯落單,242.0000000000
GS5-337,5,ES JA P1 S1 W2,True,,1.7216119343,6.4566962698,-3.8606081279,,,,-3.4016246276,,,-0.9160754486,,JA,P1,6.4566962698,中間,261.0000000000
GS5-338,5,ES JA P1 S1 ZH,True,,0.5305978033,4.3294377481,-3.8484421124,,,,-3.3877289314,,,,2.3761354925,JA,P1,4.3294377481,對稱,551.0000000000
GS5-339,5,ES JA P1 S2 W1,True,,1.9753405704,6.7294601961,-3.8348326003,,,,,-3.3416055693,-1.5283625969,,,JA,P1,6.7294601961,明顯落單,229.0000000000
GS5-340,5,ES JA P1 S2 W2,True,,1.7731468018,6.4740765099,-3.8997852170,,,,,-3.4352459104,,-0.9121921843,,JA,P1,6.4740765099,中間,260.0000000000
GS5-341,5,ES JA P1 S2 ZH,True,,0.5885010082,4.3531863256,-3.8812508641,,,,,-3.4309027204,,,2.3704662507,JA,P1,4.3531863256,對稱,546.0000000000
GS5-342,5,ES JA P1 W1 W2,True,,1.8256970560,6.2903091335,-2.8986342455,,,,,,-2.9635913488,-2.2537805952,,JA,W1,6.2903091335,中間,282.0000000000
GS5-343,5,ES JA P1 W1 ZH,True,,0.1562822837,3.6846499705,-3.3648688713,,,,,,-2.2320946908,,1.7560313079,JA,P1,3.6846499705,對稱,638.0000000000
GS5-344,5,ES JA P1 W2 ZH,True,,0.0692370214,3.5444147906,-3.3146729817,,,,,,,-1.7886470377,1.4896682073,JA,P1,3.5444147906,對稱,654.0000000000
GS5-345,5,ES JA P2 R RU,True,,-0.5161636605,4.0408108127,,-3.2161714805,-1.6269917406,1.3185160689,,,,,,JA,P2,4.0408108127,對稱,586.0000000000
GS5-346,5,ES JA P2 R S1,True,,1.8822337798,6.7728311008,,-3.0050244097,-2.0912012955,,-3.5588391754,,,,,JA,S1,6.7728311008,明顯落單,226.0000000000
GS5-347,5,ES JA P2 R S2,True,,1.9569173871,6.8133600806,,-3.1378834137,-2.0052104862,,,-3.6271835678,,,,JA,S2,6.8133600806,明顯落單,220.0000000000
GS5-348,5,ES JA P2 R W1,True,,1.0904577302,5.7105827931,,-3.3758762531,-1.6481501305,,,,-1.7770141396,,,JA,P2,5.7105827931,中間,361.0000000000
GS5-349,5,ES JA P2 R ZH,True,,-0.0358977044,3.5947930502,,-3.4801437060,-1.8098401564,,,,,,1.7310885165,JA,P2,3.5947930502,對稱,649.0000000000
GS5-350,5,ES JA P2 RU S1,True,,-0.2952080494,4.5043847105,,-3.0154361613,,1.6097025948,-2.8034430946,,,,,JA,P2,4.5043847105,對稱,527.0000000000
GS5-351,5,ES JA P2 RU S2,True,,-0.2150511497,4.5503869827,,-3.1428218729,,1.6874834655,,-2.8799974257,,,,JA,P2,4.5503869827,對稱,518.0000000000
GS5-352,5,ES JA P2 RU W1,True,,-0.5601573829,3.9689631189,,-2.8594612887,,1.2625136857,,,-1.8118581329,,,JA,P2,3.9689631189,對稱,599.0000000000
GS5-353,5,ES JA P2 RU W2,True,,-0.6279783722,3.8479522120,,-2.9061646782,,1.0834377278,,,,-1.3972468894,,JA,P2,3.8479522120,對稱,620.0000000000
GS5-354,5,ES JA P2 RU ZH,True,,-1.0586134174,2.4810727761,,-2.3358293416,,0.1589745598,,,,,0.7543954231,JA,P2,2.4810727761,對稱,723.0000000000
GS5-355,5,ES JA P2 S1 S2,True,,2.2651035518,7.3641645319,,-2.8499175410,,,-3.3125076704,-3.4668428722,,,,JA,S2,7.3641645319,明顯落單,155.0000000000
GS5-356,5,ES JA P2 S1 W1,True,,1.3739342648,6.2366776143,,-3.1126200105,,,-2.9183828697,,-1.5796089988,,,JA,P2,6.2366776143,中間,289.0000000000
GS5-357,5,ES JA P2 S1 W2,True,,1.2630152423,6.0725686742,,-3.2024214332,,,-3.0328117778,,,-1.1003507055,,JA,P2,6.0725686742,中間,306.0000000000
GS5-358,5,ES JA P2 S1 ZH,True,,0.1528850171,4.0261940584,,-3.3115812765,,,-2.9380321758,,,,2.0705343768,JA,P2,4.0261940584,對稱,588.0000000000
GS5-359,5,ES JA P2 S2 W1,True,,1.5170267195,6.3456154415,,-3.1770701671,,,,-3.0893405332,-1.5962314606,,,JA,P2,6.3456154415,中間,275.0000000000
GS5-360,5,ES JA P2 S2 W2,True,,1.3612823717,6.1366811762,,-3.3116969151,,,,-3.1365314534,,-1.0497351794,,JA,P2,6.1366811762,中間,296.0000000000
GS5-361,5,ES JA P2 S2 ZH,True,,0.2575204840,4.0966748977,,-3.4144884210,,,,-3.0513043576,,,2.1115973969,JA,P2,4.0966748977,對稱,580.0000000000
GS5-362,5,ES JA P2 W1 W2,True,,1.5418861858,6.0809673597,,-2.5026262835,,,,,-2.8569572318,-2.2632700303,,JA,W1,6.0809673597,中間,304.0000000000
GS5-363,5,ES JA P2 W1 ZH,True,,-0.0466446806,3.5561921025,,-3.0901867681,,,,,-2.0445766679,,1.6252160140,JA,P2,3.5561921025,對稱,653.0000000000
GS5-364,5,ES JA P2 W2 ZH,True,,-0.0872405220,3.4624063435,,-3.1096650097,,,,,,-1.6708031461,1.4053023343,JA,P2,3.4624063435,對稱,665.0000000000
GS5-365,5,ES JA R RU S1,True,,-0.2543548372,4.2646244389,,,-2.1147995235,1.5965161185,-3.4919861966,,,,,JA,S1,4.2646244389,對稱,559.0000000000
GS5-366,5,ES JA R RU S2,True,,-0.2617378629,4.2230867858,,,-2.1108753471,1.5867570639,,-3.4372306397,,,,JA,S2,4.2230867858,對稱,564.0000000000
GS5-367,5,ES JA R RU W1,True,,-0.8448653742,3.4036416439,,,-1.4704828458,0.9237660060,,,-2.0120594299,,,JA,W1,3.4036416439,對稱,670.0000000000
GS5-368,5,ES JA R RU W2,True,,-0.9362020721,3.2591150284,,,-1.4819126724,0.7211743394,,,,-1.5621746234,,JA,W2,3.2591150284,對稱,683.0000000000
GS5-369,5,ES JA R RU ZH,True,,-1.3203523795,1.9387203303,,,-0.9813044424,-0.1568040907,,,,,0.5197405823,JA,ES,1.9387203303,對稱,743.0000000000
GS5-370,5,ES JA R S1 S2,True,,2.4885594889,7.3070069852,,,-2.2231849906,,-3.8184480475,-3.7539334360,,,,JA,S1,7.3070069852,明顯落單,161.0000000000
GS5-371,5,ES JA R S1 W1,True,,1.3593689238,5.9414987896,,,-2.1288555431,,-3.6623445248,,-1.5096676455,,,JA,S1,5.9414987896,中間,329.0000000000
GS5-372,5,ES JA R S1 W2,True,,1.2249341927,5.7538741409,,,-2.1833834028,,-3.8002891416,,,-0.9951357893,,JA,S1,5.7538741409,中間,353.0000000000
GS5-373,5,ES JA R S1 ZH,True,,0.1612887054,3.7539842629,,,-2.3622703528,,-3.6590248018,,,,2.1060221864,JA,S1,3.7539842629,對稱,626.0000000000
GS5-374,5,ES JA R S2 W1,True,,1.4149214532,5.9628966915,,,-2.0619958117,,,-3.7019923004,-1.6138300327,,,JA,S2,5.9628966915,中間,326.0000000000
GS5-375,5,ES JA R S2 W2,True,,1.2356613968,5.7304467175,,,-2.1613489967,,,-3.7726989292,,-1.0320601884,,JA,S2,5.7304467175,中間,358.0000000000
GS5-376,5,ES JA R S2 ZH,True,,0.1783842469,3.7369251769,,,-2.3338676093,,,-3.6409870955,,,2.0595452811,JA,S2,3.7369251769,對稱,630.0000000000
GS5-377,5,ES JA R W1 W2,True,,1.1782439329,5.4367116230,,,-0.9952464480,,,,-3.1360927905,-2.4836163174,,JA,W1,5.4367116230,中間,397.0000000000
GS5-378,5,ES JA R W1 ZH,True,,-0.3638021958,2.9584211037,,,-1.6525340393,,,,-2.2772274887,,1.3351426201,JA,W1,2.9584211037,對稱,703.0000000000
GS5-379,5,ES JA R W2 ZH,True,,-0.4279137458,2.8411196360,,,-1.6367387180,,,,,-1.8681804040,1.0917132318,JA,W2,2.8411196360,對稱,711.0000000000
GS5-380,5,ES JA RU S1 S2,True,,0.0102678191,4.7377107544,,,,1.9289936606,-3.3639018073,-3.3130704268,,,,JA,S1,4.7377107544,中間,495.0000000000
GS5-381,5,ES JA RU S1 W1,True,,-0.5975693223,3.8935559824,,,,1.2412929726,-2.6864448609,,-1.8508347719,,,JA,S1,3.8935559824,對稱,612.0000000000
GS5-382,5,ES JA RU S1 W2,True,,-0.6555393174,3.7823960697,,,,1.0720680089,-2.7479247417,,,-1.4510000196,,JA,S1,3.7823960697,對稱,623.0000000000
GS5-383,5,ES JA RU S1 ZH,True,,-1.1677501407,2.3339408557,,,,0.0660290629,-2.0552257379,,,,0.8230059600,JA,S1,2.3339408557,對稱,729.0000000000
GS5-384,5,ES JA RU S2 W1,True,,-0.5365435004,3.9204271768,,,,1.2999427654,,-2.7343025751,-1.9495238666,,,JA,S2,3.9204271768,對稱,608.0000000000
GS5-385,5,ES JA RU S2 W2,True,,-0.6393388208,3.7644419388,,,,1.0858924764,,-2.7285444679,,-1.4824511264,,JA,S2,3.7644419388,對稱,625.0000000000
GS5-386,5,ES JA RU S2 ZH,True,,-1.1451813068,2.3223550622,,,,0.0862218677,,-2.0453979703,,,0.7820023471,JA,S2,2.3223550622,對稱,730.0000000000
GS5-387,5,ES JA RU W1 W2,True,,-0.1754028611,3.9920602680,,,,1.4699648895,,,-2.8739684647,-2.4126538317,,JA,W1,3.9920602680,對稱,591.0000000000
GS5-388,5,ES JA RU W1 ZH,True,,-1.1660143257,2.0652044126,,,,-0.0144746978,,,-1.4636684990,,0.5789531099,JA,W1,2.0652044126,對稱,737.0000000000
GS5-389,5,ES JA RU W2 ZH,True,,-1.1536611398,2.0243676810,,,,-0.1133764805,,,,-1.1693185182,0.4119884576,JA,W2,2.0243676810,對稱,739.0000000000
GS5-390,5,ES JA S1 S2 W1,True,,1.7494480586,6.5400415835,,,,,-3.4088036570,-3.5153111640,-1.3653748211,,,JA,S2,6.5400415835,中間,255.0000000000
GS5-391,5,ES JA S1 S2 W2,True,,1.6035547050,6.3409583124,,,,,-3.5582068963,-3.5526510900,,-0.8336550312,,JA,S1,6.3409583124,中間,276.0000000000
GS5-392,5,ES JA S1 S2 ZH,True,,0.4182170392,4.2193762558,,,,,-3.5386347350,-3.5489997723,,,2.4500412122,JA,S2,4.2193762558,對稱,565.0000000000
GS5-393,5,ES JA S1 W1 W2,True,,1.5214276111,6.0225135878,,,,,-2.3550399025,,-2.8789805062,-2.3099207902,,JA,W1,6.0225135878,中間,317.0000000000
GS5-394,5,ES JA S1 W1 ZH,True,,-0.1486790335,3.4161625525,,,,,-2.8202367199,,-2.1481757204,,1.7009289213,JA,S1,3.4161625525,對稱,669.0000000000
GS5-395,5,ES JA S1 W2 ZH,True,,-0.1794238808,3.3322277877,,,,,-2.8544914529,,,-1.7891786899,1.4908662358,JA,S1,3.3322277877,對稱,677.0000000000
GS5-396,5,ES JA S2 W1 W2,True,,1.6005636626,6.0674950118,,,,,,-2.4300629612,-2.9595593712,-2.2784363420,,JA,W1,6.0674950118,中間,309.0000000000
GS5-397,5,ES JA S2 W1 ZH,True,,-0.0631746446,3.4675123140,,,,,,-2.9048122848,-2.2223862480,,1.7228608634,JA,S2,3.4675123140,對稱,664.0000000000
GS5-398,5,ES JA S2 W2 ZH,True,,-0.1387448171,3.3387522238,,,,,,-2.8718290298,,-1.7961512295,1.4679728526,JA,S2,3.3387522238,對稱,676.0000000000
GS5-399,5,ES JA W1 W2 ZH,True,,0.3661322113,3.6073116217,,,,,,,-3.0786646296,-2.6854128661,1.7906336627,JA,W1,3.6073116217,對稱,646.0000000000
GS5-400,5,ES P1 P2 R RU,True,,2.8602208541,,-3.9867259977,-3.0383555633,-0.8087384822,4.9735991891,,,,,,RU,P1,4.9735991891,中間,473.0000000000
GS5-401,5,ES P1 P2 R S1,True,,6.5121330185,,-3.1349777957,-1.5736937685,-0.0194333131,,-1.7840281412,,,,,ES,P1,6.5121330185,中間,257.0000000000
GS5-402,5,ES P1 P2 R S2,True,,6.6094395574,,-3.1283832134,-1.6839298408,0.0891804279,,,-1.8863069311,,,,ES,P1,6.6094395574,明顯落單,246.0000000000
GS5-403,5,ES P1 P2 R W1,True,,5.2690125613,,-3.5202094922,-2.3958900194,-0.0277265556,,,,0.6748135059,,,ES,P1,5.2690125613,中間,425.0000000000
GS5-404,5,ES P1 P2 R W2,True,,5.0485544082,,-3.6034264933,-2.5952305727,-0.1682778373,,,,,1.3183804951,,ES,P1,5.0485544082,中間,461.0000000000
GS5-405,5,ES P1 P2 R ZH,True,,3.2107148841,,-4.2380858710,-3.4320997149,-1.1213588241,,,,,,5.5808295259,ZH,P1,5.5808295259,中間,374.0000000000
GS5-406,5,ES P1 P2 RU S1,True,,3.1999592445,,-3.7013262689,-2.7188374648,,5.3835684944,-2.1633640051,,,,,RU,P1,5.3835684944,中間,406.0000000000
GS5-407,5,ES P1 P2 RU S2,True,,3.3027390759,,-3.6892583942,-2.8236002447,,5.4839722967,,-2.2738527337,,,,RU,P1,5.4839722967,中間,388.0000000000
GS5-408,5,ES P1 P2 RU W1,True,,2.4836655035,,-3.5597312493,-3.0142069997,,4.5850351777,,,-0.4947624322,,,RU,P1,4.5850351777,對稱,515.0000000000
GS5-409,5,ES P1 P2 RU ZH,True,,1.0532672263,,-3.6497082280,-3.4225172952,,2.5495538092,,,,,3.4694044878,ZH,P1,3.4694044878,對稱,663.0000000000
GS5-410,5,ES P1 P2 S1 S2,True,,7.0364085014,,-2.7557529311,-1.2771811888,,,-1.3962909253,-1.6071834562,,,,ES,P1,7.0364085014,明顯落單,192.0000000000
GS5-411,5,ES P1 P2 S1 W1,True,,5.6712718752,,-3.1722888399,-2.0138509975,,,-1.4761334637,,0.9910014259,,,ES,P1,5.6712718752,中間,365.0000000000
GS5-412,5,ES P1 P2 S1 W2,True,,5.4841804250,,-3.2221391382,-2.1798248480,,,-1.6667347996,,,1.5845183609,,ES,P1,5.4841804250,中間,387.0000000000
GS5-413,5,ES P1 P2 S1 ZH,True,,3.5182803849,,-3.9848590318,-3.1447545061,,,-2.4277250126,,,,6.0390581656,ZH,P1,6.0390581656,中間,314.0000000000
GS5-414,5,ES P1 P2 S2 W1,True,,5.8369872616,,-3.0972854102,-2.0556782224,,,,-1.6810255248,0.9970018957,,,ES,P1,5.8369872616,中間,342.0000000000
GS5-415,5,ES P1 P2 S2 W2,True,,5.6050704860,,-3.1919610338,-2.2664773982,,,,-1.8043888727,,1.6577568187,,ES,P1,5.6050704860,中間,371.0000000000
GS5-416,5,ES P1 P2 S2 ZH,True,,3.6455387834,,-3.9483125900,-3.2250387189,,,,-2.5749315918,,,6.1027441173,ZH,P1,6.1027441173,中間,301.0000000000
GS5-417,5,ES P1 P2 W1 W2,True,,5.3117069610,,-2.5367238415,-1.9313741058,,,,,-0.8138636423,-0.0297453714,,ES,P1,5.3117069610,中間,413.0000000000
GS5-418,5,ES P1 P2 W1 ZH,True,,2.8674062797,,-3.7778443764,-3.3747044052,,,,,-0.8572528933,,5.1423953952,ZH,P1,5.1423953952,中間,445.0000000000
GS5-419,5,ES P1 P2 W2 ZH,True,,2.7506380104,,-3.7573714937,-3.4703550747,,,,,,-0.3692207298,4.8463092878,ZH,P1,4.8463092878,中間,484.0000000000
GS5-420,5,ES P1 R RU S1,True,,2.9846375202,,-3.5568241358,,-1.4339384223,5.1142070815,-3.1080820437,,,,,RU,P1,5.1142070815,中間,450.0000000000
GS5-421,5,ES P1 R RU S2,True,,2.9998774263,,-3.6322961863,,-1.4073913142,5.1270709586,,-3.0872608843,,,,RU,P1,5.1270709586,中間,446.0000000000
GS5-422,5,ES P1 R RU W1,True,,1.9427825758,,-3.7407903195,,-1.2409661521,3.9901125615,,,-0.9511386657,,,RU,P1,3.9901125615,對稱,592.0000000000
GS5-423,5,ES P1 R RU W2,True,,1.7752734500,,-3.7710582933,,-1.3285684064,3.7113484671,,,,-0.3869952175,,RU,P1,3.7113484671,對稱,632.0000000000
GS5-424,5,ES P1 R RU ZH,True,,0.5353533278,,-3.8077982691,,-1.6837299914,1.9776002222,,,,,2.9785747105,ZH,P1,2.9785747105,對稱,702.0000000000
GS5-425,5,ES P1 R S1 S2,True,,7.0036895020,,-2.4286480730,,-0.2661862337,,-2.1584062389,-2.1504489565,,,,ES,P1,7.0036895020,明顯落單,198.0000000000
GS5-426,5,ES P1 R S1 W1,True,,5.4005315978,,-3.0832052599,,-0.6458241253,,-2.4762700553,,0.8047678427,,,ES,P1,5.4005315978,中間,404.0000000000
GS5-427,5,ES P1 R S1 W2,True,,5.1899244389,,-3.1565712668,,-0.7765244128,,-2.6903870999,,,1.4335583407,,ES,P1,5.1899244389,中間,437.0000000000
GS5-428,5,ES P1 R S1 ZH,True,,3.2705091367,,-3.8728064226,,-1.8111811777,,-3.4048925750,,,,5.8183710386,ZH,P1,5.8183710386,中間,346.0000000000
GS5-429,5,ES P1 R S2 W1,True,,5.4787070588,,-3.0957417554,,-0.5563414622,,,-2.5498522284,0.7232283872,,,ES,P1,5.4787070588,中間,391.0000000000
GS5-430,5,ES P1 R S2 W2,True,,5.2232745746,,-3.2139330877,,-0.7318670750,,,-2.6967312850,,1.4192568732,,ES,P1,5.2232745746,中間,434.0000000000
GS5-431,5,ES P1 R S2 ZH,True,,3.3102276098,,-3.9237999060,,-1.7601555025,,,-3.4207892662,,,5.7945170650,ZH,P1,5.7945170650,中間,349.0000000000
GS5-432,5,ES P1 R W1 W2,True,,4.6918897715,,-2.7967171735,,-0.0397318655,,,,-1.3491741376,-0.5062665950,,ES,P1,4.6918897715,中間,503.0000000000
GS5-433,5,ES P1 R W2 ZH,True,,2.1537898501,,-3.9943957965,,-1.6131663782,,,,,-0.8227729242,4.2765452488,ZH,P1,4.2765452488,對稱,557.0000000000
GS5-434,5,ES P1 RU S1 S2,True,,3.3906658875,,-3.2958463867,,,5.5880903346,-2.8385919434,-2.8443178920,,,,RU,P1,5.5880903346,中間,373.0000000000
GS5-435,5,ES P1 RU S1 W1,True,,2.3088614070,,-3.4290501499,,,4.4264223074,-2.6351023361,,-0.6711312284,,,RU,P1,4.4264223074,對稱,538.0000000000
GS5-436,5,ES P1 RU S1 W2,True,,2.1747189841,,-3.4259514209,,,4.1810249159,-2.7727546447,,,-0.1570378344,,RU,P1,4.1810249159,對稱,571.0000000000
GS5-437,5,ES P1 RU S1 ZH,True,,0.8067383459,,-3.5907519126,,,2.3192161550,-2.9358254558,,,,3.4006228675,ZH,P1,3.4006228675,對稱,671.0000000000
GS5-438,5,ES P1 RU S2 W1,True,,2.3925101605,,-3.4361133531,,,4.5076950319,,-2.7168944478,-0.7471973914,,,RU,P1,4.5076950319,對稱,526.0000000000
GS5-439,5,ES P1 RU S2 W2,True,,2.2135424123,,-3.4778399494,,,4.2174723151,,-2.7873087685,,-0.1658660095,,RU,P1,4.2174723151,對稱,566.0000000000
GS5-440,5,ES P1 RU S2 ZH,True,,0.8519301115,,-3.6362721037,,,2.3620318916,,-2.9599320857,,,3.3822421863,ZH,P1,3.3822421863,對稱,673.0000000000
GS5-441,5,ES P1 RU W1 W2,True,,2.2035110329,,-2.5392706115,,,4.1275773891,,,-2.2217817565,-1.5700360539,,RU,P1,4.1275773891,對稱,576.0000000000
GS5-442,5,ES P1 RU W1 ZH,True,,0.3571297534,,-3.1824717445,,,1.7873679868,,,-1.6672516057,,2.7052256099,ZH,P1,2.7052256099,對稱,712.0000000000
GS5-443,5,ES P1 RU W2 ZH,True,,0.2933105115,,-3.1090498344,,,1.6122937764,,,,-1.2586429832,2.4620885298,ZH,P1,2.4620885298,對稱,725.0000000000
GS5-444,5,ES P1 S1 S2 W1,True,,5.9320164436,,-2.6967710324,,,,-2.0813234766,-2.2443883127,1.0904663781,,,ES,P1,5.9320164436,中間,330.0000000000
GS5-445,5,ES P1 S1 S2 W2,True,,5.7099506622,,-2.7815956618,,,,-2.3068991436,-2.3579006665,,1.7364448098,,ES,P1,5.7099506622,中間,362.0000000000
GS5-446,5,ES P1 S1 S2 ZH,True,,3.6688431815,,-3.6195229961,,,,-3.1430967972,-3.2100191636,,,6.3037957755,ZH,P1,6.3037957755,中間,279.0000000000
GS5-447,5,ES P1 S1 W1 W2,True,,5.1538562290,,-2.3890893776,,,,-1.5776994890,,-0.9732790739,-0.2137882884,,ES,P1,5.1538562290,中間,443.0000000000
GS5-448,5,ES P1 S1 W1 ZH,True,,2.6279797696,,-3.7117856906,,,,-2.8986661213,,-1.0982441030,,5.0807161453,ZH,P1,5.0807161453,中間,456.0000000000
GS5-449,5,ES P1 S1 W2 ZH,True,,2.5210624945,,-3.6814618137,,,,-3.0090932821,,,-0.6249884308,4.7944810320,ZH,P1,4.7944810320,中間,488.0000000000
GS5-450,5,ES P1 S2 W1 ZH,True,,2.7361070902,,-3.6943703267,,,,,-3.0171760837,-1.1498316989,,5.1252710191,ZH,P1,5.1252710191,中間,448.0000000000
GS5-451,5,ES P1 S2 W2 ZH,True,,2.5843644898,,-3.7088717751,,,,,-3.0603652565,,-0.6093380388,4.7942105805,ZH,P1,4.7942105805,中間,489.0000000000
GS5-452,5,ES P1 W1 W2 ZH,True,,2.6152741791,,-2.7293613685,,,,,,-2.5562498475,-1.9725670146,4.6429040515,ZH,P1,4.6429040515,中間,508.0000000000
GS5-453,5,ES P2 R RU S1,True,,2.2624421925,,,-2.5032394874,-1.3628425780,4.6065077026,-3.0028678297,,,,,RU,S1,4.6065077026,對稱,513.0000000000
GS5-454,5,ES P2 R RU S2,True,,2.3244143604,,,-2.6488099308,-1.2895632080,4.6661038415,,-3.0521450631,,,,RU,S2,4.6661038415,中間,505.0000000000
GS5-455,5,ES P2 R RU W1,True,,1.3953730698,,,-2.9493844038,-0.9950844860,3.6571990044,,,-1.1081031844,,,RU,P2,3.6571990044,對稱,640.0000000000
GS5-456,5,ES P2 R RU W2,True,,1.2743133650,,,-3.0493265089,-1.0362373195,3.4248843309,,,,-0.6136338675,,RU,P2,3.4248843309,對稱,668.0000000000
GS5-457,5,ES P2 R RU ZH,True,,0.1152771485,,,-3.2073923435,-1.3105149986,1.7720199918,,,,,2.6306102018,ZH,P2,2.6306102018,對稱,714.0000000000
GS5-458,5,ES P2 R S1 S2,True,,6.0830609990,,,-1.0774136617,-0.3935235647,,-2.2516252002,-2.3604985724,,,,ES,S2,6.0830609990,中間,303.0000000000
GS5-459,5,ES P2 R S1 W1,True,,4.6079566547,,,-1.9240511885,-0.6451078964,,-2.4414354567,,0.4026378868,,,ES,S1,4.6079566547,對稱,512.0000000000
GS5-460,5,ES P2 R S1 W2,True,,4.4437989167,,,-2.0670913268,-0.7293587630,,-2.6091030804,,,0.9617542535,,ES,S1,4.4437989167,對稱,532.0000000000
GS5-461,5,ES P2 R S1 ZH,True,,2.6052675203,,,-2.9046523412,-1.6831316221,,-3.2427246497,,,,5.2252410927,ZH,S1,5.2252410927,中間,433.0000000000
GS5-462,5,ES P2 R S2 W1,True,,4.7328643776,,,-2.0066860768,-0.5088929714,,,-2.5851160226,0.3678306932,,,ES,S2,4.7328643776,中間,496.0000000000
GS5-463,5,ES P2 R S2 W2,True,,4.5238813143,,,-2.1945515404,-0.6379691634,,,-2.6855456583,,0.9941850478,,ES,S2,4.5238813143,對稱,524.0000000000
GS5-464,5,ES P2 R S2 ZH,True,,2.6917182553,,,-3.0257442175,-1.5853736850,,,-3.3287197337,,,5.2481193809,ZH,S2,5.2481193809,中間,428.0000000000
GS5-465,5,ES P2 R W1 W2,True,,4.1205500711,,,-1.9694159661,0.1822196061,,,,-1.5300688508,-0.8032848604,,ES,P2,4.1205500711,對稱,579.0000000000
GS5-466,5,ES P2 R W1 ZH,True,,1.8036180334,,,-3.2853776219,-1.2499538943,,,,-1.4460894581,,4.1778029408,ZH,P2,4.1778029408,對稱,572.0000000000
GS5-467,5,ES P2 R W2 ZH,True,,1.7097834764,,,-3.3580945791,-1.2638815799,,,,,-0.9924578629,3.9046505455,ZH,P2,3.9046505455,對稱,611.0000000000
GS5-468,5,ES P2 RU S1 S2,True,,2.7015554738,,,-2.2918891093,,5.1134758697,-2.7002928154,-2.8228494187,,,,RU,S2,5.1134758697,中間,451.0000000000
GS5-469,5,ES P2 RU S1 W1,True,,1.7478045532,,,-2.6171732125,,4.0798614025,-2.3687496482,,-0.8417430950,,,RU,P2,4.0798614025,對稱,581.0000000000
GS5-470,5,ES P2 RU S1 W2,True,,1.6601115512,,,-2.6837486148,,3.8809134318,-2.4599525360,,,-0.3973238323,,RU,P2,3.8809134318,對稱,615.0000000000
GS5-471,5,ES P2 RU S1 ZH,True,,0.3730148188,,,-2.9698749652,,2.0999885768,-2.5421394412,,,,3.0390110109,ZH,P2,3.0390110109,對稱,697.0000000000
GS5-472,5,ES P2 RU S2 W1,True,,1.8781855685,,,-2.6943348084,,4.2078663888,,-2.5206401527,-0.8710769962,,,RU,P2,4.2078663888,對稱,567.0000000000
GS5-473,5,ES P2 RU S2 W2,True,,1.7456672412,,,-2.8057355360,,3.9640930928,,-2.5446050525,,-0.3594197455,,RU,P2,3.9640930928,對稱,600.0000000000
GS5-474,5,ES P2 RU S2 ZH,True,,0.4649388462,,,-3.0854935491,,2.1895365752,,-2.6363444639,,,3.0673625915,ZH,P2,3.0673625915,對稱,696.0000000000
GS5-475,5,ES P2 RU W1 W2,True,,1.8636894217,,,-2.0592465380,,4.0022517268,,,-2.1711583805,-1.6355362300,,RU,W1,4.0022517268,對稱,590.0000000000
GS5-476,5,ES P2 RU W1 ZH,True,,0.0981920481,,,-2.8237735298,,1.7429262304,,,-1.5357443238,,2.5183995751,ZH,P2,2.5183995751,對稱,720.0000000000
GS5-477,5,ES P2 RU W2 ZH,True,,0.0808222270,,,-2.8200257510,,1.6143014408,,,,-1.1968098326,2.3217119158,ZH,P2,2.3217119158,對稱,731.0000000000
GS5-478,5,ES P2 S1 S2 W1,True,,5.1725264145,,,-1.5872443320,,,-2.0134039639,-2.2932994547,0.7214213362,,,ES,S2,5.1725264145,中間,439.0000000000
GS5-479,5,ES P2 S1 S2 W2,True,,4.9969100540,,,-1.7417430927,,,-2.1925302101,-2.3603623877,,1.2977256366,,ES,S2,4.9969100540,中間,469.0000000000
GS5-480,5,ES P2 S1 S2 ZH,True,,3.0366864791,,,-2.7009962857,,,-2.9478439579,-3.1315969790,,,5.7437507435,ZH,S2,5.7437507435,中間,356.0000000000
GS5-481,5,ES P2 S1 W1 W2,True,,4.5688691808,,,-1.5413171485,,,-1.3352769956,,-1.1678211350,-0.5244539017,,ES,P2,4.5688691808,對稱,516.0000000000
GS5-482,5,ES P2 S1 W1 ZH,True,,2.1238766272,,,-2.9853393202,,,-2.5753597221,,-1.2119022583,,4.6487246733,ZH,P2,4.6487246733,中間,507.0000000000
GS5-483,5,ES P2 S1 W2 ZH,True,,2.0634087730,,,-3.0246895746,,,-2.6393374619,,,-0.8083207173,4.4089389809,ZH,P2,4.4089389809,對稱,539.0000000000
GS5-484,5,ES P2 S2 W1 W2,True,,4.7173604258,,,-1.6003685147,,,,-1.5143328446,-1.1790448065,-0.4236142599,,ES,P2,4.7173604258,中間,497.0000000000
GS5-485,5,ES P2 S2 W1 ZH,True,,2.2787362096,,,-3.0380223490,,,,-2.7639680772,-1.2167575923,,4.7400118090,ZH,P2,4.7400118090,中間,494.0000000000
GS5-486,5,ES P2 S2 W2 ZH,True,,2.1734430301,,,-3.1221979288,,,,-2.7607078291,,-0.7459380635,4.4554007913,ZH,P2,4.4554007913,對稱,531.0000000000
GS5-487,5,ES P2 W1 W2 ZH,True,,2.3324062793,,,-2.3347678621,,,,,-2.4486727601,-1.9811134793,4.4321478222,ZH,W1,4.4321478222,對稱,536.0000000000
GS5-488,5,ES R RU S1 W1,True,,1.6426096941,,,,-1.4974644679,3.9206268550,-3.2033408215,,-0.8624312598,,,RU,S1,3.9206268550,對稱,607.0000000000
GS5-489,5,ES R RU S1 W2,True,,1.5314009834,,,,-1.5287663072,3.6981631757,-3.3180594178,,,-0.3827384341,,RU,S1,3.6981631757,對稱,635.0000000000
GS5-490,5,ES R RU S1 ZH,True,,0.2907889889,,,,-1.8846197644,1.9637230584,-3.3537615852,,,,2.9838693023,ZH,S1,2.9838693023,對稱,701.0000000000
GS5-491,5,ES R RU S2 W1,True,,1.6854507841,,,,-1.4433161758,3.9610919159,,-3.2239214380,-0.9793050863,,,RU,S2,3.9610919159,對稱,601.0000000000
GS5-492,5,ES R RU S2 W2,True,,1.5294167482,,,,-1.5194433404,3.6938029113,,-3.2714020464,,-0.4323742727,,RU,S2,3.6938029113,對稱,636.0000000000
GS5-493,5,ES R RU S2 ZH,True,,0.2951730910,,,,-1.8689284602,1.9657311315,,-3.3166567199,,,2.9246809576,ZH,S2,2.9246809576,對稱,705.0000000000
GS5-494,5,ES R RU W1 W2,True,,1.4094176506,,,,-0.4159224253,3.4939402672,,,-2.5409234573,-1.9465120352,,RU,W1,3.4939402672,對稱,660.0000000000
GS5-495,5,ES R RU W1 ZH,True,,-0.3095949852,,,,-1.2501765239,1.2810995087,,,-1.8590246627,,2.1376966631,ZH,W1,2.1376966631,對稱,734.0000000000
GS5-496,5,ES R RU W2 ZH,True,,-0.3504805149,,,,-1.2111551822,1.1289590104,,,,-1.4848166086,1.9174932952,ZH,W2,1.9174932952,對稱,744.0000000000
GS5-497,5,ES R S1 S2 W1,True,,5.2499342804,,,,-0.7414396748,,-2.6653924122,-2.7264380897,0.8833358964,,,ES,S2,5.2499342804,中間,427.0000000000
GS5-498,5,ES R S1 S2 W2,True,,5.0508022112,,,,-0.8606648726,,-2.8680343671,-2.8170167313,,1.4949137597,,ES,S1,5.0508022112,中間,460.0000000000
GS5-499,5,ES R S1 S2 ZH,True,,3.1370633742,,,,-1.8896451724,,-3.5768633770,-3.5417665848,,,5.8712117599,ZH,S1,5.8712117599,中間,336.0000000000
GS5-500,5,ES R S1 W1 W2,True,,4.3847400600,,,,-0.3032070113,,-2.2488024306,,-1.2674435615,-0.5652870566,,ES,S1,4.3847400600,對稱,543.0000000000
GS5-501,5,ES R S1 W1 ZH,True,,1.9862322442,,,,-1.8169562897,,-3.4424004192,,-1.2650399469,,4.5381644117,ZH,S1,4.5381644117,對稱,521.0000000000
GS5-502,5,ES R S2 W1 ZH,True,,2.0535519013,,,,-1.7383294306,,,-3.4996988864,-1.3574352064,,4.5419116220,ZH,S2,4.5419116220,對稱,520.0000000000
GS5-503,5,ES R S2 W2 ZH,True,,1.9247430132,,,,-1.7872314473,,,-3.5199543469,,-0.8513421145,4.2337848956,ZH,S2,4.2337848956,對稱,562.0000000000
GS5-504,5,ES R W1 W2 ZH,True,,1.8456849843,,,,-0.6427694636,,,,-2.8508873608,-2.3245388084,3.9725106485,ZH,W1,3.9725106485,對稱,597.0000000000
GS5-505,5,ES RU S1 S2 W1,True,,2.0889323383,,,,,4.4348043848,-2.8935564443,-2.9682853529,-0.6618949260,,,RU,S2,4.4348043848,對稱,534.0000000000
GS5-506,5,ES RU S1 S2 W2,True,,1.9662650052,,,,,4.2008820831,-3.0197336632,-2.9823992585,,-0.1650141666,,RU,S1,4.2008820831,對稱,568.0000000000
GS5-507,5,ES RU S1 S2 ZH,True,,0.6039608321,,,,,2.3447497873,-3.1771280091,-3.1557144479,,,3.3841318376,ZH,S1,3.3841318376,對稱,672.0000000000
GS5-508,5,ES RU S1 W1 W2,True,,1.8215562776,,,,,3.9763098089,-1.8791483030,,-2.2148562242,-1.7038615593,,RU,W1,3.9763098089,對稱,596.0000000000
GS5-509,5,ES RU S1 W1 ZH,True,,-0.0255168742,,,,,1.6354085344,-2.5213116276,,-1.6610179456,,2.5724379130,ZH,S1,2.5724379130,對稱,718.0000000000
GS5-510,5,ES RU S1 W2 ZH,True,,-0.0330357010,,,,,1.5166347390,-2.5323403401,,,-1.3368599457,2.3856012479,ZH,S1,2.3856012479,對稱,727.0000000000
GS5-511,5,ES RU S2 W1 W2,True,,1.8879808897,,,,,4.0403583920,,-1.9351042027,-2.3081465286,-1.6850885504,,RU,W1,4.0403583920,對稱,587.0000000000
GS5-512,5,ES RU S2 W1 ZH,True,,0.0472760754,,,,,1.7058254549,,-2.5868200334,-1.7479399126,,2.5816584157,ZH,S2,2.5816584157,對稱,717.0000000000
GS5-513,5,ES RU S2 W2 ZH,True,,-0.0050680768,,,,,1.5422263342,,-2.5306107580,,-1.3565439248,2.3499964254,ZH,S2,2.3499964254,對稱,728.0000000000
GS5-514,5,ES RU W1 W2 ZH,True,,0.4372273181,,,,,1.9046581824,,,-2.6435739074,-2.3083871950,2.6100756019,ZH,W1,2.6100756019,對稱,715.0000000000
GS5-515,5,ES S1 S2 W1 W2,True,,4.9450605601,,,,,,-1.8250201974,-1.9450246802,-0.9529093718,-0.2221063107,,ES,S2,4.9450605601,中間,474.0000000000
GS5-516,5,ES S1 S2 W1 ZH,True,,2.4248605658,,,,,,-3.1403103646,-3.2762356909,-1.0721979357,,5.0638834254,ZH,S2,5.0638834254,中間,458.0000000000
GS5-517,5,ES S1 W1 W2 ZH,True,,2.2256507216,,,,,,-2.0577360067,,-2.5569930174,-2.1140612221,4.5031395246,ZH,W1,4.5031395246,對稱,528.0000000000
GS5-518,5,ES S2 W1 W2 ZH,True,,2.3165539008,,,,,,,-2.1504097571,-2.6258047547,-2.0708096461,4.5304702571,ZH,W1,4.5304702571,對稱,523.0000000000
GS5-519,5,JA P1 P2 R RU,True,,,6.5915652806,-4.8123560445,-3.7895165137,-1.8405129163,3.8508201939,,,,,,JA,P1,6.5915652806,明顯落單,247.0000000000
GS5-520,5,JA P1 P2 R S1,True,,,10.4436511536,-4.0940569816,-2.4583038579,-1.1846568863,,-2.7066334278,,,,,JA,P1,10.4436511536,明顯落單,12.0000000000
GS5-521,5,JA P1 P2 R S2,True,,,10.5204649160,-4.0738005483,-2.5548780793,-1.0623812943,,,-2.8294049942,,,,JA,P1,10.5204649160,明顯落單,11.0000000000
GS5-522,5,JA P1 P2 R W1,True,,,9.0382473416,-4.3710997748,-3.1723112057,-1.0847612256,,,,-0.4100751356,,,JA,P1,9.0382473416,明顯落單,57.0000000000
GS5-523,5,JA P1 P2 R W2,True,,,8.7858752379,-4.4330408089,-3.3503757919,-1.2040365402,,,,,0.2015779031,,JA,P1,8.7858752379,明顯落單,70.0000000000
GS5-524,5,JA P1 P2 R ZH,True,,,6.3862890794,-4.6932024303,-3.8127471779,-1.7826197707,,,,,,3.9022802995,JA,P1,6.3862890794,中間,272.0000000000
GS5-525,5,JA P1 P2 RU S1,True,,,7.0768746430,-4.6240036303,-3.5670457299,,4.1637421845,-3.0495674673,,,,,JA,P1,7.0768746430,明顯落單,188.0000000000
GS5-526,5,JA P1 P2 RU S2,True,,,7.1591616979,-4.5982739046,-3.6581466588,,4.2778078378,,-3.1805489723,,,,JA,P1,7.1591616979,明顯落單,180.0000000000
GS5-527,5,JA P1 P2 RU W1,True,,,6.1982975471,-4.3742197075,-3.7542263615,,3.4733977711,,,-1.5432492492,,,JA,P1,6.1982975471,中間,293.0000000000
GS5-528,5,JA P1 P2 RU W2,True,,,6.0223901795,-4.3596960056,-3.8558262118,,3.2394253524,,,,-1.0462933145,,JA,P1,6.0223901795,中間,318.0000000000
GS5-529,5,JA P1 P2 RU ZH,True,,,4.1742386850,-4.0684229629,-3.7667629337,,1.8336901259,,,,,1.8272570858,JA,P1,4.1742386850,對稱,573.0000000000
GS5-530,5,JA P1 P2 S1 S2,True,,,11.0930048320,-3.7982175806,-2.2451767419,,,-2.4022816755,-2.6473288339,,,,JA,P1,11.0930048320,明顯落單,7.0000000000
GS5-531,5,JA P1 P2 S1 W1,True,,,9.5860776274,-4.1202264372,-2.8873194984,,,-2.3875971617,,-0.1909345302,,,JA,P1,9.5860776274,明顯落單,28.0000000000
GS5-532,5,JA P1 P2 S1 ZH,True,,,6.8394255522,-4.5370229058,-3.6224492837,,,-2.9434149872,,,,4.2634616245,JA,P1,6.8394255522,明顯落單,216.0000000000
GS5-533,5,JA P1 P2 S2 W1,True,,,9.7313002373,-4.0315611565,-2.9154848723,,,,-2.6129819992,-0.1712722093,,,JA,P1,9.7313002373,明顯落單,27.0000000000
GS5-534,5,JA P1 P2 S2 ZH,True,,,6.9461911742,-4.4868146129,-3.6890716455,,,,-3.1111143429,,,4.3408094272,JA,P1,6.9461911742,明顯落單,204.0000000000
GS5-535,5,JA P1 P2 W1 W2,True,,,9.0323154078,-3.3551965685,-2.6753777364,,,,,-1.8663347281,-1.1354063748,,JA,P1,9.0323154078,明顯落單,58.0000000000
GS5-536,5,JA P1 P2 W1 ZH,True,,,6.0262680921,-4.2218193471,-3.7442102796,,,,,-1.5352262228,,3.4749877574,JA,P1,6.0262680921,中間,315.0000000000
GS5-537,5,JA P1 P2 W2 ZH,True,,,5.8775858723,-4.1800704974,-3.8185849820,,,,,,-1.0791080099,3.2001776170,JA,P1,5.8775858723,中間,335.0000000000
GS5-538,5,JA P1 R RU S1,True,,,6.6931848284,-4.3672561037,,-2.4505147776,4.0066261652,-3.8820401123,,,,,JA,P1,6.6931848284,明顯落單,234.0000000000
GS5-539,5,JA P1 R RU S2,True,,,6.6879319580,-4.4290663033,,-2.4103058185,4.0331518932,,-3.8817117294,,,,JA,P1,6.6879319580,明顯落單,236.0000000000
GS5-540,5,JA P1 R RU W1,True,,,5.4890465292,-4.4430333842,,-2.1493536041,2.9907205483,,,-1.8873800892,,,JA,P1,5.4890465292,中間,385.0000000000
GS5-541,5,JA P1 R RU W2,True,,,5.2896234529,-4.4520253910,,-2.2156798914,2.7332324210,,,,-1.3551505915,,JA,P1,5.2896234529,中間,421.0000000000
GS5-542,5,JA P1 R RU ZH,True,,,3.4879566962,-4.1142676105,,-2.1963437201,1.3739819323,,,,,1.4486727021,JA,P1,3.4879566962,對稱,661.0000000000
GS5-543,5,JA P1 R S1 S2,True,,,10.8919177423,-3.3588673290,,-1.4025498770,,-3.0521515956,-3.0783489407,,,,JA,P1,10.8919177423,明顯落單,10.0000000000
GS5-544,5,JA P1 R S1 W1,True,,,9.1469692598,-3.9188974636,,-1.6876607164,,-3.2754883598,,-0.2649227199,,,JA,P1,9.1469692598,明顯落單,50.0000000000
GS5-545,5,JA P1 R S1 W2,True,,,8.9044481503,-3.9709875036,,-1.7970850369,,-3.4683294374,,,0.3319538276,,JA,P1,8.9044481503,明顯落單,66.0000000000
GS5-546,5,JA P1 R S1 ZH,True,,,6.4232862137,-4.3127249030,,-2.4572440455,,-3.8083371562,,,,4.1550198911,JA,P1,6.4232862137,中間,265.0000000000
GS5-547,5,JA P1 R S2 W1,True,,,9.2046519443,-3.9177721082,,-1.5845162024,,,-3.3695633094,-0.3328003244,,,JA,P1,9.2046519443,明顯落單,48.0000000000
GS5-548,5,JA P1 R S2 W2,True,,,8.9173055096,-4.0146874735,,-1.7387658481,,,-3.4951663990,,0.3313142110,,JA,P1,8.9173055096,明顯落單,64.0000000000
GS5-549,5,JA P1 R S2 ZH,True,,,6.4425119104,-4.3500565355,,-2.3925565194,,,-3.8447266239,,,4.1448277684,JA,P1,6.4425119104,中間,263.0000000000
GS5-550,5,JA P1 R W1 W2,True,,,8.2441301281,-3.5029445070,,-0.9521035864,,,,-2.2893998299,-1.4996822049,,JA,P1,8.2441301281,明顯落單,94.0000000000
GS5-551,5,JA P1 R W1 ZH,True,,,5.2845675502,-4.3230825478,,-2.0906632363,,,,-1.9118065867,,3.0409848206,JA,P1,5.2845675502,中間,423.0000000000
GS5-552,5,JA P1 R W2 ZH,True,,,5.1123696218,-4.3048494067,,-2.1297643758,,,,,-1.4204148108,2.7426589715,JA,P1,5.1123696218,中間,452.0000000000
GS5-553,5,JA P1 RU S1 S2,True,,,7.2242913912,-4.1896638183,,,4.3971239546,-3.6959354757,-3.7358160518,,,,JA,P1,7.2242913912,明顯落單,173.0000000000
GS5-554,5,JA P1 RU S1 W1,True,,,6.0006963323,-4.2283405293,,,3.3299829797,-3.3979188162,,-1.7044199665,,,JA,P1,6.0006963323,中間,323.0000000000
GS5-555,5,JA P1 RU S1 W2,True,,,5.8346399589,-4.2039658332,,,3.1058615552,-3.5142951578,,,-1.2222405231,,JA,P1,5.8346399589,中間,343.0000000000
GS5-556,5,JA P1 RU S1 ZH,True,,,3.9049126863,-3.9942685687,,,1.6185505505,-3.3028682126,,,,1.7736735444,JA,P1,3.9049126863,對稱,610.0000000000
GS5-557,5,JA P1 RU S2 W1,True,,,6.0638523093,-4.2217418815,,,3.4249175551,,-3.5002037044,-1.7668242786,,,JA,P1,6.0638523093,中間,311.0000000000
GS5-558,5,JA P1 RU S2 W2,True,,,5.8529706106,-4.2421925107,,,3.1559708053,,-3.5493420580,,-1.2174068472,,JA,P1,5.8529706106,中間,338.0000000000
GS5-559,5,JA P1 RU S2 ZH,True,,,3.9296116754,-4.0261269087,,,1.6750281381,,-3.3474676189,,,1.7689547142,JA,P1,3.9296116754,對稱,606.0000000000
GS5-560,5,JA P1 RU W1 W2,True,,,5.7011486528,-3.2090961205,,,3.1606029315,,,-3.1256056244,-2.5270498394,,JA,P1,5.7011486528,中間,363.0000000000
GS5-561,5,JA P1 RU W1 ZH,True,,,3.2930207389,-3.4777994973,,,1.1948912856,,,-2.1965777173,,1.1864651900,JA,P1,3.2930207389,對稱,679.0000000000
GS5-562,5,JA P1 RU W2 ZH,True,,,3.1972875465,-3.3831016202,,,1.0410930421,,,,-1.8198830453,0.9646040769,JA,P1,3.1972875465,對稱,689.0000000000
GS5-563,5,JA P1 S1 S2 W1,True,,,9.8035323010,-3.6158486998,,,,-2.9639272447,-3.1611467083,-0.0626096481,,,JA,P1,9.8035323010,明顯落單,24.0000000000
GS5-564,5,JA P1 S1 S2 W2,True,,,9.5495525691,-3.6793973622,,,,-3.1682269448,-3.2533830951,,0.5514548330,,JA,P1,9.5495525691,明顯落單,29.0000000000
GS5-565,5,JA P1 S1 S2 ZH,True,,,6.9466984540,-4.1428269402,,,,-3.6299268421,-3.7310038360,,,4.5570591643,JA,P1,6.9466984540,明顯落單,203.0000000000
GS5-566,5,JA P1 S1 W1 W2,True,,,8.8516675576,-3.1923640258,,,,-2.3445002379,,-2.0105520809,-1.3042512130,,JA,P1,8.8516675576,明顯落單,68.0000000000
GS5-567,5,JA P1 S1 W1 ZH,True,,,5.7640444638,-4.1405625825,,,,-3.2909691139,,-1.7610193537,,3.4285065864,JA,P1,5.7640444638,中間,352.0000000000
GS5-568,5,JA P1 S1 W2 ZH,True,,,5.6252132381,-4.0889627386,,,,-3.3801203076,,,-1.3196776320,3.1635474401,JA,P1,5.6252132381,中間,369.0000000000
GS5-569,5,JA P1 S2 W1 W2,True,,,8.9329337643,-3.1676551483,,,,,-2.4739504706,-2.0548461633,-1.2364819821,,JA,P1,8.9329337643,明顯落單,61.0000000000
GS5-570,5,JA P1 S2 W1 ZH,True,,,5.8516790079,-4.1094853676,,,,,-3.4299718528,-1.7989450986,,3.4867233111,JA,P1,5.8516790079,中間,339.0000000000
GS5-571,5,JA P1 S2 W2 ZH,True,,,5.6680224569,-4.1027108490,,,,,-3.4518850585,,-1.2903653890,3.1769388396,JA,P1,5.6680224569,中間,366.0000000000
GS5-572,5,JA P2 R RU S1,True,,,6.0156709585,,-3.2689899975,-2.4092065718,3.4691391477,-3.8066135369,,,,,JA,S1,6.0156709585,中間,321.0000000000
GS5-573,5,JA P2 R RU S2,True,,,6.0571503499,,-3.4008985899,-2.3222653509,3.5423971376,,-3.8763835468,,,,JA,S2,6.0571503499,中間,312.0000000000
GS5-574,5,JA P2 R RU W1,True,,,4.9863184810,,-3.6069460107,-1.9332595766,2.6280193527,,,-2.0741322465,,,JA,P2,4.9863184810,中間,471.0000000000
GS5-575,5,JA P2 R RU W2,True,,,4.8333448256,,-3.6856121488,-1.9531364430,2.4169806463,,,,-1.6115768801,,JA,P2,4.8333448256,中間,486.0000000000
GS5-576,5,JA P2 R RU ZH,True,,,3.1125619748,,-3.4691802270,-1.8529163659,1.1386140634,,,,,1.0709205547,JA,P2,3.1125619748,對稱,692.0000000000
GS5-577,5,JA P2 R S1 S2,True,,,10.0159706972,,-1.9629514599,-1.5596748466,,-3.1751581955,-3.3181861952,,,,JA,S2,10.0159706972,明顯落單,19.0000000000
GS5-578,5,JA P2 R S1 W1,True,,,8.3990757745,,-2.7150619344,-1.7167321260,,-3.2704413998,,-0.6968403143,,,JA,S1,8.3990757745,明顯落單,84.0000000000
GS5-579,5,JA P2 R S1 W2,True,,,8.2030040859,,-2.8368261057,-1.7797070256,,-3.4168330565,,,-0.1696378982,,JA,S1,8.2030040859,明顯落單,98.0000000000
GS5-580,5,JA P2 R S1 ZH,True,,,5.8027260551,,-3.2998893639,-2.3589821284,,-3.6759568694,,,,3.5321023066,JA,S1,5.8027260551,中間,348.0000000000
GS5-581,5,JA P2 R S2 W1,True,,,8.5034907209,,-2.7840349718,-1.5668553501,,,-3.4346147421,-0.7179856569,,,JA,S2,8.5034907209,明顯落單,82.0000000000
GS5-582,5,JA P2 R S2 W2,True,,,8.2625937071,,-2.9506244684,-1.6746555750,,,-3.5137684108,,-0.1235452528,,JA,S2,8.2625937071,明顯落單,91.0000000000
GS5-583,5,JA P2 R S2 ZH,True,,,5.8686840137,,-3.4073193891,-2.2475623404,,,-3.7824447299,,,3.5686424458,JA,S2,5.8686840137,中間,337.0000000000
GS5-584,5,JA P2 R W1 W2,True,,,7.7174718856,,-2.6309618418,-0.7599397533,,,,-2.5000821816,-1.8264881088,,JA,P2,7.7174718856,明顯落單,120.0000000000
GS5-585,5,JA P2 R W1 ZH,True,,,4.8387932135,,-3.5724257413,-1.8176154974,,,,-2.0416050327,,2.5928530579,JA,P2,4.8387932135,中間,485.0000000000
GS5-586,5,JA P2 R W2 ZH,True,,,4.7130447059,,-3.6238667315,-1.8102672160,,,,,-1.6198873881,2.3409766297,JA,P2,4.7130447059,中間,499.0000000000
GS5-587,5,JA P2 RU S1 S2,True,,,6.5798624353,,-3.1410250831,,3.8927218511,-3.5874239863,-3.7441352171,,,,JA,S2,6.5798624353,明顯落單,250.0000000000
GS5-588,5,JA P2 RU S1 W1,True,,,5.4843209364,,-3.3717821340,,2.9536344362,-3.1613537669,,-1.9048194717,,,JA,P2,5.4843209364,中間,386.0000000000
GS5-589,5,JA P2 RU S1 W2,True,,,5.3647139838,,-3.4170815692,,2.7759624326,-3.2312806876,,,-1.4923141595,,JA,P2,5.3647139838,中間,408.0000000000
GS5-590,5,JA P2 RU S1 ZH,True,,,3.5158706170,,-3.3287101634,,1.3695353337,-2.9389698365,,,,1.3822740492,JA,P2,3.5158706170,對稱,657.0000000000
GS5-591,5,JA P2 RU S2 W1,True,,,5.5942091752,,-3.4352818789,,3.0953012734,,-3.3337370478,-1.9204915219,,,JA,P2,5.5942091752,中間,372.0000000000
GS5-592,5,JA P2 RU S2 W2,True,,,5.4297768973,,-3.5254066395,,2.8728039445,,-3.3364259806,,-1.4407482218,,JA,P2,5.4297768973,中間,399.0000000000
GS5-593,5,JA P2 RU S2 ZH,True,,,3.5873018679,,-3.4306668963,,1.4727451831,,-3.0536676357,,,1.4242874809,JA,P2,3.5873018679,對稱,651.0000000000
GS5-594,5,JA P2 RU W1 W2,True,,,5.4060084995,,-2.6843905893,,3.0054896307,,,-3.1047698869,-2.6223376541,,JA,W1,5.4060084995,中間,402.0000000000
GS5-595,5,JA P2 RU W1 ZH,True,,,3.0787644914,,-3.0744198247,,1.1206618906,,,-2.0948580739,,0.9698515166,JA,P2,3.0787644914,對稱,694.0000000000
GS5-596,5,JA P2 RU W2 ZH,True,,,3.0294807198,,-3.0493960790,,1.0133130680,,,,-1.7878375333,0.7944398244,JA,P2,3.0294807198,對稱,698.0000000000
GS5-597,5,JA P2 S1 S2 W1,True,,,9.0887237298,,-2.4616405416,,,-2.9257953707,-3.2398454889,-0.4614423286,,,JA,S2,9.0887237298,明顯落單,54.0000000000
GS5-598,5,JA P2 S1 S2 W2,True,,,8.8811934187,,-2.5948633353,,,-3.0836456498,-3.2856324548,,0.0829480212,,JA,S2,8.8811934187,明顯落單,67.0000000000
GS5-599,5,JA P2 S1 S2 ZH,True,,,6.3592232094,,-3.1796187720,,,-3.4644616413,-3.6823692899,,,3.9672264938,JA,S2,6.3592232094,中間,273.0000000000
GS5-600,5,JA P2 S1 W1 W2,True,,,8.3113619672,,-2.2999103388,,,-2.1318653830,,-2.2348817805,-1.6447044648,,JA,P2,8.3113619672,明顯落單,88.0000000000
GS5-601,5,JA P2 S1 W1 ZH,True,,,5.3046227791,,-3.3694347542,,,-2.9974503532,,-1.9044651475,,2.9667274758,JA,P2,5.3046227791,中間,416.0000000000
GS5-602,5,JA P2 S1 W2 ZH,True,,,5.2122409744,,-3.3875090416,,,-3.0401521261,,,-1.5327975571,2.7482177504,JA,P2,5.2122409744,中間,435.0000000000
GS5-603,5,JA P2 S2 W1 W2,True,,,8.4393604357,,-2.3452998541,,,,-2.3314140086,-2.2324436010,-1.5302029720,,JA,P2,8.4393604357,明顯落單,83.0000000000
GS5-604,5,JA P2 S2 W1 ZH,True,,,5.4389895851,,-3.4084559321,,,,-3.2065514849,-1.8956586306,,3.0716764624,JA,P2,5.4389895851,中間,396.0000000000
GS5-605,5,JA P2 S2 W2 ZH,True,,,5.3017824550,,-3.4713555448,,,,-3.1820152698,,-1.4567530523,2.8083414118,JA,P2,5.3017824550,中間,419.0000000000
GS5-606,5,JA P2 W1 W2 ZH,True,,,5.3189551259,,-2.5893984259,,,,,-3.0117707791,-2.5974014159,2.8796154949,JA,W1,5.3189551259,中間,412.0000000000
GS5-607,5,JA R RU S1 S2,True,,,6.5443207641,,,-2.5467163458,4.0837539751,-4.0717484880,-4.0096099054,,,,JA,S1,6.5443207641,明顯落單,254.0000000000
GS5-608,5,JA R RU S1 W1,True,,,5.2107579871,,,-2.4204414796,2.9066452821,-3.8836995466,,-1.8132622430,,,JA,S1,5.2107579871,中間,436.0000000000
GS5-609,5,JA R RU S1 W2,True,,,5.0676353258,,,-2.4304673519,2.7054575699,-3.9771421760,,,-1.3654833679,,JA,S1,5.0676353258,中間,457.0000000000
GS5-610,5,JA R RU S1 ZH,True,,,3.2652766969,,,-2.4118230528,1.3455152089,-3.6383465871,,,,1.4393777341,JA,S1,3.2652766969,對稱,682.0000000000
GS5-611,5,JA R RU S2 W1,True,,,5.2331063006,,,-2.3526313366,2.9607721941,,-3.9247729396,-1.9164742185,,,JA,S2,5.2331063006,中間,432.0000000000
GS5-612,5,JA R RU S2 W2,True,,,5.0451583141,,,-2.4074825342,2.7147591565,,-3.9509775810,,-1.4014573554,,JA,S2,5.0451583141,中間,463.0000000000
GS5-613,5,JA R RU S2 ZH,True,,,3.2491680225,,,-2.3824698977,1.3611851330,,-3.6217344982,,,1.3938512404,JA,S2,3.2491680225,對稱,684.0000000000
GS5-614,5,JA R RU W1 W2,True,,,4.7833686382,,,-1.2094345668,2.6094235646,,,-3.3622895702,-2.8210680658,,JA,W1,4.7833686382,中間,491.0000000000
GS5-615,5,JA R RU W1 ZH,True,,,2.5026093680,,,-1.6691909091,0.7710805624,,,-2.3058930194,,0.7013939982,JA,W1,2.5026093680,對稱,722.0000000000
GS5-616,5,JA R RU W2 ZH,True,,,2.4298098877,,,-1.6088936003,0.6402160311,,,,-1.9635989158,0.5024665973,JA,W2,2.4298098877,對稱,726.0000000000
GS5-617,5,JA R S1 S2 W1,True,,,8.9977635055,,,-1.7842039747,,-3.4655384255,-3.5607387304,-0.1872823749,,,JA,S2,8.9977635055,明顯落單,59.0000000000
GS5-618,5,JA R S1 S2 W2,True,,,8.7667174858,,,-1.8821532054,,-3.6469044133,-3.6300414050,,0.3923815379,,JA,S1,8.7667174858,明顯落單,71.0000000000
GS5-619,5,JA R S1 S2 ZH,True,,,6.2912320143,,,-2.5366357489,,-3.9812356669,-3.9802935021,,,4.2069329037,JA,S1,6.2912320143,中間,281.0000000000
GS5-620,5,JA R S1 W1 W2,True,,,7.9588647561,,,-1.2301682918,,-2.9331454245,,-2.2222588136,-1.5732922262,,JA,S1,7.9588647561,明顯落單,106.0000000000
GS5-621,5,JA R S1 W1 ZH,True,,,4.9986103060,,,-2.3694198140,,-3.7522456569,,-1.8453574427,,2.9684126076,JA,S1,4.9986103060,中間,468.0000000000
GS5-622,5,JA R S1 W2 ZH,True,,,4.8827127926,,,-2.3522205384,,-3.8184631384,,,-1.4384162894,2.7263871736,JA,S1,4.8827127926,中間,480.0000000000
GS5-623,5,JA R S2 W1 W2,True,,,7.9993232994,,,-1.1442479191,,,-3.0013841621,-2.3073605594,-1.5463306588,,JA,S2,7.9993232994,明顯落單,104.0000000000
GS5-624,5,JA R S2 W1 ZH,True,,,5.0454371866,,,-2.2771311039,,,-3.8300369005,-1.9240908511,,2.9858216689,JA,S2,5.0454371866,中間,462.0000000000
GS5-625,5,JA R S2 W2 ZH,True,,,4.8847143479,,,-2.3047571536,,,-3.8290163941,,-1.4499117098,2.6989709096,JA,S2,4.8847143479,中間,479.0000000000
GS5-626,5,JA R W1 W2 ZH,True,,,4.6638657407,,,-1.0657681176,,,,-3.3017399863,-2.8285813515,2.5322237147,JA,W1,4.6638657407,中間,506.0000000000
GS5-627,5,JA RU S1 S2 W1,True,,,5.7821588267,,,,3.3374373483,-3.6573006331,-3.7661841691,-1.6961113729,,,JA,S2,5.7821588267,中間,351.0000000000
GS5-628,5,JA RU S1 S2 W2,True,,,5.6275775430,,,,3.1247910136,-3.7622018849,-3.7590221077,,-1.2311445640,,JA,S1,5.6275775430,中間,368.0000000000
GS5-629,5,JA RU S1 W1 W2,True,,,5.3410782371,,,,2.9947457917,-2.5270894725,,-3.1332696518,-2.6754649044,,JA,W1,5.3410782371,中間,410.0000000000
GS5-630,5,JA RU S1 W1 ZH,True,,,2.9322584509,,,,1.0283422735,-2.7947550408,,-2.2049336169,,1.0390879334,JA,S1,2.9322584509,對稱,704.0000000000
GS5-631,5,JA RU S1 W2 ZH,True,,,2.8928256735,,,,0.9308444451,-2.7845077864,,,-1.9126895676,0.8735272353,JA,S1,2.8928256735,對稱,710.0000000000
GS5-632,5,JA RU S2 W1 W2,True,,,5.3870100727,,,,3.0724562257,,-2.6035381487,-3.2128981052,-2.6430300446,,JA,W1,5.3870100727,中間,405.0000000000
GS5-633,5,JA RU S2 W1 ZH,True,,,2.9845586240,,,,1.1124210450,,-2.8807562231,-2.2781937329,,1.0619702871,JA,S2,2.9845586240,對稱,700.0000000000
GS5-634,5,JA RU S2 W2 ZH,True,,,2.9003005213,,,,0.9700978913,,-2.8032709807,,-1.9187116956,0.8515842638,JA,S2,2.9003005213,對稱,707.0000000000
GS5-635,5,JA RU W1 W2 ZH,True,,,3.2008053378,,,,1.4270567917,,,-3.0580247085,-2.7760279136,1.2061904926,JA,W1,3.2008053378,對稱,688.0000000000
GS5-636,5,JA S1 S2 W1 W2,True,,,8.6442634518,,,,,-2.5927486551,-2.7469077653,-1.9911100875,-1.3134969439,,JA,S2,8.6442634518,明顯落單,76.0000000000
GS5-637,5,JA S1 S2 W1 ZH,True,,,5.5623168231,,,,,-3.5335410659,-3.7036210197,-1.7359008951,,3.4107461577,JA,S2,5.5623168231,中間,377.0000000000
GS5-638,5,JA S1 S2 W2 ZH,True,,,5.4349606872,,,,,-3.6112171699,-3.6692338104,,-1.3117718081,3.1572621012,JA,S2,5.4349606872,中間,398.0000000000
GS5-639,5,JA S1 W1 W2 ZH,True,,,5.1894024499,,,,,-2.3351636888,,-3.1048929576,-2.7151510798,2.9658052762,JA,W1,5.1894024499,中間,438.0000000000
GS5-640,5,JA S2 W1 W2 ZH,True,,,5.2598128527,,,,,,-2.4483302156,-3.1600428439,-2.6582376529,3.0067978596,JA,W1,5.2598128527,中間,426.0000000000
GS5-641,5,P1 P2 R RU S1,True,,,,-3.7249187746,-1.9491387985,-0.4489180316,8.2662575497,-2.1432819450,,,,,RU,P1,8.2662575497,明顯落單,90.0000000000
GS5-642,5,P1 P2 R RU S2,True,,,,-3.7173737807,-2.0584244592,-0.3393538790,8.3621384713,,-2.2469863524,,,,RU,P1,8.3621384713,明顯落單,86.0000000000
GS5-643,5,P1 P2 R RU W1,True,,,,-4.0772546408,-2.7384392192,-0.4243154439,6.9737933472,,,0.2662159567,,,RU,P1,6.9737933472,明顯落單,200.0000000000
GS5-644,5,P1 P2 R RU W2,True,,,,-4.1159696545,-2.8932777851,-0.5203647381,6.6865822130,,,,0.8430299648,,RU,P1,6.6865822130,明顯落單,238.0000000000
GS5-645,5,P1 P2 R RU ZH,True,,,,-4.5530977831,-3.5326156782,-1.2759144758,4.5524458152,,,,,4.8091821219,ZH,P1,4.8091821219,中間,487.0000000000
GS5-646,5,P1 P2 R S1 S2,True,,,,-1.6388255195,0.6330373948,1.6767513493,,-0.2356889479,-0.4352742768,,,,R,P1,1.6767513493,對稱,750.0000000000
GS5-647,5,P1 P2 R S1 W1,True,,,,-2.5447694334,-0.5930404189,1.0457267307,,-0.8049394913,,2.8970226129,,,W1,P1,2.8970226129,對稱,709.0000000000
GS5-648,5,P1 P2 R S1 W2,True,,,,-2.6265824802,-0.7909770180,0.9065794033,,-1.0275035758,,,3.5384836707,,W2,P1,3.5384836707,對稱,656.0000000000
GS5-649,5,P1 P2 R S1 ZH,True,,,,-3.7432057887,-2.1098100910,-0.5284655144,,-2.1423972036,,,,8.5238785978,ZH,P1,8.5238785978,明顯落單,81.0000000000
GS5-650,5,P1 P2 R S2 W1,True,,,,-2.4742888845,-0.6393905246,1.2182264383,,,-1.0030472312,2.8985002019,,,W1,P1,2.8985002019,對稱,708.0000000000
GS5-651,5,P1 P2 R S2 W2,True,,,,-2.6009272566,-0.8821524490,1.0342537856,,,-1.1583733277,,3.6071992477,,W2,P1,3.6071992477,對稱,647.0000000000
GS5-652,5,P1 P2 R S2 ZH,True,,,,-3.7111822277,-2.1946171846,-0.3944227947,,,-2.2828194616,,,8.5830416687,ZH,P1,8.5830416687,明顯落單,78.0000000000
GS5-653,5,P1 P2 R W1 W2,True,,,,-2.4350980694,-1.0364571616,1.4750022681,,,,0.5662639103,1.4302890526,,R,P1,1.4750022681,對稱,757.0000000000
GS5-654,5,P1 P2 R W1 ZH,True,,,,-4.0301220192,-2.8336908760,-0.4384432908,,,,0.1689712444,,7.1332849416,ZH,P1,7.1332849416,明顯落單,182.0000000000
GS5-655,5,P1 P2 R W2 ZH,True,,,,-4.0416118850,-2.9613042940,-0.5072674373,,,,,0.7049475307,6.8052360856,ZH,P1,6.8052360856,明顯落單,221.0000000000
GS5-656,5,P1 P2 RU S1 S2,True,,,,-3.3728358643,-1.6797681731,,8.8312459641,-1.7826866834,-1.9959552433,,,,RU,P1,8.8312459641,明顯落單,69.0000000000
GS5-657,5,P1 P2 RU S1 W1,True,,,,-3.7574263545,-2.3844925632,,7.4181912100,-1.8305838031,,0.5543115108,,,RU,P1,7.4181912100,明顯落單,143.0000000000
GS5-658,5,P1 P2 RU S1 W2,True,,,,-3.7627746653,-2.5059644262,,7.1643467785,-1.9766831516,,,1.0810754647,,RU,P1,7.1643467785,明顯落單,178.0000000000
GS5-659,5,P1 P2 RU S1 ZH,True,,,,-4.3279633098,-3.2733628353,,4.9021498649,-2.5401421155,,,,5.2393183957,ZH,P1,5.2393183957,中間,431.0000000000
GS5-660,5,P1 P2 RU S2 W1,True,,,,-3.6814725131,-2.4253693765,,7.5824809789,,-2.0369014816,0.5612623923,,,RU,P1,7.5824809789,明顯落單,131.0000000000
GS5-661,5,P1 P2 RU S2 W2,True,,,,-3.7316461493,-2.5916665648,,7.2838112222,,-2.1157628422,,1.1552643341,,RU,P1,7.2838112222,明顯落單,163.0000000000
GS5-662,5,P1 P2 RU S2 ZH,True,,,,-4.2904664564,-3.3526966365,,5.0279826459,,-2.6887743121,,,5.3039547590,ZH,P1,5.3039547590,中間,417.0000000000
GS5-663,5,P1 P2 RU W1 W2,True,,,,-3.0444635384,-2.2246178538,,6.9425295692,,,-1.1731557397,-0.5002924374,,RU,P1,6.9425295692,明顯落單,205.0000000000
GS5-664,5,P1 P2 RU W1 ZH,True,,,,-4.0880528241,-3.4704169041,,4.2019320142,,,-1.0190137416,,4.3755514556,ZH,P1,4.3755514556,對稱,544.0000000000
GS5-665,5,P1 P2 RU W2 ZH,True,,,,-4.0230779540,-3.5215655862,,4.0184107638,,,,-0.5977345593,4.1239673356,ZH,P1,4.1239673356,對稱,578.0000000000
GS5-666,5,P1 P2 S1 S2 W1,True,,,,-2.0672300446,-0.1982133151,,,-0.3188877512,-0.6894951987,3.2738263096,,,W1,P1,3.2738263096,對稱,681.0000000000
GS5-667,5,P1 P2 S1 S2 W2,True,,,,-2.1605017139,-0.4076085366,,,-0.5529104582,-0.8114545924,,3.9324753011,,W2,P1,3.9324753011,對稱,605.0000000000
GS5-668,5,P1 P2 S1 S2 ZH,True,,,,-3.3988172009,-1.8481337882,,,-1.7894962646,-2.0639612423,,,9.1004084960,ZH,P1,9.1004084960,明顯落單,53.0000000000
GS5-669,5,P1 P2 S1 W1 W2,True,,,,-2.0193821568,-0.5866228793,,,-0.0750975306,,0.9502470907,1.7308554759,,W2,P1,1.7308554759,對稱,748.0000000000
GS5-670,5,P1 P2 S1 W1 ZH,True,,,,-3.7424666225,-2.5119171096,,,-1.7964523156,,0.4248939089,,7.6259421388,ZH,P1,7.6259421388,明顯落單,128.0000000000
GS5-671,5,P1 P2 S1 W2 ZH,True,,,,-3.7205897855,-2.6061638248,,,-1.9153265163,,,0.9108201409,7.3312599857,ZH,P1,7.3312599857,明顯落單,159.0000000000
GS5-672,5,P1 P2 S2 W1 W2,True,,,,-1.9253180857,-0.6093894629,,,,-0.3085805536,0.9753082018,1.8679799004,,W2,P1,1.8679799004,對稱,745.0000000000
GS5-673,5,P1 P2 S2 W1 ZH,True,,,,-3.6420342140,-2.5283153558,,,,-2.0394878448,0.4563233574,,7.7535140571,ZH,P1,7.7535140571,明顯落單,118.0000000000
GS5-674,5,P1 P2 S2 W2 ZH,True,,,,-3.6649827023,-2.6673873963,,,,-2.0911240575,,1.0094875775,7.4140065786,ZH,P1,7.4140065786,明顯落單,144.0000000000
GS5-675,5,P1 P2 W1 W2 ZH,True,,,,-2.9368590227,-2.2593976165,,,,,-1.2099285580,-0.6051281253,7.0113133226,ZH,P1,7.0113133226,明顯落單,197.0000000000
GS5-676,5,P1 R RU S1 S2,True,,,,-3.0241151308,,-0.7011970311,8.7661031516,-2.5231861215,-2.5176048682,,,,RU,P1,8.7661031516,明顯落單,72.0000000000
GS5-677,5,P1 R RU S1 W1,True,,,,-3.6467268990,,-1.0488895041,7.1150271194,-2.8091045194,,0.3896938030,,,RU,P1,7.1150271194,明顯落單,184.0000000000
GS5-678,5,P1 R RU S1 W2,True,,,,-3.6755909185,,-1.1350878042,6.8376669794,-2.9787195765,,,0.9517313199,,RU,P1,6.8376669794,明顯落單,217.0000000000
GS5-679,5,P1 R RU S1 ZH,True,,,,-4.1942948252,,-1.9722133200,4.6219548035,-3.4956938025,,,,5.0402471441,ZH,P1,5.0402471441,中間,464.0000000000
GS5-680,5,P1 R RU S2 W1,True,,,,-3.6583129830,,-0.9584564294,7.1917769631,,-2.8841123099,0.3091047592,,,RU,P1,7.1917769631,明顯落單,176.0000000000
GS5-681,5,P1 R RU S2 ZH,True,,,,-4.2443378971,,-1.9202372332,4.6602476593,,-3.5130161112,,,5.0173435821,ZH,P1,5.0173435821,中間,465.0000000000
GS5-682,5,P1 R RU W1 W2,True,,,,-3.2828409949,,-0.3653994266,6.2902885666,,,-1.6868503595,-0.9551977856,,RU,P1,6.2902885666,中間,283.0000000000
GS5-683,5,P1 R RU W1 ZH,True,,,,-4.2799455429,,-1.6809255837,3.5961757495,,,-1.4862236236,,3.8509190007,ZH,P1,3.8509190007,對稱,618.0000000000
GS5-684,5,P1 R RU W2 ZH,True,,,,-4.2384863814,,-1.6968007028,3.3891387905,,,,-1.0296708783,3.5758191720,ZH,P1,3.5758191720,對稱,652.0000000000
GS5-685,5,P1 R S1 S2 W1,True,,,,-1.7739278642,,0.8634856566,,-1.1148057425,-1.2665633766,3.2918113268,,,W1,P1,3.2918113268,對稱,680.0000000000
GS5-686,5,P1 R S1 S2 W2,True,,,,-1.8907152422,,0.6893639980,,-1.3723441581,-1.4120384790,,3.9857338813,,W2,P1,3.9857338813,對稱,594.0000000000
GS5-687,5,P1 R S1 S2 ZH,True,,,,-3.0825459914,,-0.8208883603,,-2.5624452266,-2.6180603910,,,9.0839399694,ZH,P1,9.0839399694,明顯落單,55.0000000000
GS5-688,5,P1 R S1 W1 W2,True,,,,-1.9876169630,,0.8673815724,,-1.1325525086,,0.7066951211,1.5460927780,,W2,P1,1.5460927780,對稱,754.0000000000
GS5-689,5,P1 R S1 W1 ZH,True,,,,-3.6642166909,,-1.1276397646,,-2.8074225558,,0.2278266772,,7.3714523342,ZH,P1,7.3714523342,明顯落單,153.0000000000
GS5-690,5,P1 R S1 W2 ZH,True,,,,-3.6658555626,,-1.1866129169,,-2.9498124651,,,0.7490264722,7.0532544723,ZH,P1,7.0532544723,明顯落單,190.0000000000
GS5-691,5,P1 R S2 W1 W2,True,,,,-1.9810928173,,0.9759248768,,,-1.2347256436,0.6442163070,1.5956772771,,W2,P1,1.5956772771,對稱,752.0000000000
GS5-692,5,P1 R S2 W1 ZH,True,,,,-3.6513242078,,-1.0127281228,,,-2.9191481969,0.1717162004,,7.4114843271,ZH,P1,7.4114843271,明顯落單,146.0000000000
GS5-693,5,P1 R S2 W2 ZH,True,,,,-3.6977884048,,-1.1165266004,,,-2.9943001183,,0.7601539834,7.0484611400,ZH,P1,7.0484611400,明顯落單,191.0000000000
GS5-694,5,P1 R W1 W2 ZH,True,,,,-3.2076860032,,-0.3515049035,,,,-1.7560727018,-1.0924829974,6.4077466059,ZH,P1,6.4077466059,中間,271.0000000000
GS5-695,5,P1 RU S1 S2 W1,True,,,,-3.2874346258,,,7.6872248966,-2.4412998949,-2.6067407601,0.6482503841,,,RU,P1,7.6872248966,明顯落單,125.0000000000
GS5-696,5,P1 RU S1 S2 W2,True,,,,-3.3277572678,,,7.3984061341,-2.6223735745,-2.6757511264,,1.2274758347,,RU,P1,7.3984061341,明顯落單,148.0000000000
GS5-697,5,P1 RU S1 S2 ZH,True,,,,-3.9681533530,,,5.0610017798,-3.2610399790,-3.3303383745,,,5.4985299267,ZH,P1,5.4985299267,中間,383.0000000000
GS5-698,5,P1 RU S1 W1 W2,True,,,,-2.9033055650,,,6.7943935730,-1.8612285012,,-1.3390476618,-0.6908118449,,RU,P1,6.7943935730,明顯落單,224.0000000000
GS5-699,5,P1 RU S1 W1 ZH,True,,,,-4.0284706289,,,3.9722202399,-2.9846638845,,-1.2664814418,,4.3073957152,ZH,P1,4.3073957152,對稱,554.0000000000
GS5-700,5,P1 RU S1 W2 ZH,True,,,,-3.9536447646,,,3.7985499837,-3.0505890578,,,-0.8599787507,4.0656625894,ZH,P1,4.0656625894,對稱,584.0000000000
GS5-701,5,P1 RU S2 W1 W2,True,,,,-2.8913081269,,,6.8947269387,,-1.9716115749,-1.3960531836,-0.6357540534,,RU,P1,6.8947269387,明顯落單,209.0000000000
GS5-702,5,P1 RU S2 W1 ZH,True,,,,-4.0101048533,,,4.0789219431,,-3.1045994642,-1.3171186261,,4.3529010006,ZH,P1,4.3529010006,對稱,547.0000000000
GS5-703,5,P1 RU S2 W2 ZH,True,,,,-3.9801043143,,,3.8604263616,,-3.1032866496,,-0.8433779471,4.0663425495,ZH,P1,4.0663425495,對稱,583.0000000000
GS5-704,5,P1 RU W1 W2 ZH,True,,,,-2.9686484891,,,3.8434179229,,,-2.6470893686,-2.1746615042,3.9469814391,ZH,P1,3.9469814391,對稱,604.0000000000
GS5-705,5,P1 S1 S2 W1 W2,True,,,,-1.5143268339,,,,-0.6507500281,-0.8614664675,1.0792495582,1.9472937713,,W2,P1,1.9472937713,對稱,742.0000000000
GS5-706,5,P1 S1 S2 W1 ZH,True,,,,-3.3126187403,,,,-2.4473122538,-2.6739495368,0.4786889357,,7.9551915952,ZH,P1,7.9551915952,明顯落單,107.0000000000
GS5-707,5,P1 S1 S2 W2 ZH,True,,,,-3.3257162344,,,,-2.6011607856,-2.7157347553,,1.0170766645,7.6255351109,ZH,P1,7.6255351109,明顯落單,129.0000000000
GS5-708,5,P1 S1 W1 W2 ZH,True,,,,-2.8603234629,,,,-1.7990746437,,-1.4404428937,-0.8602699464,6.9601109468,ZH,P1,6.9601109468,明顯落單,201.0000000000
GS5-709,5,P1 S2 W1 W2 ZH,True,,,,-2.8238474577,,,,,-1.9461755680,-1.4729698483,-0.7807335878,7.0237264619,ZH,P1,7.0237264619,明顯落單,194.0000000000
GS5-710,5,P2 R RU S1 S2,True,,,,,-1.5441831502,-0.9143327416,7.9741722179,-2.7022034624,-2.8134528637,,,,RU,S2,7.9741722179,明顯落單,105.0000000000
GS5-711,5,P2 R RU S1 W1,True,,,,,-2.3588752583,-1.1339716547,6.4511497457,-2.8600683003,,-0.0982345324,,,RU,S1,6.4511497457,中間,262.0000000000
GS5-712,5,P2 R RU S1 W2,True,,,,,-2.4574134092,-1.1737205339,6.2202390265,-2.9832339366,,,0.3941288531,,RU,S1,6.2202390265,中間,291.0000000000
GS5-713,5,P2 R RU S1 ZH,True,,,,,-3.0974431746,-1.9299621439,4.0854107565,-3.4193242567,,,,4.3613188187,ZH,S1,4.3613188187,對稱,545.0000000000
GS5-714,5,P2 R RU S2 W1,True,,,,,-2.4405597351,-0.9968063181,6.5746318511,,-3.0051744836,-0.1320913144,,,RU,S2,6.5746318511,明顯落單,251.0000000000
GS5-715,5,P2 R RU S2 W2,True,,,,,-2.5839232112,-1.0813805226,6.2988958067,,-3.0611021319,,0.4275100591,,RU,S2,6.2988958067,中間,280.0000000000
GS5-716,5,P2 R RU S2 ZH,True,,,,,-3.2175846392,-1.8312537952,4.1704358741,,-3.5067449582,,,4.3851475185,ZH,S2,4.3851475185,對稱,542.0000000000
GS5-717,5,P2 R RU W1 W2,True,,,,,-2.3268422183,-0.2292463345,5.8476464355,,,-1.9535434523,-1.3380144305,,RU,P2,5.8476464355,中間,340.0000000000
GS5-718,5,P2 R RU W1 ZH,True,,,,,-3.4452726249,-1.4638885858,3.2344175242,,,-1.6720328105,,3.3467764970,ZH,P2,3.3467764970,對稱,675.0000000000
GS5-719,5,P2 R RU W2 ZH,True,,,,,-3.4734875948,-1.4333142840,3.0738299861,,,,-1.2851541965,3.1181260892,ZH,P2,3.1181260892,對稱,690.0000000000
GS5-720,5,P2 R S1 S2 W1,True,,,,,-0.1884264606,0.5799703307,,-1.3642026987,-1.6327909875,2.6054498161,,,W1,S2,2.6054498161,對稱,716.0000000000
GS5-721,5,P2 R S1 S2 W2,True,,,,,-0.3748879699,0.4522980930,,-1.5752916935,-1.7318166690,,3.2296982393,,W2,S2,3.2296982393,對稱,686.0000000000
GS5-722,5,P2 R S1 S2 ZH,True,,,,,-1.6880445778,-0.9770703595,,-2.6845088562,-2.8569546752,,,8.2065784686,ZH,S2,8.2065784686,明顯落單,97.0000000000
GS5-723,5,P2 R S1 W1 W2,True,,,,,-0.6638700306,0.7583692274,,-1.2074464840,,0.1948365913,0.9181106960,,W2,S1,0.9181106960,對稱,762.0000000000
GS5-724,5,P2 R S1 W1 ZH,True,,,,,-2.4617956173,-1.1557682039,,-2.8014326253,,-0.2031479469,,6.6221443934,ZH,S1,6.6221443934,明顯落單,245.0000000000
GS5-725,5,P2 R S1 W2 ZH,True,,,,,-2.5331086203,-1.1682919352,,-2.8973731138,,,0.2483777168,6.3503959524,ZH,S1,6.3503959524,中間,274.0000000000
GS5-726,5,P2 R S2 W1 W2,True,,,,,-0.7274442777,0.9136447936,,,-1.3797180118,0.1790900390,1.0144274569,,W2,S2,1.0144274569,對稱,761.0000000000
GS5-727,5,P2 R S2 W1 ZH,True,,,,,-2.5190015269,-0.9941243002,,,-2.9832566593,-0.2125261618,,6.7089086482,ZH,S2,6.7089086482,明顯落單,233.0000000000
GS5-728,5,P2 R W1 W2 ZH,True,,,,,-2.3371177936,-0.1583981001,,,,-1.9658120832,-1.4183459310,5.8796739078,ZH,P2,5.8796739078,中間,334.0000000000
GS5-729,5,P2 RU S1 S2 W1,True,,,,,-2.0492103561,,7.0564324369,-2.4591787618,-2.7414502816,0.1934069627,,,RU,S2,7.0564324369,明顯落單,189.0000000000
GS5-730,5,P2 RU S1 S2 W2,True,,,,,-2.1592071294,,6.8140630952,-2.5938030206,-2.7640112271,,0.7029582819,,RU,S2,6.8140630952,明顯落單,219.0000000000
GS5-731,5,P2 RU S1 S2 ZH,True,,,,,-2.9209290733,,4.5575426467,-3.1515855192,-3.3377145693,,,4.8526865152,ZH,S2,4.8526865152,中間,483.0000000000
GS5-732,5,P2 RU S1 W1 W2,True,,,,,-1.9268357665,,6.3381040940,-1.7046043874,,-1.6193881024,-1.0872758377,,RU,P2,6.3381040940,中間,277.0000000000
GS5-733,5,P2 RU S1 W1 ZH,True,,,,,-3.1733266891,,3.5968146668,-2.7471558647,,-1.4659379766,,3.7896058637,ZH,P2,3.7896058637,對稱,622.0000000000
GS5-734,5,P2 RU S1 W2 ZH,True,,,,,-3.1681749561,,3.4695938314,-2.7666316172,,,-1.1291094168,3.5943221587,ZH,P2,3.5943221587,對稱,650.0000000000
GS5-735,5,P2 RU S2 W1 W2,True,,,,,-1.9849367212,,6.4851697216,,-1.8850858538,-1.6296613623,-0.9854857843,,RU,P2,6.4851697216,中間,258.0000000000
GS5-736,5,P2 RU S2 W1 ZH,True,,,,,-3.2250593064,,3.7502486318,,-2.9371898373,-1.4698428990,,3.8818434109,ZH,P2,3.8818434109,對稱,614.0000000000
GS5-737,5,P2 RU S2 W2 ZH,True,,,,,-3.2647328987,,3.5782024712,,-2.8894276018,,-1.0657763513,3.6417343807,ZH,P2,3.6417343807,對稱,642.0000000000
GS5-738,5,P2 RU W1 W2 ZH,True,,,,,-2.4453574133,,3.6892475924,,,-2.6253106607,-2.2690063485,3.6504268302,RU,W1,3.6892475924,對稱,637.0000000000
GS5-739,5,P2 S1 S2 W1 W2,True,,,,,-0.2402072725,,,-0.6925590895,-1.0201061836,0.6004759423,1.3523966032,,W2,S2,1.3523966032,對稱,758.0000000000
GS5-740,5,P2 S1 S2 W1 ZH,True,,,,,-2.1598250376,,,-2.4082374094,-2.7517053470,0.0807992256,,7.2389685684,ZH,S2,7.2389685684,明顯落單,172.0000000000
GS5-741,5,P2 S1 S2 W2 ZH,True,,,,,-2.2425966631,,,-2.5156365203,-2.7470411446,,0.5495128231,6.9557615049,ZH,S2,6.9557615049,明顯落單,202.0000000000
GS5-742,5,P2 S1 W1 W2 ZH,True,,,,,-1.9692842315,,,-1.5854968184,,-1.6638296230,-1.1997802279,6.4183909008,ZH,P2,6.4183909008,中間,267.0000000000
GS5-743,5,P2 S2 W1 W2 ZH,True,,,,,-2.0029066190,,,,-1.8026961356,-1.6496243157,-1.0735116074,6.5287386777,ZH,P2,6.5287386777,中間,256.0000000000
GS5-744,5,R RU S1 S2 W1,True,,,,,,-1.2358295120,7.1014164897,-3.0895513347,-3.1529730412,0.3769373983,,,RU,S2,7.1014164897,明顯落單,186.0000000000
GS5-745,5,R RU S1 S2 W2,True,,,,,,-1.3105527224,6.8355314394,-3.2476913021,-3.1990496954,,0.9217622805,,RU,S1,6.8355314394,明顯落單,218.0000000000
GS5-746,5,R RU S1 S2 ZH,True,,,,,,-2.1420017730,4.6254957287,-3.7589890629,-3.7262682997,,,5.0017634070,ZH,S1,5.0017634070,中間,467.0000000000
GS5-747,5,R RU S1 W1 W2,True,,,,,,-0.7211494424,6.1215511602,-2.5965139470,,-1.6973946536,-1.1064931172,,RU,S1,6.1215511602,中間,299.0000000000
GS5-748,5,R RU S1 W1 ZH,True,,,,,,-2.0373674718,3.4267464708,-3.5925806865,,-1.4974597899,,3.7006614774,ZH,S1,3.7006614774,對稱,634.0000000000
GS5-749,5,R RU S1 W2 ZH,True,,,,,,-1.9969421758,3.2760099268,-3.6355721476,,,-1.1253576672,3.4818620638,ZH,S1,3.4818620638,對稱,662.0000000000
GS5-750,5,R RU S2 W1 ZH,True,,,,,,-1.9577902010,3.4926405104,,-3.6513047711,-1.5889046377,,3.7053590993,ZH,S2,3.7053590993,對稱,633.0000000000
GS5-751,5,R RU S2 W2 ZH,True,,,,,,-1.9621902303,3.2970786411,,-3.6270582442,,-1.1495645270,3.4417343604,ZH,S2,3.4417343604,對稱,667.0000000000
GS5-752,5,R RU W1 W2 ZH,True,,,,,,-0.7857828279,3.1701024843,,,-3.0059093861,-2.5908158023,3.2124055319,ZH,W1,3.2124055319,對稱,687.0000000000
GS5-753,5,R S1 S2 W1 W2,True,,,,,,0.6915749642,,-1.4018659241,-1.5105632049,0.7050721161,1.5157820486,,W2,S2,1.5157820486,對稱,756.0000000000
GS5-754,5,R S1 S2 W1 ZH,True,,,,,,-1.2977699077,,-3.0710595062,-3.1956776305,0.2318801373,,7.3326269071,ZH,S2,7.3326269071,明顯落單,158.0000000000
GS5-755,5,R S1 S2 W2 ZH,True,,,,,,-1.3452679702,,-3.2019743258,-3.2145291368,,0.7358672977,7.0259041350,ZH,S2,7.0259041350,明顯落單,193.0000000000
GS5-756,5,R S1 W1 W2 ZH,True,,,,,,-0.7149236215,,-2.5098559019,,-1.7742856980,-1.2514470313,6.2505122527,ZH,S1,6.2505122527,中間,287.0000000000
GS5-757,5,R S2 W1 W2 ZH,True,,,,,,-0.6172361210,,,-2.5957453311,-1.8476203161,-1.2127183361,6.2733201044,ZH,S2,6.2733201044,中間,284.0000000000
GS5-758,5,RU S1 S2 W1 W2,True,,,,,,,6.7225845917,-2.1998736681,-2.3222541799,-1.4100024181,-0.7904543256,,RU,S2,6.7225845917,明顯落單,232.0000000000
GS5-759,5,RU S1 S2 W1 ZH,True,,,,,,,3.9060877238,-3.3176325862,-3.4559339415,-1.3317597329,,4.1992385368,ZH,S2,4.1992385368,對稱,569.0000000000
GS5-760,5,RU S1 S2 W2 ZH,True,,,,,,,3.7438925573,-3.3720826697,-3.3983207118,,-0.9424696765,3.9689805007,ZH,S2,3.9689805007,對稱,598.0000000000
GS5-761,5,RU S2 W1 W2 ZH,True,,,,,,,3.6816843323,,-2.2527101900,-2.8079687342,-2.3642285942,3.7432231862,ZH,W1,3.7432231862,對稱,629.0000000000
GS5-762,5,S1 S2 W1 W2 ZH,True,,,,,,,,-2.1209099456,-2.3044868752,-1.4945877851,-0.9431025622,6.8630871681,ZH,S2,6.8630871681,明顯落單,211.0000000000
K5-01,5,EN JA P2 S1 ZH,False,-4.4340148774,,6.6864399823,,-3.0360973171,,,-3.4679458063,,,,4.2516180184,JA,EN,6.6864399823,明顯落單,
K5-02,5,ES S1 S2 W2 ZH,False,,2.3294183805,,,,,,-3.2392624356,-3.2631244486,,-0.6161548981,4.7891234018,ZH,S2,4.7891234018,中間,
K5-03,5,EN ES S1 S2 W2,False,-3.3019476704,5.8753465900,,,,,,-2.4158566047,-2.2116935089,,2.0541511939,,ES,EN,5.8753465900,中間,
K5-04,5,ES JA P2 R W2,False,,0.9461720049,5.5131071502,,-3.4990443786,-1.7125289844,,,,,-1.2477057920,,JA,P2,5.5131071502,中間,
K5-05,5,JA P1 W1 W2 ZH,False,,,5.5571415679,-3.0286733901,,,,,,-3.0895602280,-2.5590673126,3.1201593628,JA,W1,5.5571415679,中間,
K5-06,5,ES P1 P2 RU W2,False,,2.3396720864,,-3.5664835144,-3.1370828170,,4.3297867920,,,,0.0341074530,,RU,P1,4.3297867920,對稱,
K5-07,5,EN ES R RU W2,False,-3.9451353397,1.7098194031,,,,-1.4586676901,3.9941224348,,,,-0.3001388081,,RU,EN,3.9941224348,對稱,
K5-08,5,EN P2 R RU S1,False,-3.6530764901,,,,-1.3420096694,-0.7429635359,8.3850852968,-2.6470356015,,,,,RU,EN,8.3850852968,明顯落單,
K5-09,5,ES JA P1 R S1,False,,2.5484183666,7.3645465911,-3.9745929466,,-2.2183078808,,-3.7200641303,,,,,JA,P1,7.3645465911,明顯落單,
K5-10,5,ES P1 S2 W1 W2,False,,5.2556152122,,-2.3780423511,,,,,-1.6866569453,-1.0312350073,-0.1596809085,,ES,P1,5.2556152122,中間,
K5-11,5,EN R RU S1 W2,False,-4.0142799983,,,,,-1.1554457323,7.2301823026,-3.2087856568,,,1.1483290847,,RU,EN,7.2301823026,明顯落單,
K5-12,5,RU S1 W1 W2 ZH,False,,,,,,,3.5922067705,-2.1586108222,,-2.7401074086,-2.4084305818,3.7149420422,ZH,W1,3.7149420422,對稱,
K5-13,5,EN ES R W1 ZH,False,-4.1132634001,2.1938420366,,,,-1.7176663000,,,,-1.0971614340,,4.7342490974,ZH,EN,4.7342490974,中間,
K5-14,5,EN RU S1 S2 W1,False,-3.4807466944,,,,,,7.9828222125,-2.7682839826,-2.6785602290,0.9447686935,,,RU,EN,7.9828222125,明顯落單,
K5-15,5,EN ES P2 S2 ZH,False,-3.7505209065,3.3321722499,,,-2.7018758557,,,,-2.9074868955,,,6.0277114078,ZH,EN,6.0277114078,中間,
K5-16,5,JA RU S1 S2 ZH,False,,,3.7035267356,,,,1.6431564741,-3.5450984746,-3.5578395409,,,1.7562548057,JA,S2,3.7035267356,對稱,
K5-17,5,EN P1 P2 R W2,False,-2.0855584653,,,-2.4652368479,-0.6216046274,1.2639973321,,,,,3.9084026085,,W2,P1,3.9084026085,對稱,
K5-18,5,EN P1 RU S1 W1,False,-3.3775124491,,,-3.2560198495,,,8.0522366840,-2.4320333255,,1.0133289401,,,RU,EN,8.0522366840,明顯落單,
K5-19,5,ES R S1 W2 ZH,False,,1.9022486814,,,,-1.8210329812,,-3.5298938677,,,-0.8261848431,4.2748630106,ZH,S1,4.2748630106,對稱,
K5-20,5,EN ES JA W2 ZH,False,-3.4575842842,-0.0169941881,3.5553754413,,,,,,,,-1.7225677909,1.6417708218,JA,EN,3.5553754413,對稱,
K5-21,5,P2 R S2 W2 ZH,False,,,,,-2.6351398552,-1.0514733569,,,-3.0119591598,,0.3062374899,6.3923348819,ZH,S2,6.3923348819,中間,
K5-22,5,ES R S2 W1 W2,False,,4.4456913797,,,,-0.2309484895,,,-2.2965483916,-1.3662071584,-0.5519873402,,ES,S2,4.4456913797,對稱,
K5-23,5,P1 R RU S2 W2,False,,,,-3.7320023278,,-1.0894800548,6.8695914977,,-2.9864893791,,0.9383802640,,RU,P1,6.8695914977,明顯落單,
K5-24,5,ES R RU S1 S2,False,,2.8343818928,,,,-1.5292122818,5.1922626002,-3.2968627106,-3.2005695006,,,,RU,S1,5.1922626002,中間,
K5-25,5,EN P2 R RU W2,False,-3.7881290629,,,,-2.4568141940,-0.9850757805,6.6347444220,,,,0.5952746154,,RU,EN,6.6347444220,明顯落單,
K5-26,5,JA P1 P2 S2 W2,False,,,9.4674695112,-4.1049608131,-3.1050080811,,,,-2.7150693802,,0.4575687631,,JA,P1,9.4674695112,明顯落單,
K5-27,5,R RU S2 W1 W2,False,,,,,,-0.6479405090,6.1810768624,,-2.6456855254,-1.7952078388,-1.0922429892,,RU,S2,6.1810768624,中間,
K5-28,5,JA P1 P2 S1 W2,False,,,9.3670722266,-4.1488007685,-3.0320173818,,,-2.5569225306,,,0.3706684543,,JA,P1,9.3670722266,明顯落單,
K5-29,5,EN JA P1 R RU,False,-4.5978292408,,6.9914633468,-4.4340876454,,-2.3212740228,4.3617275621,,,,,,JA,EN,6.9914633468,明顯落單,
K5-30,5,ES P1 R W1 ZH,False,,2.2940738280,,-3.9913529705,,-1.5527892717,,,,-1.3460786507,,4.5961470649,ZH,P1,4.5961470649,對稱,
