model,dataset,pair,arm_a,arm_b,axis,symmetric,n_english,aggregator,subset,n,n_dis,acc_a,acc_b,d,c,m,parse_fail_a,parse_fail_b,acc_final,recovery,agg_no_answer,off_menu,anchor,anchor_rate,n_A_H2,n_B_H2,w_A_H2,recovery_blind_H2,recovery_H2,skill_H2,reps_undefined,reps_skill_undefined,tok_out_a,tok_out_b,tok_out_agg
deepseek,mmlu,EN+ZH,L:en,L:zh,L,False,1,blind,all,2000,149,0.907,0.888,0.0745,0.8322147651006712,0.4161073825503356,0.0,0.0,0.907,0.30645161290322576,0.0,0.0,L:en,1.0,40.385,21.64,0.6513779463163637,0.3027558926327273,0.30275589263272734,-7.442718319685432e-18,0,0,186.4655,237.425,0.0
deepseek,mmlu,EN+ZH,L:en,L:zh,L,False,1,blind,both_answered,2000,149,0.907,0.888,0.0745,0.8322147651006712,0.4161073825503356,0.0,0.0,0.907,0.30645161290322576,0.0,0.0,L:en,1.0,40.385,21.64,0.6513779463163637,0.3027558926327273,0.30275589263272734,-7.442718319685432e-18,0,0,186.4655,237.425,0.0
deepseek,mmlu,EN+ZH,L:en,L:zh,L,False,1,debate,all,2000,149,0.907,0.888,0.0745,0.8322147651006712,0.4161073825503356,0.0,0.0,0.9065,0.29032258064516125,0.0,0.0,L:en,1.0,40.385,21.64,0.6513779463163637,0.3027558926327273,0.2871143479316037,-0.03884097756324803,0,0,186.4655,237.425,66.6245
deepseek,mmlu,EN+ZH,L:en,L:zh,L,False,1,debate,both_answered,2000,149,0.907,0.888,0.0745,0.8322147651006712,0.4161073825503356,0.0,0.0,0.9065,0.29032258064516125,0.0,0.0,L:en,1.0,40.385,21.64,0.6513779463163637,0.3027558926327273,0.2871143479316037,-0.03884097756324803,0,0,186.4655,237.425,66.6245
deepseek,mmlu,EN+JA,L:en,L:ja,L,False,1,blind,all,2000,174,0.907,0.882,0.087,0.8620689655172413,0.43103448275862066,0.0,0.0,0.907,0.3333333333333333,0.0,0.0,L:en,1.0,49.855,25.06,0.6655139966203852,0.3310279932407704,0.3310279932407704,2.0168734033959718e-17,0,0,186.4655,284.919,0.0
deepseek,mmlu,EN+JA,L:en,L:ja,L,False,1,blind,both_answered,2000,174,0.907,0.882,0.087,0.8620689655172413,0.43103448275862066,0.0,0.0,0.907,0.3333333333333333,0.0,0.0,L:en,1.0,49.855,25.06,0.6655139966203852,0.3310279932407704,0.3310279932407704,2.0168734033959718e-17,0,0,186.4655,284.919,0.0
deepseek,mmlu,EN+JA,L:en,L:ja,L,False,1,debate,all,2000,174,0.907,0.882,0.087,0.8620689655172413,0.43103448275862066,0.0,0.0,0.9145,0.5333333333333334,0.0,0.017241379310344827,L:en,1.0,49.855,25.06,0.6655139966203852,0.3310279932407704,0.5331739845936001,0.29456918106032304,0,0,186.4655,284.919,91.9705
deepseek,mmlu,EN+JA,L:en,L:ja,L,False,1,debate,both_answered,2000,174,0.907,0.882,0.087,0.8620689655172413,0.43103448275862066,0.0,0.0,0.9145,0.5333333333333334,0.0,0.017241379310344827,L:en,1.0,49.855,25.06,0.6655139966203852,0.3310279932407704,0.5331739845936001,0.29456918106032304,0,0,186.4655,284.919,91.9705
deepseek,mmlu,EN+RU,L:en,L:ru,L,False,1,blind,all,2000,157,0.907,0.8825,0.0785,0.8726114649681529,0.43630573248407645,0.0,0.0,0.907,0.35766423357664223,0.0,0.0,L:en,1.0,46.17,22.18,0.6755741925565971,0.35114838511319413,0.35114838511319413,-1.3016290449835856e-17,0,0,186.4655,308.784,0.0
deepseek,mmlu,EN+RU,L:en,L:ru,L,False,1,blind,both_answered,2000,157,0.907,0.8825,0.0785,0.8726114649681529,0.43630573248407645,0.0,0.0,0.907,0.35766423357664223,0.0,0.0,L:en,1.0,46.17,22.18,0.6755741925565971,0.35114838511319413,0.35114838511319413,-1.3016290449835856e-17,0,0,186.4655,308.784,0.0
deepseek,mmlu,EN+RU,L:en,L:ru,L,False,1,debate,all,2000,157,0.907,0.8825,0.0785,0.8726114649681529,0.43630573248407645,0.0,0.0,0.908,0.38686131386861305,0.0,0.012738853503184714,L:en,1.0,46.17,22.18,0.6755741925565971,0.35114838511319413,0.3879960693797312,0.04234625607411469,0,0,186.4655,308.784,87.5115
deepseek,mmlu,EN+RU,L:en,L:ru,L,False,1,debate,both_answered,2000,157,0.907,0.8825,0.0785,0.8726114649681529,0.43630573248407645,0.0,0.0,0.908,0.38686131386861305,0.0,0.012738853503184714,L:en,1.0,46.17,22.18,0.6755741925565971,0.35114838511319413,0.3879960693797312,0.04234625607411469,0,0,186.4655,308.784,87.5115
deepseek,mmlu,EN+ES,L:en,L:es,L,False,1,blind,all,2000,143,0.907,0.893,0.0715,0.8391608391608392,0.4195804195804196,0.0,0.0,0.907,0.23333333333333336,0.0,0.0,L:en,1.0,36.95,23.075,0.615179028799056,0.23035805759811176,0.23035805759811176,-1.5421773464969666e-17,0,0,186.4655,258.0605,0.0
deepseek,mmlu,EN+ES,L:en,L:es,L,False,1,blind,both_answered,2000,143,0.907,0.893,0.0715,0.8391608391608392,0.4195804195804196,0.0,0.0,0.907,0.23333333333333336,0.0,0.0,L:en,1.0,36.95,23.075,0.615179028799056,0.23035805759811176,0.23035805759811176,-1.5421773464969666e-17,0,0,186.4655,258.0605,0.0
deepseek,mmlu,EN+ES,L:en,L:es,L,False,1,debate,all,2000,143,0.907,0.893,0.0715,0.8391608391608392,0.4195804195804196,0.0,0.0,0.91,0.3333333333333334,0.0,0.006993006993006993,L:en,1.0,36.95,23.075,0.615179028799056,0.23035805759811176,0.33175452154279506,0.12015263306146977,0,0,186.4655,258.0605,73.065
deepseek,mmlu,EN+ES,L:en,L:es,L,False,1,debate,both_answered,2000,143,0.907,0.893,0.0715,0.8391608391608392,0.4195804195804196,0.0,0.0,0.91,0.3333333333333334,0.0,0.006993006993006993,L:en,1.0,36.95,23.075,0.615179028799056,0.23035805759811176,0.33175452154279506,0.12015263306146977,0,0,186.4655,258.0605,73.065
deepseek,mmlu,ZH+JA,L:zh,L:ja,L,True,0,blind,all,2000,172,0.888,0.882,0.086,0.872093023255814,0.436046511627907,0.0,0.0,0.888,0.08000000000000002,0.0,0.0,L:zh,0.835,37.84,37.02,0.5055824292455526,0.011164858491105214,0.011164858491105227,1.2745207631510164e-17,0,0,237.425,284.919,0.0
deepseek,mmlu,ZH+JA,L:zh,L:ja,L,True,0,blind,both_answered,2000,172,0.888,0.882,0.086,0.872093023255814,0.436046511627907,0.0,0.0,0.888,0.08000000000000002,0.0,0.0,L:zh,0.835,37.84,37.02,0.5055824292455526,0.011164858491105214,0.011164858491105227,1.2745207631510164e-17,0,0,237.425,284.919,0.0
deepseek,mmlu,ZH+JA,L:zh,L:ja,L,True,0,debate,all,2000,172,0.888,0.882,0.086,0.872093023255814,0.436046511627907,0.0,0.0,0.8945,0.2533333333333333,0.0,0.0,L:zh,0.835,37.84,37.02,0.5055824292455526,0.011164858491105214,0.25580100674478357,0.23709742034464043,0,0,237.425,284.919,109.671
deepseek,mmlu,ZH+JA,L:zh,L:ja,L,True,0,debate,both_answered,2000,172,0.888,0.882,0.086,0.872093023255814,0.436046511627907,0.0,0.0,0.8945,0.2533333333333333,0.0,0.0,L:zh,0.835,37.84,37.02,0.5055824292455526,0.011164858491105214,0.25580100674478357,0.23709742034464043,0,0,237.425,284.919,109.671
deepseek,mmlu,ZH+RU,L:zh,L:ru,L,True,0,blind,all,2000,160,0.888,0.8825,0.08,0.83125,0.415625,0.0,0.0,0.888,0.0827067669172932,0.0,0.0,L:zh,0.865,33.73,32.495,0.5088354125133017,0.0176708250266034,0.0176708250266034,-3.741606134815704e-18,0,0,237.425,308.784,0.0
deepseek,mmlu,ZH+RU,L:zh,L:ru,L,True,0,blind,both_answered,2000,160,0.888,0.8825,0.08,0.83125,0.415625,0.0,0.0,0.888,0.0827067669172932,0.0,0.0,L:zh,0.865,33.73,32.495,0.5088354125133017,0.0176708250266034,0.0176708250266034,-3.741606134815704e-18,0,0,237.425,308.784,0.0
deepseek,mmlu,ZH+RU,L:zh,L:ru,L,True,0,debate,all,2000,160,0.888,0.8825,0.08,0.83125,0.415625,0.0,0.0,0.896,0.32330827067669177,0.0,0.0125,L:zh,0.865,33.73,32.495,0.5088354125133017,0.0176708250266034,0.3306228793009061,0.30848529195722185,0,0,237.425,308.784,95.8075
deepseek,mmlu,ZH+RU,L:zh,L:ru,L,True,0,debate,both_answered,2000,160,0.888,0.8825,0.08,0.83125,0.415625,0.0,0.0,0.896,0.32330827067669177,0.0,0.0125,L:zh,0.865,33.73,32.495,0.5088354125133017,0.0176708250266034,0.3306228793009061,0.30848529195722185,0,0,237.425,308.784,95.8075
deepseek,mmlu,ZH+ES,L:zh,L:es,L,True,0,blind,all,2000,177,0.888,0.893,0.0885,0.8700564971751412,0.4350282485875706,0.0,0.0,0.893,0.06493506493506497,0.0,0.0,L:es,0.81,38.745,38.715,0.49994316600393746,-0.00011366799212511158,-0.00011366799212510381,8.391703704782863e-18,0,0,237.425,258.0605,0.0
deepseek,mmlu,ZH+ES,L:zh,L:es,L,True,0,blind,both_answered,2000,177,0.888,0.893,0.0885,0.8700564971751412,0.4350282485875706,0.0,0.0,0.893,0.06493506493506497,0.0,0.0,L:es,0.81,38.745,38.715,0.49994316600393746,-0.00011366799212511158,-0.00011366799212510381,8.391703704782863e-18,0,0,237.425,258.0605,0.0
deepseek,mmlu,ZH+ES,L:zh,L:es,L,True,0,debate,all,2000,177,0.888,0.893,0.0885,0.8700564971751412,0.4350282485875706,0.0,0.0,0.9015,0.28571428571428564,0.0,0.005649717514124294,L:es,0.81,38.745,38.715,0.49994316600393746,-0.00011366799212511158,0.290005028207661,0.28356658218965175,0,0,237.425,258.0605,92.1705
deepseek,mmlu,ZH+ES,L:zh,L:es,L,True,0,debate,both_answered,2000,177,0.888,0.893,0.0885,0.8700564971751412,0.4350282485875706,0.0,0.0,0.9015,0.28571428571428564,0.0,0.005649717514124294,L:es,0.81,38.745,38.715,0.49994316600393746,-0.00011366799212511158,0.290005028207661,0.28356658218965175,0,0,237.425,258.0605,92.1705
deepseek,mmlu,JA+RU,L:ja,L:ru,L,True,0,blind,all,2000,183,0.882,0.8825,0.0915,0.825136612021858,0.412568306010929,0.0,0.0,0.8825,0.006622516556291398,0.0,0.0,L:ru,0.51,35.22,40.365,0.46598796408425985,-0.06802407183148022,-0.06802407183148021,7.424997298638768e-18,0,0,284.919,308.784,0.0
deepseek,mmlu,JA+RU,L:ja,L:ru,L,True,0,blind,both_answered,2000,183,0.882,0.8825,0.0915,0.825136612021858,0.412568306010929,0.0,0.0,0.8825,0.006622516556291398,0.0,0.0,L:ru,0.51,35.22,40.365,0.46598796408425985,-0.06802407183148022,-0.06802407183148021,7.424997298638768e-18,0,0,284.919,308.784,0.0
deepseek,mmlu,JA+RU,L:ja,L:ru,L,True,0,debate,all,2000,183,0.882,0.8825,0.0915,0.825136612021858,0.412568306010929,0.0,0.0,0.8975,0.40397350993377473,0.0,0.02185792349726776,L:ru,0.51,35.22,40.365,0.46598796408425985,-0.06802407183148022,0.4098446903787187,0.4459015485162463,0,0,284.919,308.784,123.981
deepseek,mmlu,JA+RU,L:ja,L:ru,L,True,0,debate,both_answered,2000,183,0.882,0.8825,0.0915,0.825136612021858,0.412568306010929,0.0,0.0,0.8975,0.40397350993377473,0.0,0.02185792349726776,L:ru,0.51,35.22,40.365,0.46598796408425985,-0.06802407183148022,0.4098446903787187,0.4459015485162463,0,0,284.919,308.784,123.981
deepseek,mmlu,JA+ES,L:ja,L:es,L,True,0,blind,all,2000,180,0.882,0.893,0.09,0.8555555555555555,0.42777777777777776,0.0,0.0,0.893,0.14285714285714288,0.0,0.0,L:es,0.985,43.61,33.5,0.5665694460615255,0.13313889212305113,0.13313889212305113,6.2623276994766554e-18,0,0,284.919,258.0605,0.0
deepseek,mmlu,JA+ES,L:ja,L:es,L,True,0,blind,both_answered,2000,180,0.882,0.893,0.09,0.8555555555555555,0.42777777777777776,0.0,0.0,0.893,0.14285714285714288,0.0,0.0,L:es,0.985,43.61,33.5,0.5665694460615255,0.13313889212305113,0.13313889212305113,6.2623276994766554e-18,0,0,284.919,258.0605,0.0
deepseek,mmlu,JA+ES,L:ja,L:es,L,True,0,debate,all,2000,180,0.882,0.893,0.09,0.8555555555555555,0.42777777777777776,0.0,0.0,0.901,0.3506493506493506,0.0,0.005555555555555556,L:es,0.985,43.61,33.5,0.5665694460615255,0.13313889212305113,0.3570412946868868,0.25226239035280784,0,0,284.919,258.0605,103.3255
deepseek,mmlu,JA+ES,L:ja,L:es,L,True,0,debate,both_answered,2000,180,0.882,0.893,0.09,0.8555555555555555,0.42777777777777776,0.0,0.0,0.901,0.3506493506493506,0.0,0.005555555555555556,L:es,0.985,43.61,33.5,0.5665694460615255,0.13313889212305113,0.3570412946868868,0.25226239035280784,0,0,284.919,258.0605,103.3255
deepseek,mmlu,RU+ES,L:ru,L:es,L,True,0,blind,all,2000,160,0.8825,0.893,0.08,0.88125,0.440625,0.0,0.0,0.893,0.14893617021276592,0.0,0.0,L:es,0.95,39.015,31.31,0.5554386587371076,0.1108773174742153,0.1108773174742153,-9.376788345733588e-20,0,0,308.784,258.0605,0.0
deepseek,mmlu,RU+ES,L:ru,L:es,L,True,0,blind,both_answered,2000,160,0.8825,0.893,0.08,0.88125,0.440625,0.0,0.0,0.893,0.14893617021276592,0.0,0.0,L:es,0.95,39.015,31.31,0.5554386587371076,0.1108773174742153,0.1108773174742153,-9.376788345733588e-20,0,0,308.784,258.0605,0.0
deepseek,mmlu,RU+ES,L:ru,L:es,L,True,0,debate,all,2000,160,0.8825,0.893,0.08,0.88125,0.440625,0.0,0.0,0.8985,0.30496453900709214,0.0,0.0125,L:es,0.95,39.015,31.31,0.5554386587371076,0.1108773174742153,0.3095353023944679,0.20987514988041298,0,0,308.784,258.0605,95.3465
deepseek,mmlu,RU+ES,L:ru,L:es,L,True,0,debate,both_answered,2000,160,0.8825,0.893,0.08,0.88125,0.440625,0.0,0.0,0.8985,0.30496453900709214,0.0,0.0125,L:es,0.95,39.015,31.31,0.5554386587371076,0.1108773174742153,0.3095353023944679,0.20987514988041298,0,0,308.784,258.0605,95.3465
deepseek,mmlu,EN+SR-EN,L:en,F:en,F,False,2,blind,all,2000,44,0.907,0.899,0.022,0.8181818181818182,0.4090909090909091,0.0,0.0004999999999999449,0.907,0.4444444444444444,0.0,0.0,L:en,1.0,12.895,5.135,0.7153454856317238,0.43069097126344746,0.43069097126344735,3.276413532017296e-17,0,0,186.4655,105.3175,0.0
deepseek,mmlu,EN+SR-EN,L:en,F:en,F,False,2,blind,both_answered,1999,43,0.9069534767383692,0.8994497248624312,0.021510755377688845,0.813953488372093,0.4069767441860465,0.0,0.0,0.9069534767383692,0.42857142857142866,0.0,0.0,L:en,0.99,12.36,5.425,0.6963424789406836,0.3926849578813672,0.3926849578813672,1.2320859720478614e-17,0,0,186.48124062031016,105.36968484242121,0.0
deepseek,mmlu,ZH+SR-ZH,L:zh,F:zh,F,False,0,blind,all,2000,50,0.888,0.8835,0.025,0.82,0.41,0.0,0.0004999999999999449,0.888,0.2195121951219513,0.0,0.0,L:zh,0.88,11.41,9.025,0.55799283553626,0.11598567107251989,0.11598567107251992,1.8657831397099176e-17,0,0,237.425,133.6145,0.0
deepseek,mmlu,ZH+SR-ZH,L:zh,F:zh,F,False,0,blind,both_answered,1999,49,0.887943971985993,0.8839419709854928,0.02451225612806403,0.8163265306122449,0.40816326530612246,0.0,0.0,0.887943971985993,0.19999999999999996,0.0,0.0,L:zh,0.895,10.865,8.83,0.5526574621857496,0.10531492437149914,0.10531492437149911,-1.8491558415839737e-17,0,0,237.46423211605804,133.6808404202101,0.0
deepseek,mathqa,EN+ZH,L:en,L:zh,L,False,1,blind,all,2000,102,0.907,0.91,0.051,0.7058823529411765,0.35294117647058826,0.0010000000000000009,0.0014999999999999458,0.91,0.08333333333333319,0.029411764705882353,0.0,L:zh,0.775,17.415,18.315,0.4881945502728698,-0.02361089945426035,-0.023610899454260356,-3.4711468414907966e-19,0,0,363.61,539.745,0.0
deepseek,mathqa,EN+ZH,L:en,L:zh,L,False,1,blind,both_answered,1995,97,0.9087719298245615,0.9117794486215539,0.04862155388471178,0.7216494845360825,0.36082474226804123,0.0,0.0,0.9117794486215539,0.08571428571428572,0.0,0.0,L:zh,0.74,17.015,18.155,0.4831527763340118,-0.033694447331976296,-0.03369444733197629,9.243954684954446e-18,0,0,350.7764411027569,524.6190476190476,0.0
deepseek,mathqa,EN+ZH,L:en,L:zh,L,False,1,debate,all,2000,102,0.907,0.91,0.051,0.7058823529411765,0.35294117647058826,0.0010000000000000009,0.0014999999999999458,0.9155,0.38888888888888873,0.0,0.0,L:zh,0.775,17.415,18.315,0.4881945502728698,-0.02361089945426035,0.39116544507723217,0.39577588734402397,0,0,363.61,539.745,77.0415
deepseek,mathqa,EN+ZH,L:en,L:zh,L,False,1,debate,both_answered,1995,97,0.9087719298245615,0.9117794486215539,0.04862155388471178,0.7216494845360825,0.36082474226804123,0.0,0.0,0.9167919799498747,0.3714285714285715,0.0,0.0,L:zh,0.74,17.015,18.155,0.4831527763340118,-0.033694447331976296,0.3698400375748423,0.3783846554635894,0,0,350.7764411027569,524.6190476190476,74.43208020050125
deepseek,mathqa,EN+JA,L:en,L:ja,L,False,1,blind,all,2000,110,0.907,0.908,0.055,0.7636363636363637,0.38181818181818183,0.0010000000000000009,0.0010000000000000009,0.908,0.023809523809523815,0.01818181818181818,0.0,L:ja,0.635,19.265,22.315,0.46297207733351897,-0.07405584533296203,-0.07405584533296203,-4.180219264528148e-18,0,0,363.61,586.1225,0.0
deepseek,mathqa,EN+JA,L:en,L:ja,L,False,1,blind,both_answered,1996,106,0.908817635270541,0.9098196392785571,0.0531062124248497,0.7924528301886793,0.39622641509433965,0.0,0.0,0.9098196392785571,0.0238095238095238,0.0,0.0,L:ja,0.575,19.415,22.47,0.46257303174283676,-0.07485393651432658,-0.07485393651432659,-3.891752950436262e-18,0,0,350.93036072144287,575.746993987976,0.0
deepseek,mathqa,EN+JA,L:en,L:ja,L,False,1,debate,all,2000,110,0.907,0.908,0.055,0.7636363636363637,0.38181818181818183,0.0010000000000000009,0.0010000000000000009,0.915,0.3571428571428571,0.0,0.02727272727272727,L:ja,0.635,19.265,22.315,0.46297207733351897,-0.07405584533296203,0.3613992167296216,0.4025927883426841,0,0,363.61,586.1225,86.296
deepseek,mathqa,EN+JA,L:en,L:ja,L,False,1,debate,both_answered,1996,106,0.908817635270541,0.9098196392785571,0.0531062124248497,0.7924528301886793,0.39622641509433965,0.0,0.0,0.9168336673346693,0.35714285714285704,0.0,0.018867924528301886,L:ja,0.575,19.415,22.47,0.46257303174283676,-0.07485393651432658,0.3603000869740815,0.40142988070583313,0,0,350.93036072144287,575.746993987976,83.79959919839679
deepseek,mathqa,EN+RU,L:en,L:ru,L,False,1,blind,all,2000,109,0.907,0.9045,0.0545,0.7064220183486238,0.3532110091743119,0.0010000000000000009,0.0020000000000000018,0.907,0.06493506493506501,0.01834862385321101,0.0,L:en,0.715,18.215,20.015,0.4765609709175612,-0.04687805816487756,-0.046878058164877556,2.0615962111397814e-18,0,0,363.61,587.6985,0.0
deepseek,mathqa,EN+RU,L:en,L:ru,L,False,1,blind,both_answered,1994,103,0.9092276830491475,0.9072216649949849,0.051654964894684054,0.7378640776699029,0.36893203883495146,0.0,0.0,0.9092276830491475,0.0526315789473684,0.0,0.0,L:en,0.655,17.985,20.33,0.46894011881009595,-0.06211976237980805,-0.062119762379808055,-1.8195353835853733e-19,0,0,348.9578736208626,567.9448345035105,0.0
deepseek,mathqa,EN+RU,L:en,L:ru,L,False,1,debate,all,2000,109,0.907,0.9045,0.0545,0.7064220183486238,0.3532110091743119,0.0010000000000000009,0.0020000000000000018,0.913,0.37662337662337675,0.0,0.01834862385321101,L:en,0.715,18.215,20.015,0.4765609709175612,-0.04687805816487756,0.36466923655894734,0.3838444276964646,0,0,363.61,587.6985,94.387
deepseek,mathqa,EN+RU,L:en,L:ru,L,False,1,debate,both_answered,1994,103,0.9092276830491475,0.9072216649949849,0.051654964894684054,0.7378640776699029,0.36893203883495146,0.0,0.0,0.9152457372116349,0.3684210526315789,0.0,0.009708737864077669,L:en,0.655,17.985,20.33,0.46894011881009595,-0.06211976237980805,0.3742291555781881,0.40453288314450986,0,0,348.9578736208626,567.9448345035105,82.5667001003009
deepseek,mathqa,EN+ES,L:en,L:es,L,False,1,blind,all,2000,86,0.907,0.909,0.043,0.6976744186046512,0.3488372093023256,0.0010000000000000009,0.0014999999999999458,0.909,0.06666666666666662,0.03488372093023256,0.0,L:es,0.74,13.865,15.585,0.4706197829674329,-0.0587604340651342,-0.0587604340651342,1.6640778154519356e-18,0,0,363.61,530.923,0.0
deepseek,mathqa,EN+ES,L:en,L:es,L,False,1,blind,both_answered,1995,81,0.9092731829573935,0.9112781954887218,0.0406015037593985,0.7407407407407407,0.37037037037037035,0.0,0.0,0.9112781954887218,0.06666666666666667,0.0,0.0,L:es,0.7,14.21,15.95,0.47076280861165887,-0.058474382776682356,-0.058474382776682356,2.3223423144312654e-18,0,0,349.2390977443609,513.8395989974937,0.0
deepseek,mathqa,EN+ES,L:en,L:es,L,False,1,debate,all,2000,86,0.907,0.909,0.043,0.6976744186046512,0.3488372093023256,0.0010000000000000009,0.0014999999999999458,0.911,0.20000000000000004,0.0,0.023255813953488372,L:es,0.74,13.865,15.585,0.4706197829674329,-0.0587604340651342,0.20339391592874964,0.23506168422146345,0,0,363.61,530.923,52.654
deepseek,mathqa,EN+ES,L:en,L:es,L,False,1,debate,both_answered,1995,81,0.9092731829573935,0.9112781954887218,0.0406015037593985,0.7407407407407407,0.37037037037037035,0.0,0.0,0.912781954887218,0.16666666666666666,0.0,0.0,L:es,0.7,14.21,15.95,0.47076280861165887,-0.058474382776682356,0.15926436082059767,0.19357646536899634,0,0,349.2390977443609,513.8395989974937,50.01102756892231
deepseek,mathqa,ZH+JA,L:zh,L:ja,L,True,0,blind,all,2000,96,0.91,0.908,0.048,0.7708333333333334,0.3854166666666667,0.0014999999999999458,0.0010000000000000009,0.91,0.054054054054054,0.03125,0.0,L:zh,0.67,17.375,19.625,0.4700509227045998,-0.05989815459080038,-0.05989815459080037,2.911160453181691e-18,0,0,539.745,586.1225,0.0
deepseek,mathqa,ZH+JA,L:zh,L:ja,L,True,0,blind,both_answered,1995,91,0.9117794486215539,0.9092731829573935,0.0456140350877193,0.7802197802197802,0.3901098901098901,0.0,0.0,0.9117794486215539,0.07042253521126764,0.0,0.0,L:zh,0.745,16.82,18.38,0.4782782351436549,-0.043443529712690075,-0.043443529712690075,3.25486608696137e-18,0,0,521.9593984962406,570.8666666666667,0.0
deepseek,mathqa,ZH+JA,L:zh,L:ja,L,True,0,debate,all,2000,96,0.91,0.908,0.048,0.7708333333333334,0.3854166666666667,0.0014999999999999458,0.0010000000000000009,0.91,0.054054054054054,0.0,0.020833333333333332,L:zh,0.67,17.375,19.625,0.4700509227045998,-0.05989815459080038,0.06470257914497278,0.10788074501732296,0,0,539.745,586.1225,87.49
deepseek,mathqa,ZH+JA,L:zh,L:ja,L,True,0,debate,both_answered,1995,91,0.9117794486215539,0.9092731829573935,0.0456140350877193,0.7802197802197802,0.3901098901098901,0.0,0.0,0.9112781954887218,0.042253521126760556,0.0,0.01098901098901099,L:zh,0.745,16.82,18.38,0.4782782351436549,-0.043443529712690075,0.041946480837153216,0.06637320418902228,0,0,521.9593984962406,570.8666666666667,83.0280701754386
deepseek,mathqa,ZH+RU,L:zh,L:ru,L,True,0,blind,all,2000,112,0.91,0.9045,0.056,0.7053571428571429,0.35267857142857145,0.0014999999999999458,0.0020000000000000018,0.91,0.1392405063291139,0.026785714285714284,0.0,L:zh,0.87,20.89,18.7,0.5283393148630082,0.05667862972601632,0.05667862972601629,-1.822202993694472e-17,0,0,539.745,587.6985,0.0
deepseek,mathqa,ZH+RU,L:zh,L:ru,L,True,0,blind,both_answered,1993,105,0.9126944305067737,0.907175112895133,0.05268439538384345,0.7333333333333333,0.36666666666666664,0.0,0.0,0.9126944305067737,0.14285714285714296,0.0,0.0,L:zh,0.885,20.675,18.195,0.5317361079836563,0.06347221596731287,0.06347221596731285,-9.807394940716491e-18,0,0,518.8273958855996,563.1726041144004,0.0
deepseek,mathqa,ZH+RU,L:zh,L:ru,L,True,0,debate,all,2000,112,0.91,0.9045,0.056,0.7053571428571429,0.35267857142857145,0.0014999999999999458,0.0020000000000000018,0.912,0.24050632911392397,0.0,0.008928571428571428,L:zh,0.87,20.89,18.7,0.5283393148630082,0.05667862972601632,0.24615697929899497,0.17779029285067602,0,0,539.745,587.6985,119.8235
deepseek,mathqa,ZH+RU,L:zh,L:ru,L,True,0,debate,both_answered,1993,105,0.9126944305067737,0.907175112895133,0.05268439538384345,0.7333333333333333,0.36666666666666664,0.0,0.0,0.9141996989463121,0.2207792207792209,0.0,0.009523809523809525,L:zh,0.885,20.675,18.195,0.5317361079836563,0.06347221596731287,0.22297474082324237,0.1464965971509634,0,0,518.8273958855996,563.1726041144004,108.26041144004014
deepseek,mathqa,ZH+ES,L:zh,L:es,L,True,0,blind,all,2000,82,0.91,0.909,0.041,0.6585365853658537,0.32926829268292684,0.0014999999999999458,0.0014999999999999458,0.91,0.03703703703703707,0.024390243902439025,0.0,L:zh,0.585,12.135,14.965,0.44715681762118437,-0.10568636475763135,-0.10568636475763135,-8.744575197683634e-19,0,0,539.745,530.923,0.0
deepseek,mathqa,ZH+ES,L:zh,L:es,L,True,0,blind,both_answered,1995,78,0.9122807017543859,0.9112781954887218,0.039097744360902256,0.6923076923076923,0.34615384615384615,0.0,0.0,0.9122807017543859,0.03703703703703707,0.0,0.0,L:zh,0.625,12.195,14.835,0.45069054542463904,-0.09861890915072209,-0.09861890915072209,8.543712589326649e-19,0,0,523.2215538847117,514.5804511278195,0.0
deepseek,mathqa,ZH+ES,L:zh,L:es,L,True,0,debate,all,2000,82,0.91,0.909,0.041,0.6585365853658537,0.32926829268292684,0.0014999999999999458,0.0014999999999999458,0.9135,0.2962962962962962,0.0,0.04878048780487805,L:zh,0.585,12.135,14.965,0.44715681762118437,-0.10568636475763135,0.2994655916522374,0.3605389648406289,0,0,539.745,530.923,70.7425
deepseek,mathqa,ZH+ES,L:zh,L:es,L,True,0,debate,both_answered,1995,78,0.9122807017543859,0.9112781954887218,0.039097744360902256,0.6923076923076923,0.34615384615384615,0.0,0.0,0.9147869674185464,0.22222222222222224,0.0,0.01282051282051282,L:zh,0.625,12.195,14.835,0.45069054542463904,-0.09861890915072209,0.2165881815046105,0.2807402490440416,0,0,523.2215538847117,514.5804511278195,68.3187969924812
deepseek,mathqa,JA+RU,L:ja,L:ru,L,True,0,blind,all,2000,97,0.908,0.9045,0.0485,0.7319587628865979,0.36597938144329895,0.0010000000000000009,0.0020000000000000018,0.908,0.09859154929577475,0.020618556701030927,0.0,L:ja,0.805,17.385,17.685,0.49550738417458773,-0.008985231650824417,-0.008985231650824411,4.527029413959388e-18,0,0,586.1225,587.6985,0.0
deepseek,mathqa,JA+RU,L:ja,L:ru,L,True,0,blind,both_answered,1994,91,0.9097291875626881,0.9072216649949849,0.04563691073219659,0.7582417582417582,0.3791208791208791,0.0,0.0,0.9097291875626881,0.07246376811594207,0.0,0.0,L:ja,0.65,16.035,18.43,0.46463715160037916,-0.0707256967992417,-0.0707256967992417,-2.2201878818140537e-18,0,0,567.5320962888666,568.0892678034103,0.0
deepseek,mathqa,JA+RU,L:ja,L:ru,L,True,0,debate,all,2000,97,0.908,0.9045,0.0485,0.7319587628865979,0.36597938144329895,0.0010000000000000009,0.0020000000000000018,0.9115,0.295774647887324,0.0,0.030927835051546393,L:ja,0.805,17.385,17.685,0.49550738417458773,-0.008985231650824417,0.30453957648375557,0.2954572229997136,0,0,586.1225,587.6985,88.9645
deepseek,mathqa,JA+RU,L:ja,L:ru,L,True,0,debate,both_answered,1994,91,0.9097291875626881,0.9072216649949849,0.04563691073219659,0.7582417582417582,0.3791208791208791,0.0,0.0,0.9137412236710131,0.3043478260869566,0.0,0.02197802197802198,L:ja,0.65,16.035,18.43,0.46463715160037916,-0.0707256967992417,0.3067772572541684,0.34222594829845976,0,0,567.5320962888666,568.0892678034103,79.44734202607823
deepseek,mathqa,JA+ES,L:ja,L:es,L,True,0,blind,all,2000,96,0.908,0.909,0.048,0.7291666666666666,0.3645833333333333,0.0010000000000000009,0.0014999999999999458,0.909,0.028571428571428623,0.03125,0.0,L:es,0.595,15.995,18.795,0.45947436638594996,-0.08105126722810024,-0.08105126722810022,7.529444975584364e-18,0,0,586.1225,530.923,0.0
deepseek,mathqa,JA+ES,L:ja,L:es,L,True,0,blind,both_answered,1995,91,0.9097744360902256,0.9112781954887218,0.0456140350877193,0.7582417582417582,0.3791208791208791,0.0,0.0,0.9112781954887218,0.04347826086956521,0.0,0.0,L:es,0.615,15.605,18.58,0.4562431359671099,-0.08751372806578019,-0.08751372806578017,7.117203474598141e-18,0,0,568.0020050125313,514.8997493734336,0.0
deepseek,mathqa,JA+ES,L:ja,L:es,L,True,0,debate,all,2000,96,0.908,0.909,0.048,0.7291666666666666,0.3645833333333333,0.0010000000000000009,0.0014999999999999458,0.9125,0.22857142857142868,0.0,0.010416666666666666,L:es,0.595,15.995,18.795,0.45947436638594996,-0.08105126722810024,0.23002885148241808,0.2836496730433633,0,0,586.1225,530.923,86.4675
deepseek,mathqa,JA+ES,L:ja,L:es,L,True,0,debate,both_answered,1995,91,0.9097744360902256,0.9112781954887218,0.0456140350877193,0.7582417582417582,0.3791208791208791,0.0,0.0,0.9137844611528823,0.18840579710144933,0.0,0.0,L:es,0.615,15.605,18.58,0.4562431359671099,-0.08751372806578019,0.1890267087412989,0.24678088110215415,0,0,568.0020050125313,514.8997493734336,81.89724310776943
deepseek,mathqa,RU+ES,L:ru,L:es,L,True,0,blind,all,2000,95,0.9045,0.909,0.0475,0.6842105263157895,0.34210526315789475,0.0020000000000000018,0.0014999999999999458,0.909,0.1384615384615384,0.021052631578947368,0.0,L:es,0.885,17.15,15.29,0.5288985398063889,0.057797079612777705,0.05779707961277771,4.470601925587863e-18,0,0,587.6985,530.923,0.0
deepseek,mathqa,RU+ES,L:ru,L:es,L,True,0,blind,both_answered,1994,90,0.9067201604814443,0.9117352056168505,0.04513540621865597,0.7111111111111111,0.35555555555555557,0.0,0.0,0.9117352056168505,0.15624999999999992,0.0,0.0,L:es,0.87,16.86,14.925,0.5307992525029018,0.061598505005803744,0.06159850500580376,1.929874305303257e-17,0,0,565.289368104313,512.8214643931796,0.0
deepseek,mathqa,RU+ES,L:ru,L:es,L,True,0,debate,all,2000,95,0.9045,0.909,0.0475,0.6842105263157895,0.34210526315789475,0.0020000000000000018,0.0014999999999999458,0.9095,0.16923076923076927,0.0,0.031578947368421054,L:es,0.885,17.15,15.29,0.5288985398063889,0.057797079612777705,0.16684721487542958,0.09265201367832945,0,0,587.6985,530.923,86.562
deepseek,mathqa,RU+ES,L:ru,L:es,L,True,0,debate,both_answered,1994,90,0.9067201604814443,0.9117352056168505,0.04513540621865597,0.7111111111111111,0.35555555555555557,0.0,0.0,0.9112337011033099,0.12500000000000003,0.0,0.022222222222222223,L:es,0.87,16.86,14.925,0.5307992525029018,0.061598505005803744,0.11289087053412027,0.01834478336383709,0,0,565.289368104313,512.8214643931796,82.35055165496489
deepseek,mathqa,EN+SR-EN,L:en,F:en,F,False,2,blind,all,2000,11,0.907,0.9085,0.0055,0.8181818181818182,0.4090909090909091,0.0010000000000000009,0.0004999999999999449,0.9085,0.33333333333333315,0.09090909090909091,0.0,F:en,0.84,2.325,2.215,0.5065,0.01299999999999998,0.012999999999999994,-7.647239323264429e-18,0,8,363.61,159.3465,0.0
deepseek,mathqa,EN+SR-EN,L:en,F:en,F,False,2,blind,both_answered,1997,8,0.9078617926890336,0.9098647971957937,0.00400600901352028,1.0,0.5,0.0,0.0,0.9098647971957937,0.5,0.0,0.0,F:en,0.915,2.68,1.4,0.6840033500837521,0.36800670016750414,0.36800670016750414,0.0,1,37,355.90485728592887,158.9003505257887,0.0
deepseek,mathqa,ZH+SR-ZH,L:zh,F:zh,F,False,0,blind,all,2000,14,0.91,0.9095,0.007,0.6428571428571429,0.32142857142857145,0.0014999999999999458,0.0010000000000000009,0.91,0.11111111111111105,0.21428571428571427,0.0,L:zh,0.59,1.58,2.79,0.3438928571428571,-0.3122142857142857,-0.3122142857142857,1.923230093699618e-18,0,0,539.745,173.669,0.0
deepseek,mathqa,ZH+SR-ZH,L:zh,F:zh,F,False,0,blind,both_answered,1995,9,0.9112781954887218,0.9112781954887218,0.004511278195488722,0.6666666666666666,0.3333333333333333,0.0,0.0,0.9112781954887218,0.0,0.0,0.0,L:zh,0.55,1.075,1.99,0.31725589225589224,-0.36548821548821553,-0.36548821548821553,4.2053902447922574e-18,2,2,528.1914786967419,166.7468671679198,0.0
deepseek,truthfulqa,EN+ZH,L:en,L:zh,L,False,1,blind,all,817,111,0.8457772337821298,0.8788249694002448,0.13586291309669524,0.8378378378378378,0.4189189189189189,0.0,0.0,0.8788249694002448,0.29032258064516137,0.0,0.0,L:zh,1.0,30.445,16.61,0.6468287893360756,0.29365757867215087,0.29365757867215087,-9.651505615984502e-18,0,0,127.42105263157895,219.55691554467563,0.0
deepseek,truthfulqa,EN+ZH,L:en,L:zh,L,False,1,blind,both_answered,817,111,0.8457772337821298,0.8788249694002448,0.13586291309669524,0.8378378378378378,0.4189189189189189,0.0,0.0,0.8788249694002448,0.29032258064516137,0.0,0.0,L:zh,1.0,30.445,16.61,0.6468287893360756,0.29365757867215087,0.29365757867215087,-9.651505615984502e-18,0,0,127.42105263157895,219.55691554467563,0.0
deepseek,truthfulqa,EN+ZH,L:en,L:zh,L,False,1,debate,all,817,111,0.8457772337821298,0.8788249694002448,0.13586291309669524,0.8378378378378378,0.4189189189189189,0.0,0.0,0.8861689106487148,0.4193548387096775,0.0,0.009009009009009009,L:zh,1.0,30.445,16.61,0.6468287893360756,0.29365757867215087,0.4171540558643045,0.15835107313342942,0,0,127.42105263157895,219.55691554467563,97.72949816401469
deepseek,truthfulqa,EN+ZH,L:en,L:zh,L,False,1,debate,both_answered,817,111,0.8457772337821298,0.8788249694002448,0.13586291309669524,0.8378378378378378,0.4189189189189189,0.0,0.0,0.8861689106487148,0.4193548387096775,0.0,0.009009009009009009,L:zh,1.0,30.445,16.61,0.6468287893360756,0.29365757867215087,0.4171540558643045,0.15835107313342942,0,0,127.42105263157895,219.55691554467563,97.72949816401469
deepseek,truthfulqa,EN+JA,L:en,L:ja,L,False,1,blind,all,817,110,0.8457772337821298,0.8727050183598531,0.1346389228886169,0.8727272727272727,0.43636363636363634,0.0,0.0,0.8727050183598531,0.22916666666666674,0.0,0.0,L:ja,0.995,29.665,18.51,0.6163629443395429,0.23272588867908575,0.23272588867908575,8.464953637826407e-18,0,0,127.42105263157895,275.52019583843327,0.0
deepseek,truthfulqa,EN+JA,L:en,L:ja,L,False,1,blind,both_answered,817,110,0.8457772337821298,0.8727050183598531,0.1346389228886169,0.8727272727272727,0.43636363636363634,0.0,0.0,0.8727050183598531,0.22916666666666674,0.0,0.0,L:ja,0.995,29.665,18.51,0.6163629443395429,0.23272588867908575,0.23272588867908575,8.464953637826407e-18,0,0,127.42105263157895,275.52019583843327,0.0
deepseek,truthfulqa,EN+JA,L:en,L:ja,L,False,1,debate,all,817,110,0.8457772337821298,0.8727050183598531,0.1346389228886169,0.8727272727272727,0.43636363636363634,0.0,0.0,0.8898408812729498,0.5208333333333335,0.0,0.00909090909090909,L:ja,0.995,29.665,18.51,0.6163629443395429,0.23272588867908575,0.5246049641988741,0.3686726195399402,0,0,127.42105263157895,275.52019583843327,134.70991432068544
deepseek,truthfulqa,EN+JA,L:en,L:ja,L,False,1,debate,both_answered,817,110,0.8457772337821298,0.8727050183598531,0.1346389228886169,0.8727272727272727,0.43636363636363634,0.0,0.0,0.8898408812729498,0.5208333333333335,0.0,0.00909090909090909,L:ja,0.995,29.665,18.51,0.6163629443395429,0.23272588867908575,0.5246049641988741,0.3686726195399402,0,0,127.42105263157895,275.52019583843327,134.70991432068544
deepseek,truthfulqa,EN+RU,L:en,L:ru,L,False,1,blind,all,817,116,0.8457772337821298,0.8555691554467564,0.1419828641370869,0.8103448275862069,0.4051724137931034,0.0,0.0,0.8555691554467564,0.08510638297872344,0.0,0.0,L:ru,0.745,23.195,23.83,0.49282829624424307,-0.014343407511513777,-0.014343407511513782,-8.924258899770478e-18,0,0,127.42105263157895,247.9669522643819,0.0
deepseek,truthfulqa,EN+RU,L:en,L:ru,L,False,1,blind,both_answered,817,116,0.8457772337821298,0.8555691554467564,0.1419828641370869,0.8103448275862069,0.4051724137931034,0.0,0.0,0.8555691554467564,0.08510638297872344,0.0,0.0,L:ru,0.745,23.195,23.83,0.49282829624424307,-0.014343407511513777,-0.014343407511513782,-8.924258899770478e-18,0,0,127.42105263157895,247.9669522643819,0.0
deepseek,truthfulqa,EN+RU,L:en,L:ru,L,False,1,debate,all,817,116,0.8457772337821298,0.8555691554467564,0.1419828641370869,0.8103448275862069,0.4051724137931034,0.0,0.0,0.8873929008567931,0.6382978723404258,0.0,0.008620689655172414,L:ru,0.745,23.195,23.83,0.49282829624424307,-0.014343407511513777,0.6449490289102531,0.6428655815681856,0,0,127.42105263157895,247.9669522643819,102.61321909424724
deepseek,truthfulqa,EN+RU,L:en,L:ru,L,False,1,debate,both_answered,817,116,0.8457772337821298,0.8555691554467564,0.1419828641370869,0.8103448275862069,0.4051724137931034,0.0,0.0,0.8873929008567931,0.6382978723404258,0.0,0.008620689655172414,L:ru,0.745,23.195,23.83,0.49282829624424307,-0.014343407511513777,0.6449490289102531,0.6428655815681856,0,0,127.42105263157895,247.9669522643819,102.61321909424724
deepseek,truthfulqa,EN+ES,L:en,L:es,L,False,1,blind,all,817,93,0.8457772337821298,0.8518971848225214,0.11383108935128519,0.7634408602150538,0.3817204301075269,0.0,0.0,0.8518971848225214,0.07042253521126769,0.0,0.0,L:es,0.73,17.245,18.645,0.4801626411235274,-0.039674717752944996,-0.039674717752944996,-2.1827791153851617e-19,0,0,127.42105263157895,225.65483476132192,0.0
deepseek,truthfulqa,EN+ES,L:en,L:es,L,False,1,blind,both_answered,817,93,0.8457772337821298,0.8518971848225214,0.11383108935128519,0.7634408602150538,0.3817204301075269,0.0,0.0,0.8518971848225214,0.07042253521126769,0.0,0.0,L:es,0.73,17.245,18.645,0.4801626411235274,-0.039674717752944996,-0.039674717752944996,-2.1827791153851617e-19,0,0,127.42105263157895,225.65483476132192,0.0
deepseek,truthfulqa,EN+ES,L:en,L:es,L,False,1,debate,all,817,93,0.8457772337821298,0.8518971848225214,0.11383108935128519,0.7634408602150538,0.3817204301075269,0.0,0.0,0.8763769889840881,0.6338028169014085,0.0,0.010752688172043012,L:es,0.73,17.245,18.645,0.4801626411235274,-0.039674717752944996,0.6468859201734055,0.6550202680381119,0,0,127.42105263157895,225.65483476132192,74.4124847001224
deepseek,truthfulqa,EN+ES,L:en,L:es,L,False,1,debate,both_answered,817,93,0.8457772337821298,0.8518971848225214,0.11383108935128519,0.7634408602150538,0.3817204301075269,0.0,0.0,0.8763769889840881,0.6338028169014085,0.0,0.010752688172043012,L:es,0.73,17.245,18.645,0.4801626411235274,-0.039674717752944996,0.6468859201734055,0.6550202680381119,0,0,127.42105263157895,225.65483476132192,74.4124847001224
deepseek,truthfulqa,ZH+JA,L:zh,L:ja,L,True,0,blind,all,817,102,0.8788249694002448,0.8727050183598531,0.12484700122399021,0.8725490196078431,0.4362745098039216,0.0,0.0,0.8788249694002448,0.056179775280898805,0.0,0.0,L:zh,0.73,21.465,23.325,0.4791033596329514,-0.04179328073409717,-0.04179328073409715,9.76720916013114e-18,0,0,219.55691554467563,275.52019583843327,0.0
deepseek,truthfulqa,ZH+JA,L:zh,L:ja,L,True,0,blind,both_answered,817,102,0.8788249694002448,0.8727050183598531,0.12484700122399021,0.8725490196078431,0.4362745098039216,0.0,0.0,0.8788249694002448,0.056179775280898805,0.0,0.0,L:zh,0.73,21.465,23.325,0.4791033596329514,-0.04179328073409717,-0.04179328073409715,9.76720916013114e-18,0,0,219.55691554467563,275.52019583843327,0.0
deepseek,truthfulqa,ZH+JA,L:zh,L:ja,L,True,0,debate,all,817,102,0.8788249694002448,0.8727050183598531,0.12484700122399021,0.8725490196078431,0.4362745098039216,0.0,0.0,0.8996328029375765,0.4382022471910112,0.0,0.0,L:zh,0.73,21.465,23.325,0.4791033596329514,-0.04179328073409717,0.441552034839377,0.45770493257107836,0,0,219.55691554467563,275.52019583843327,128.6780905752754
deepseek,truthfulqa,ZH+JA,L:zh,L:ja,L,True,0,debate,both_answered,817,102,0.8788249694002448,0.8727050183598531,0.12484700122399021,0.8725490196078431,0.4362745098039216,0.0,0.0,0.8996328029375765,0.4382022471910112,0.0,0.0,L:zh,0.73,21.465,23.325,0.4791033596329514,-0.04179328073409717,0.441552034839377,0.45770493257107836,0,0,219.55691554467563,275.52019583843327,128.6780905752754
deepseek,truthfulqa,ZH+RU,L:zh,L:ru,L,True,0,blind,all,817,111,0.8788249694002448,0.8555691554467564,0.13586291309669524,0.8378378378378378,0.4189189189189189,0.0,0.0,0.8788249694002448,0.2043010752688171,0.0,0.0,L:zh,0.97,27.235,19.285,0.5851976532582752,0.17039530651655035,0.17039530651655035,9.845511528651814e-19,0,0,219.55691554467563,247.9669522643819,0.0
deepseek,truthfulqa,ZH+RU,L:zh,L:ru,L,True,0,blind,both_answered,817,111,0.8788249694002448,0.8555691554467564,0.13586291309669524,0.8378378378378378,0.4189189189189189,0.0,0.0,0.8788249694002448,0.2043010752688171,0.0,0.0,L:zh,0.97,27.235,19.285,0.5851976532582752,0.17039530651655035,0.17039530651655035,9.845511528651814e-19,0,0,219.55691554467563,247.9669522643819,0.0
deepseek,truthfulqa,ZH+RU,L:zh,L:ru,L,True,0,debate,all,817,111,0.8788249694002448,0.8555691554467564,0.13586291309669524,0.8378378378378378,0.4189189189189189,0.0,0.0,0.8861689106487148,0.33333333333333326,0.0,0.02702702702702703,L:zh,0.97,27.235,19.285,0.5851976532582752,0.17039530651655035,0.33616186681610644,0.1790674112287654,0,0,219.55691554467563,247.9669522643819,131.0171358629131
deepseek,truthfulqa,ZH+RU,L:zh,L:ru,L,True,0,debate,both_answered,817,111,0.8788249694002448,0.8555691554467564,0.13586291309669524,0.8378378378378378,0.4189189189189189,0.0,0.0,0.8861689106487148,0.33333333333333326,0.0,0.02702702702702703,L:zh,0.97,27.235,19.285,0.5851976532582752,0.17039530651655035,0.33616186681610644,0.1790674112287654,0,0,219.55691554467563,247.9669522643819,131.0171358629131
deepseek,truthfulqa,ZH+ES,L:zh,L:es,L,True,0,blind,all,817,96,0.8788249694002448,0.8518971848225214,0.1175030599755202,0.7708333333333334,0.3854166666666667,0.0,0.0,0.8788249694002448,0.29729729729729726,0.0,0.0,L:zh,0.98,23.655,13.37,0.6394482045776702,0.2788964091553403,0.27889640915534025,-2.1392455094852314e-17,0,0,219.55691554467563,225.65483476132192,0.0
deepseek,truthfulqa,ZH+ES,L:zh,L:es,L,True,0,blind,both_answered,817,96,0.8788249694002448,0.8518971848225214,0.1175030599755202,0.7708333333333334,0.3854166666666667,0.0,0.0,0.8788249694002448,0.29729729729729726,0.0,0.0,L:zh,0.98,23.655,13.37,0.6394482045776702,0.2788964091553403,0.27889640915534025,-2.1392455094852314e-17,0,0,219.55691554467563,225.65483476132192,0.0
deepseek,truthfulqa,ZH+ES,L:zh,L:es,L,True,0,debate,all,817,96,0.8788249694002448,0.8518971848225214,0.1175030599755202,0.7708333333333334,0.3854166666666667,0.0,0.0,0.8849449204406364,0.43243243243243246,0.0,0.0,L:zh,0.98,23.655,13.37,0.6394482045776702,0.2788964091553403,0.44512637563505975,0.19982493157801506,0,0,219.55691554467563,225.65483476132192,119.93880048959608
deepseek,truthfulqa,ZH+ES,L:zh,L:es,L,True,0,debate,both_answered,817,96,0.8788249694002448,0.8518971848225214,0.1175030599755202,0.7708333333333334,0.3854166666666667,0.0,0.0,0.8849449204406364,0.43243243243243246,0.0,0.0,L:zh,0.98,23.655,13.37,0.6394482045776702,0.2788964091553403,0.44512637563505975,0.19982493157801506,0,0,219.55691554467563,225.65483476132192,119.93880048959608
deepseek,truthfulqa,JA+RU,L:ja,L:ru,L,True,0,blind,all,817,105,0.8727050183598531,0.8555691554467564,0.12851897184822522,0.8952380952380953,0.44761904761904764,0.0,0.0,0.8727050183598531,0.14893617021276578,0.0,0.0,L:ja,0.925,25.555,21.245,0.5471799455299695,0.09435989105993922,0.09435989105993922,6.358520333818758e-18,0,0,275.52019583843327,247.9669522643819,0.0
deepseek,truthfulqa,JA+RU,L:ja,L:ru,L,True,0,blind,both_answered,817,105,0.8727050183598531,0.8555691554467564,0.12851897184822522,0.8952380952380953,0.44761904761904764,0.0,0.0,0.8727050183598531,0.14893617021276578,0.0,0.0,L:ja,0.925,25.555,21.245,0.5471799455299695,0.09435989105993922,0.09435989105993922,6.358520333818758e-18,0,0,275.52019583843327,247.9669522643819,0.0
deepseek,truthfulqa,JA+RU,L:ja,L:ru,L,True,0,debate,all,817,105,0.8727050183598531,0.8555691554467564,0.12851897184822522,0.8952380952380953,0.44761904761904764,0.0,0.0,0.8824969400244798,0.3191489361702127,0.0,0.0,L:ja,0.925,25.555,21.245,0.5471799455299695,0.09435989105993922,0.32910509281342015,0.2407018026201765,0,0,275.52019583843327,247.9669522643819,129.55691554467563
deepseek,truthfulqa,JA+RU,L:ja,L:ru,L,True,0,debate,both_answered,817,105,0.8727050183598531,0.8555691554467564,0.12851897184822522,0.8952380952380953,0.44761904761904764,0.0,0.0,0.8824969400244798,0.3191489361702127,0.0,0.0,L:ja,0.925,25.555,21.245,0.5471799455299695,0.09435989105993922,0.32910509281342015,0.2407018026201765,0,0,275.52019583843327,247.9669522643819,129.55691554467563
deepseek,truthfulqa,JA+ES,L:ja,L:es,L,True,0,blind,all,817,113,0.8727050183598531,0.8518971848225214,0.1383108935128519,0.8053097345132744,0.4026548672566372,0.0,0.0,0.8727050183598531,0.18681318681318682,0.0,0.0,L:ja,0.955,26.275,19.17,0.5780797982466147,0.15615959649322936,0.1561595964932293,-1.4322300304915888e-17,0,0,275.52019583843327,225.65483476132192,0.0
deepseek,truthfulqa,JA+ES,L:ja,L:es,L,True,0,blind,both_answered,817,113,0.8727050183598531,0.8518971848225214,0.1383108935128519,0.8053097345132744,0.4026548672566372,0.0,0.0,0.8727050183598531,0.18681318681318682,0.0,0.0,L:ja,0.955,26.275,19.17,0.5780797982466147,0.15615959649322936,0.1561595964932293,-1.4322300304915888e-17,0,0,275.52019583843327,225.65483476132192,0.0
deepseek,truthfulqa,JA+ES,L:ja,L:es,L,True,0,debate,all,817,113,0.8727050183598531,0.8518971848225214,0.1383108935128519,0.8053097345132744,0.4026548672566372,0.0,0.0,0.8873929008567931,0.45054945054945056,0.0,0.0,L:ja,0.955,26.275,19.17,0.5780797982466147,0.15615959649322936,0.46134255490522663,0.3429237726058883,0,0,275.52019583843327,225.65483476132192,144.35250917992656
deepseek,truthfulqa,JA+ES,L:ja,L:es,L,True,0,debate,both_answered,817,113,0.8727050183598531,0.8518971848225214,0.1383108935128519,0.8053097345132744,0.4026548672566372,0.0,0.0,0.8873929008567931,0.45054945054945056,0.0,0.0,L:ja,0.955,26.275,19.17,0.5780797982466147,0.15615959649322936,0.46134255490522663,0.3429237726058883,0,0,275.52019583843327,225.65483476132192,144.35250917992656
deepseek,truthfulqa,RU+ES,L:ru,L:es,L,True,0,blind,all,817,112,0.8555691554467564,0.8518971848225214,0.13708690330477355,0.7589285714285714,0.3794642857142857,0.0,0.0,0.8555691554467564,0.035294117647058844,0.0,0.0,L:ru,0.53,19.55,23.125,0.45761419729953845,-0.0847716054009231,-0.0847716054009231,-8.570649462566655e-19,0,0,247.9669522643819,225.65483476132192,0.0
deepseek,truthfulqa,RU+ES,L:ru,L:es,L,True,0,blind,both_answered,817,112,0.8555691554467564,0.8518971848225214,0.13708690330477355,0.7589285714285714,0.3794642857142857,0.0,0.0,0.8555691554467564,0.035294117647058844,0.0,0.0,L:ru,0.53,19.55,23.125,0.45761419729953845,-0.0847716054009231,-0.0847716054009231,-8.570649462566655e-19,0,0,247.9669522643819,225.65483476132192,0.0
deepseek,truthfulqa,RU+ES,L:ru,L:es,L,True,0,debate,all,817,112,0.8555691554467564,0.8518971848225214,0.13708690330477355,0.7589285714285714,0.3794642857142857,0.0,0.0,0.8837209302325582,0.5764705882352942,0.0,0.03571428571428571,L:ru,0.53,19.55,23.125,0.45761419729953845,-0.0847716054009231,0.5695573689315439,0.6001558302255844,0,0,247.9669522643819,225.65483476132192,123.35495716034272
deepseek,truthfulqa,RU+ES,L:ru,L:es,L,True,0,debate,both_answered,817,112,0.8555691554467564,0.8518971848225214,0.13708690330477355,0.7589285714285714,0.3794642857142857,0.0,0.0,0.8837209302325582,0.5764705882352942,0.0,0.03571428571428571,L:ru,0.53,19.55,23.125,0.45761419729953845,-0.0847716054009231,0.5695573689315439,0.6001558302255844,0,0,247.9669522643819,225.65483476132192,123.35495716034272
deepseek,truthfulqa,EN+SR-EN,L:en,F:en,F,False,2,blind,all,817,67,0.8457772337821298,0.8641370869033048,0.08200734394124846,0.8507462686567164,0.4253731343283582,0.0,0.001223990208078285,0.8641370869033048,0.2631578947368421,0.014925373134328358,0.0,F:en,0.985,18.05,11.125,0.6178206478421775,0.2356412956843549,0.2356412956843549,6.248694140258406e-18,0,0,127.42105263157895,102.1297429620563,0.0
deepseek,truthfulqa,EN+SR-EN,L:en,F:en,F,False,2,blind,both_answered,816,66,0.8455882352941176,0.8651960784313726,0.08088235294117647,0.8484848484848485,0.42424242424242425,0.0,0.0,0.8651960784313726,0.2857142857142856,0.0,0.0,F:en,0.97,17.33,10.635,0.6200844999007904,0.24016899980158082,0.2401689998015808,-1.6332780640461727e-19,0,0,127.40196078431373,102.25367647058823,0.0
deepseek,truthfulqa,ZH+SR-ZH,L:zh,F:zh,F,False,0,blind,all,817,27,0.8788249694002448,0.8886168910648715,0.033047735618115054,0.8888888888888888,0.4444444444444444,0.0,0.001223990208078285,0.8886168910648715,0.3333333333333333,0.037037037037037035,0.0,F:zh,0.94,7.455,4.575,0.6216499431940609,0.24329988638812167,0.24329988638812167,-1.3445804114169052e-17,0,0,219.55691554467563,124.75275397796818,0.0
deepseek,truthfulqa,ZH+SR-ZH,L:zh,F:zh,F,False,0,blind,both_answered,816,26,0.8786764705882353,0.8897058823529411,0.031862745098039214,0.8846153846153846,0.4423076923076923,0.0,0.0,0.8897058823529411,0.3913043478260871,0.0,0.0,F:zh,0.975,7.645,3.69,0.6753315071366542,0.35066301427330837,0.35066301427330837,-6.315904434477713e-18,0,1,219.65441176470588,124.90441176470588,0.0
deepseek,commonsenseqa,EN+ZH,L:en,L:zh,L,False,1,blind,all,2000,405,0.8225,0.7465,0.2025,0.8098765432098766,0.4049382716049383,0.0,0.0,0.8225,0.4634146341463413,0.0,0.0,L:en,1.0,119.875,43.93,0.731891231245718,0.4637824624914358,0.4637824624914358,-3.234869140794272e-17,0,0,141.0445,184.8515,0.0
deepseek,commonsenseqa,EN+ZH,L:en,L:zh,L,False,1,blind,both_answered,2000,405,0.8225,0.7465,0.2025,0.8098765432098766,0.4049382716049383,0.0,0.0,0.8225,0.4634146341463413,0.0,0.0,L:en,1.0,119.875,43.93,0.731891231245718,0.4637824624914358,0.4637824624914358,-3.234869140794272e-17,0,0,141.0445,184.8515,0.0
deepseek,commonsenseqa,EN+ZH,L:en,L:zh,L,False,1,debate,all,2000,405,0.8225,0.7465,0.2025,0.8098765432098766,0.4049382716049383,0.0,0.0,0.803,0.22560975609756093,0.0,0.0024691358024691358,L:en,1.0,119.875,43.93,0.731891231245718,0.4637824624914358,0.22486828276439502,-0.45527507537132544,0,0,141.0445,184.8515,150.213
deepseek,commonsenseqa,EN+ZH,L:en,L:zh,L,False,1,debate,both_answered,2000,405,0.8225,0.7465,0.2025,0.8098765432098766,0.4049382716049383,0.0,0.0,0.803,0.22560975609756093,0.0,0.0024691358024691358,L:en,1.0,119.875,43.93,0.731891231245718,0.4637824624914358,0.22486828276439502,-0.45527507537132544,0,0,141.0445,184.8515,150.213
deepseek,commonsenseqa,EN+JA,L:en,L:ja,L,False,1,blind,all,2000,425,0.8225,0.7335,0.2125,0.8470588235294118,0.4235294117647059,0.0,0.0,0.8225,0.49444444444444446,0.0,0.0,L:en,1.0,134.945,45.58,0.7475399252197045,0.4950798504394087,0.4950798504394087,2.9491686015938817e-17,0,0,141.0445,236.9925,0.0
deepseek,commonsenseqa,EN+JA,L:en,L:ja,L,False,1,blind,both_answered,2000,425,0.8225,0.7335,0.2125,0.8470588235294118,0.4235294117647059,0.0,0.0,0.8225,0.49444444444444446,0.0,0.0,L:en,1.0,134.945,45.58,0.7475399252197045,0.4950798504394087,0.4950798504394087,2.9491686015938817e-17,0,0,141.0445,236.9925,0.0
deepseek,commonsenseqa,EN+JA,L:en,L:ja,L,False,1,debate,all,2000,425,0.8225,0.7335,0.2125,0.8470588235294118,0.4235294117647059,0.0,0.0,0.808,0.3333333333333333,0.0,0.009411764705882352,L:en,1.0,134.945,45.58,0.7475399252197045,0.4950798504394087,0.3305039216069276,-0.3342291334739049,0,0,141.0445,236.9925,176.9365
deepseek,commonsenseqa,EN+JA,L:en,L:ja,L,False,1,debate,both_answered,2000,425,0.8225,0.7335,0.2125,0.8470588235294118,0.4235294117647059,0.0,0.0,0.808,0.3333333333333333,0.0,0.009411764705882352,L:en,1.0,134.945,45.58,0.7475399252197045,0.4950798504394087,0.3305039216069276,-0.3342291334739049,0,0,141.0445,236.9925,176.9365
deepseek,commonsenseqa,EN+RU,L:en,L:ru,L,False,1,blind,all,2000,407,0.8225,0.745,0.2035,0.828009828009828,0.414004914004914,0.0,0.0,0.8225,0.45994065281899105,0.0,0.0,L:en,1.0,123.005,44.99,0.7321846382331845,0.4643692764663689,0.4643692764663689,2.047356778321988e-17,0,0,141.0445,237.5725,0.0
deepseek,commonsenseqa,EN+RU,L:en,L:ru,L,False,1,blind,both_answered,2000,407,0.8225,0.745,0.2035,0.828009828009828,0.414004914004914,0.0,0.0,0.8225,0.45994065281899105,0.0,0.0,L:en,1.0,123.005,44.99,0.7321846382331845,0.4643692764663689,0.4643692764663689,2.047356778321988e-17,0,0,141.0445,237.5725,0.0
deepseek,commonsenseqa,EN+RU,L:en,L:ru,L,False,1,debate,all,2000,407,0.8225,0.745,0.2035,0.828009828009828,0.414004914004914,0.0,0.0,0.8055,0.25816023738872396,0.0,0.004914004914004914,L:en,1.0,123.005,44.99,0.7321846382331845,0.4643692764663689,0.2624416352424121,-0.3851760124446809,0,0,141.0445,237.5725,174.011
deepseek,commonsenseqa,EN+RU,L:en,L:ru,L,False,1,debate,both_answered,2000,407,0.8225,0.745,0.2035,0.828009828009828,0.414004914004914,0.0,0.0,0.8055,0.25816023738872396,0.0,0.004914004914004914,L:en,1.0,123.005,44.99,0.7321846382331845,0.4643692764663689,0.2624416352424121,-0.3851760124446809,0,0,141.0445,237.5725,174.011
deepseek,commonsenseqa,EN+ES,L:en,L:es,L,False,1,blind,all,2000,351,0.8225,0.757,0.1755,0.8233618233618234,0.4116809116809117,0.0,0.0,0.8225,0.4532871972318338,0.0,0.0,L:en,1.0,105.005,39.885,0.72488259891775,0.4497651978355,0.4497651978355,3.239641075507484e-17,0,0,141.0445,199.5045,0.0
deepseek,commonsenseqa,EN+ES,L:en,L:es,L,False,1,blind,both_answered,2000,351,0.8225,0.757,0.1755,0.8233618233618234,0.4116809116809117,0.0,0.0,0.8225,0.4532871972318338,0.0,0.0,L:en,1.0,105.005,39.885,0.72488259891775,0.4497651978355,0.4497651978355,3.239641075507484e-17,0,0,141.0445,199.5045,0.0
deepseek,commonsenseqa,EN+ES,L:en,L:es,L,False,1,debate,all,2000,351,0.8225,0.757,0.1755,0.8233618233618234,0.4116809116809117,0.0,0.0,0.8015,0.16262975778546712,0.0,0.008547008547008548,L:en,1.0,105.005,39.885,0.72488259891775,0.4497651978355,0.15772608464358895,-0.5433945739187798,0,0,141.0445,199.5045,139.784
deepseek,commonsenseqa,EN+ES,L:en,L:es,L,False,1,debate,both_answered,2000,351,0.8225,0.757,0.1755,0.8233618233618234,0.4116809116809117,0.0,0.0,0.8015,0.16262975778546712,0.0,0.008547008547008548,L:en,1.0,105.005,39.885,0.72488259891775,0.4497651978355,0.15772608464358895,-0.5433945739187798,0,0,141.0445,199.5045,139.784
deepseek,commonsenseqa,ZH+JA,L:zh,L:ja,L,True,0,blind,all,2000,416,0.7465,0.7335,0.208,0.7884615384615384,0.3942307692307692,0.0,0.0,0.7465,0.07926829268292683,0.0,0.0,L:zh,0.885,86.005,79.415,0.5200333499582647,0.04006669991652931,0.04006669991652931,-8.202754448200831e-18,0,0,184.8515,236.9925,0.0
deepseek,commonsenseqa,ZH+JA,L:zh,L:ja,L,True,0,blind,both_answered,2000,416,0.7465,0.7335,0.208,0.7884615384615384,0.3942307692307692,0.0,0.0,0.7465,0.07926829268292683,0.0,0.0,L:zh,0.885,86.005,79.415,0.5200333499582647,0.04006669991652931,0.04006669991652931,-8.202754448200831e-18,0,0,184.8515,236.9925,0.0
deepseek,commonsenseqa,ZH+JA,L:zh,L:ja,L,True,0,debate,all,2000,416,0.7465,0.7335,0.208,0.7884615384615384,0.3942307692307692,0.0,0.0,0.7625,0.27439024390243905,0.0,0.02403846153846154,L:zh,0.885,86.005,79.415,0.5200333499582647,0.04006669991652931,0.2709306223004999,0.2337782385009616,0,0,184.8515,236.9925,205.56
deepseek,commonsenseqa,ZH+JA,L:zh,L:ja,L,True,0,debate,both_answered,2000,416,0.7465,0.7335,0.208,0.7884615384615384,0.3942307692307692,0.0,0.0,0.7625,0.27439024390243905,0.0,0.02403846153846154,L:zh,0.885,86.005,79.415,0.5200333499582647,0.04006669991652931,0.2709306223004999,0.2337782385009616,0,0,184.8515,236.9925,205.56
deepseek,commonsenseqa,ZH+RU,L:zh,L:ru,L,True,0,blind,all,2000,460,0.7465,0.745,0.23,0.7978260869565217,0.39891304347826084,0.0,0.0,0.7465,0.00817438692098102,0.0,0.0,L:zh,0.515,88.24,95.39,0.4805450971540607,-0.03890980569187848,-0.038909805691878484,-6.445942627712822e-18,0,0,184.8515,237.5725,0.0
deepseek,commonsenseqa,ZH+RU,L:zh,L:ru,L,True,0,blind,both_answered,2000,460,0.7465,0.745,0.23,0.7978260869565217,0.39891304347826084,0.0,0.0,0.7465,0.00817438692098102,0.0,0.0,L:zh,0.515,88.24,95.39,0.4805450971540607,-0.03890980569187848,-0.038909805691878484,-6.445942627712822e-18,0,0,184.8515,237.5725,0.0
deepseek,commonsenseqa,ZH+RU,L:zh,L:ru,L,True,0,debate,all,2000,460,0.7465,0.745,0.23,0.7978260869565217,0.39891304347826084,0.0,0.0,0.771,0.2752043596730245,0.0,0.017391304347826087,L:zh,0.515,88.24,95.39,0.4805450971540607,-0.03890980569187848,0.2848440261740609,0.3110386693062295,0,0,184.8515,237.5725,228.6995
deepseek,commonsenseqa,ZH+RU,L:zh,L:ru,L,True,0,debate,both_answered,2000,460,0.7465,0.745,0.23,0.7978260869565217,0.39891304347826084,0.0,0.0,0.771,0.2752043596730245,0.0,0.017391304347826087,L:zh,0.515,88.24,95.39,0.4805450971540607,-0.03890980569187848,0.2848440261740609,0.3110386693062295,0,0,184.8515,237.5725,228.6995
deepseek,commonsenseqa,ZH+ES,L:zh,L:es,L,True,0,blind,all,2000,436,0.7465,0.757,0.218,0.786697247706422,0.393348623853211,0.0,0.0,0.757,0.06122448979591835,0.0,0.0,L:es,0.88,88.265,83.62,0.5136392916417306,0.02727858328346138,0.027278583283461378,-4.087968653804288e-18,0,0,184.8515,199.5045,0.0
deepseek,commonsenseqa,ZH+ES,L:zh,L:es,L,True,0,blind,both_answered,2000,436,0.7465,0.757,0.218,0.786697247706422,0.393348623853211,0.0,0.0,0.757,0.06122448979591835,0.0,0.0,L:es,0.88,88.265,83.62,0.5136392916417306,0.02727858328346138,0.027278583283461378,-4.087968653804288e-18,0,0,184.8515,199.5045,0.0
deepseek,commonsenseqa,ZH+ES,L:zh,L:es,L,True,0,debate,all,2000,436,0.7465,0.757,0.218,0.786697247706422,0.393348623853211,0.0,0.0,0.775,0.27113702623906705,0.0,0.006880733944954129,L:es,0.88,88.265,83.62,0.5136392916417306,0.02727858328346138,0.2684120371446241,0.2433838598391405,0,0,184.8515,199.5045,197.6295
deepseek,commonsenseqa,ZH+ES,L:zh,L:es,L,True,0,debate,both_answered,2000,436,0.7465,0.757,0.218,0.786697247706422,0.393348623853211,0.0,0.0,0.775,0.27113702623906705,0.0,0.006880733944954129,L:es,0.88,88.265,83.62,0.5136392916417306,0.02727858328346138,0.2684120371446241,0.2433838598391405,0,0,184.8515,199.5045,197.6295
deepseek,commonsenseqa,JA+RU,L:ja,L:ru,L,True,0,blind,all,2000,479,0.7335,0.745,0.2395,0.824634655532359,0.4123173277661795,0.0,0.0,0.745,0.0582278481012659,0.0,0.0,L:ru,0.865,100.145,96.375,0.5094897508209232,0.018979501641846315,0.018979501641846308,-8.160486767091878e-18,0,0,236.9925,237.5725,0.0
deepseek,commonsenseqa,JA+RU,L:ja,L:ru,L,True,0,blind,both_answered,2000,479,0.7335,0.745,0.2395,0.824634655532359,0.4123173277661795,0.0,0.0,0.745,0.0582278481012659,0.0,0.0,L:ru,0.865,100.145,96.375,0.5094897508209232,0.018979501641846315,0.018979501641846308,-8.160486767091878e-18,0,0,236.9925,237.5725,0.0
deepseek,commonsenseqa,JA+RU,L:ja,L:ru,L,True,0,debate,all,2000,479,0.7335,0.745,0.2395,0.824634655532359,0.4123173277661795,0.0,0.0,0.7655,0.2658227848101268,0.0,0.022964509394572025,L:ru,0.865,100.145,96.375,0.5094897508209232,0.018979501641846315,0.2729227988413449,0.2547419567865162,0,0,236.9925,237.5725,258.6575
deepseek,commonsenseqa,JA+RU,L:ja,L:ru,L,True,0,debate,both_answered,2000,479,0.7335,0.745,0.2395,0.824634655532359,0.4123173277661795,0.0,0.0,0.7655,0.2658227848101268,0.0,0.022964509394572025,L:ru,0.865,100.145,96.375,0.5094897508209232,0.018979501641846315,0.2729227988413449,0.2547419567865162,0,0,236.9925,237.5725,258.6575
deepseek,commonsenseqa,JA+ES,L:ja,L:es,L,True,0,blind,all,2000,454,0.7335,0.757,0.227,0.8215859030837004,0.4107929515418502,0.0,0.0,0.757,0.12600536193029493,0.0,0.0,L:es,0.99,105.245,82.02,0.5620128275364321,0.12402565507286428,0.12402565507286428,1.1642409928236976e-18,0,0,236.9925,199.5045,0.0
deepseek,commonsenseqa,JA+ES,L:ja,L:es,L,True,0,blind,both_answered,2000,454,0.7335,0.757,0.227,0.8215859030837004,0.4107929515418502,0.0,0.0,0.757,0.12600536193029493,0.0,0.0,L:es,0.99,105.245,82.02,0.5620128275364321,0.12402565507286428,0.12402565507286428,1.1642409928236976e-18,0,0,236.9925,199.5045,0.0
deepseek,commonsenseqa,JA+ES,L:ja,L:es,L,True,0,debate,all,2000,454,0.7335,0.757,0.227,0.8215859030837004,0.4107929515418502,0.0,0.0,0.777,0.3404825737265415,0.0,0.01762114537444934,L:es,0.99,105.245,82.02,0.5620128275364321,0.12402565507286428,0.33977435072117,0.2434068706534677,0,0,236.9925,199.5045,223.4325
deepseek,commonsenseqa,JA+ES,L:ja,L:es,L,True,0,debate,both_answered,2000,454,0.7335,0.757,0.227,0.8215859030837004,0.4107929515418502,0.0,0.0,0.777,0.3404825737265415,0.0,0.01762114537444934,L:es,0.99,105.245,82.02,0.5620128275364321,0.12402565507286428,0.33977435072117,0.2434068706534677,0,0,236.9925,199.5045,223.4325
deepseek,commonsenseqa,RU+ES,L:ru,L:es,L,True,0,blind,all,2000,412,0.745,0.757,0.206,0.8058252427184466,0.4029126213592233,0.0,0.0,0.757,0.072289156626506,0.0,0.0,L:es,0.895,86.015,79.01,0.5214521751132447,0.04290435022648954,0.04290435022648954,3.082862538224018e-18,0,0,237.5725,199.5045,0.0
deepseek,commonsenseqa,RU+ES,L:ru,L:es,L,True,0,blind,both_answered,2000,412,0.745,0.757,0.206,0.8058252427184466,0.4029126213592233,0.0,0.0,0.757,0.072289156626506,0.0,0.0,L:es,0.895,86.015,79.01,0.5214521751132447,0.04290435022648954,0.04290435022648954,3.082862538224018e-18,0,0,237.5725,199.5045,0.0
deepseek,commonsenseqa,RU+ES,L:ru,L:es,L,True,0,debate,all,2000,412,0.745,0.757,0.206,0.8058252427184466,0.4029126213592233,0.0,0.0,0.7675,0.19879518072289162,0.0,0.014563106796116505,L:es,0.895,86.015,79.01,0.5214521751132447,0.04290435022648954,0.19869289142327295,0.15670037424347918,0,0,237.5725,199.5045,227.602
deepseek,commonsenseqa,RU+ES,L:ru,L:es,L,True,0,debate,both_answered,2000,412,0.745,0.757,0.206,0.8058252427184466,0.4029126213592233,0.0,0.0,0.7675,0.19879518072289162,0.0,0.014563106796116505,L:es,0.895,86.015,79.01,0.5214521751132447,0.04290435022648954,0.19869289142327295,0.15670037424347918,0,0,237.5725,199.5045,227.602
deepseek,commonsenseqa,EN+SR-EN,L:en,F:en,F,False,2,blind,all,2000,99,0.8225,0.821,0.0495,0.797979797979798,0.398989898989899,0.0,0.0004999999999999449,0.8225,0.037974683544303764,0.0,0.0,L:en,0.655,18.14,21.355,0.45847068711832617,-0.08305862576334753,-0.08305862576334753,5.811268414864279e-18,0,0,141.0445,88.9145,0.0
deepseek,commonsenseqa,EN+SR-EN,L:en,F:en,F,False,2,blind,both_answered,1999,98,0.8224112056028015,0.8214107053526764,0.04902451225612806,0.7959183673469388,0.3979591836734694,0.0,0.0,0.8224112056028015,0.02564102564102567,0.0,0.0,L:en,0.61,18.03,21.305,0.4576371170599182,-0.08472576588016349,-0.0847257658801635,1.1504233389264792e-18,0,0,141.06853426713357,88.9584792396198,0.0
deepseek,commonsenseqa,ZH+SR-ZH,L:zh,F:zh,F,False,0,blind,all,2000,96,0.7465,0.7445,0.048,0.7708333333333334,0.3854166666666667,0.0,0.0004999999999999449,0.7465,0.054054054054054,0.0,0.0,L:zh,0.61,17.22,20.215,0.45982964344078,-0.08034071311844,-0.08034071311843999,1.0617470195408987e-17,0,0,184.8515,109.9595,0.0
deepseek,commonsenseqa,ZH+SR-ZH,L:zh,F:zh,F,False,0,blind,both_answered,1999,95,0.7463731865932967,0.7448724362181091,0.04752376188094047,0.7684210526315789,0.38421052631578945,0.0,0.0,0.7463731865932967,0.041095890410959034,0.0,0.0,L:zh,0.65,17.2,19.665,0.4663069406107745,-0.06738611877845109,-0.06738611877845109,3.858059939575144e-18,0,0,184.81240620310155,110.01400700350175,0.0
gpt4omini,mmlu,EN+ZH,L:en,L:zh,L,False,1,blind,all,2000,357,0.81,0.7475,0.1785,0.8151260504201681,0.40756302521008403,0.0,0.0,0.81,0.42955326460481114,0.0,0.0,L:en,1.0,104.33,41.365,0.7159408171358049,0.43188163427160975,0.43188163427160975,2.8281507853856175e-17,0,0,132.226,174.232,0.0
gpt4omini,mmlu,EN+ZH,L:en,L:zh,L,False,1,blind,both_answered,2000,357,0.81,0.7475,0.1785,0.8151260504201681,0.40756302521008403,0.0,0.0,0.81,0.42955326460481114,0.0,0.0,L:en,1.0,104.33,41.365,0.7159408171358049,0.43188163427160975,0.43188163427160975,2.8281507853856175e-17,0,0,132.226,174.232,0.0
gpt4omini,mmlu,EN+ZH,L:en,L:zh,L,False,1,judge,all,2000,357,0.81,0.7475,0.1785,0.8151260504201681,0.40756302521008403,0.0,0.0,0.809,0.41580756013745696,0.0,0.01680672268907563,L:en,1.0,104.33,41.365,0.7159408171358049,0.43188163427160975,0.4138551427554226,-0.036730584741447234,0,0,132.226,174.232,22.986
gpt4omini,mmlu,EN+ZH,L:en,L:zh,L,False,1,judge,both_answered,2000,357,0.81,0.7475,0.1785,0.8151260504201681,0.40756302521008403,0.0,0.0,0.809,0.41580756013745696,0.0,0.01680672268907563,L:en,1.0,104.33,41.365,0.7159408171358049,0.43188163427160975,0.4138551427554226,-0.036730584741447234,0,0,132.226,174.232,22.986
gpt4omini,mmlu,EN+ZH,L:en,L:zh,L,False,1,debate,all,2000,357,0.81,0.7475,0.1785,0.8151260504201681,0.40756302521008403,0.0,0.0,0.814,0.48453608247422675,0.0,0.022408963585434174,L:en,1.0,104.33,41.365,0.7159408171358049,0.43188163427160975,0.4790944133882897,0.076803210973884,0,0,132.226,174.232,167.5875
gpt4omini,mmlu,EN+ZH,L:en,L:zh,L,False,1,debate,both_answered,2000,357,0.81,0.7475,0.1785,0.8151260504201681,0.40756302521008403,0.0,0.0,0.814,0.48453608247422675,0.0,0.022408963585434174,L:en,1.0,104.33,41.365,0.7159408171358049,0.43188163427160975,0.4790944133882897,0.076803210973884,0,0,132.226,174.232,167.5875
gpt4omini,mmlu,EN+JA,L:en,L:ja,L,False,1,blind,all,2000,391,0.81,0.751,0.1955,0.8081841432225064,0.4040920716112532,0.0,0.0,0.81,0.3734177215189873,0.0,0.0,L:en,1.0,108.47,49.655,0.6860795003717695,0.3721590007435392,0.3721590007435392,-1.1515042040905666e-18,0,0,132.226,204.1695,0.0
gpt4omini,mmlu,EN+JA,L:en,L:ja,L,False,1,blind,both_answered,2000,391,0.81,0.751,0.1955,0.8081841432225064,0.4040920716112532,0.0,0.0,0.81,0.3734177215189873,0.0,0.0,L:en,1.0,108.47,49.655,0.6860795003717695,0.3721590007435392,0.3721590007435392,-1.1515042040905666e-18,0,0,132.226,204.1695,0.0
gpt4omini,mmlu,EN+JA,L:en,L:ja,L,False,1,judge,all,2000,391,0.81,0.751,0.1955,0.8081841432225064,0.4040920716112532,0.0,0.0,0.806,0.32278481012658217,0.0,0.0025575447570332483,L:en,1.0,108.47,49.655,0.6860795003717695,0.3721590007435392,0.31568062918985296,-0.09468272534055792,0,0,132.226,204.1695,25.843
gpt4omini,mmlu,EN+JA,L:en,L:ja,L,False,1,judge,both_answered,2000,391,0.81,0.751,0.1955,0.8081841432225064,0.4040920716112532,0.0,0.0,0.806,0.32278481012658217,0.0,0.0025575447570332483,L:en,1.0,108.47,49.655,0.6860795003717695,0.3721590007435392,0.31568062918985296,-0.09468272534055792,0,0,132.226,204.1695,25.843
gpt4omini,mmlu,EN+JA,L:en,L:ja,L,False,1,debate,all,2000,391,0.81,0.751,0.1955,0.8081841432225064,0.4040920716112532,0.0,0.0,0.811,0.3860759493670885,0.0,0.020460358056265986,L:en,1.0,108.47,49.655,0.6860795003717695,0.3721590007435392,0.3816495690666726,0.009740066202674577,0,0,132.226,204.1695,190.085
gpt4omini,mmlu,EN+JA,L:en,L:ja,L,False,1,debate,both_answered,2000,391,0.81,0.751,0.1955,0.8081841432225064,0.4040920716112532,0.0,0.0,0.811,0.3860759493670885,0.0,0.020460358056265986,L:en,1.0,108.47,49.655,0.6860795003717695,0.3721590007435392,0.3816495690666726,0.009740066202674577,0,0,132.226,204.1695,190.085
gpt4omini,mmlu,EN+RU,L:en,L:ru,L,False,1,blind,all,2000,318,0.81,0.756,0.159,0.8113207547169812,0.4056603773584906,0.0,0.0,0.81,0.4186046511627906,0.0,0.0,L:en,1.0,92.28,37.695,0.7102658702951976,0.42053174059039533,0.42053174059039533,-2.8628081880922055e-17,0,0,132.226,158.947,0.0
gpt4omini,mmlu,EN+RU,L:en,L:ru,L,False,1,blind,both_answered,2000,318,0.81,0.756,0.159,0.8113207547169812,0.4056603773584906,0.0,0.0,0.81,0.4186046511627906,0.0,0.0,L:en,1.0,92.28,37.695,0.7102658702951976,0.42053174059039533,0.42053174059039533,-2.8628081880922055e-17,0,0,132.226,158.947,0.0
gpt4omini,mmlu,EN+RU,L:en,L:ru,L,False,1,debate,all,2000,318,0.81,0.756,0.159,0.8113207547169812,0.4056603773584906,0.0,0.0,0.8045,0.33333333333333326,0.0,0.02830188679245283,L:en,1.0,92.28,37.695,0.7102658702951976,0.42053174059039533,0.32921569439032927,-0.16706084074083108,0,0,132.226,158.947,131.2285
gpt4omini,mmlu,EN+RU,L:en,L:ru,L,False,1,debate,both_answered,2000,318,0.81,0.756,0.159,0.8113207547169812,0.4056603773584906,0.0,0.0,0.8045,0.33333333333333326,0.0,0.02830188679245283,L:en,1.0,92.28,37.695,0.7102658702951976,0.42053174059039533,0.32921569439032927,-0.16706084074083108,0,0,132.226,158.947,131.2285
gpt4omini,mmlu,EN+ES,L:en,L:es,L,False,1,blind,all,2000,275,0.81,0.7735,0.1375,0.8036363636363636,0.4018181818181818,0.0,0.0,0.81,0.330316742081448,0.0,0.0,L:en,1.0,74.275,36.805,0.6688265694907224,0.33765313898144483,0.33765313898144483,6.345094868145164e-18,0,0,132.226,146.271,0.0
gpt4omini,mmlu,EN+ES,L:en,L:es,L,False,1,blind,both_answered,2000,275,0.81,0.7735,0.1375,0.8036363636363636,0.4018181818181818,0.0,0.0,0.81,0.330316742081448,0.0,0.0,L:en,1.0,74.275,36.805,0.6688265694907224,0.33765313898144483,0.33765313898144483,6.345094868145164e-18,0,0,132.226,146.271,0.0
gpt4omini,mmlu,EN+ES,L:en,L:es,L,False,1,debate,all,2000,275,0.81,0.7735,0.1375,0.8036363636363636,0.4018181818181818,0.0,0.0,0.8025,0.19457013574660637,0.0,0.014545454545454545,L:en,1.0,74.275,36.805,0.6688265694907224,0.33765313898144483,0.19133561054681938,-0.23154348060837449,0,0,132.226,146.271,116.525
gpt4omini,mmlu,EN+ES,L:en,L:es,L,False,1,debate,both_answered,2000,275,0.81,0.7735,0.1375,0.8036363636363636,0.4018181818181818,0.0,0.0,0.8025,0.19457013574660637,0.0,0.014545454545454545,L:en,1.0,74.275,36.805,0.6688265694907224,0.33765313898144483,0.19133561054681938,-0.23154348060837449,0,0,132.226,146.271,116.525
gpt4omini,mmlu,ZH+JA,L:zh,L:ja,L,True,0,blind,all,2000,407,0.7475,0.751,0.2035,0.7542997542997543,0.37714987714987713,0.0,0.0,0.751,0.02280130293159621,0.0,0.0,L:ja,0.63,73.63,79.7,0.4802168823838332,-0.039566235232333706,-0.039566235232333706,-1.4071994803745745e-18,0,0,174.232,204.1695,0.0
gpt4omini,mmlu,ZH+JA,L:zh,L:ja,L,True,0,blind,both_answered,2000,407,0.7475,0.751,0.2035,0.7542997542997543,0.37714987714987713,0.0,0.0,0.751,0.02280130293159621,0.0,0.0,L:ja,0.63,73.63,79.7,0.4802168823838332,-0.039566235232333706,-0.039566235232333706,-1.4071994803745745e-18,0,0,174.232,204.1695,0.0
gpt4omini,mmlu,ZH+JA,L:zh,L:ja,L,True,0,judge,all,2000,407,0.7475,0.751,0.2035,0.7542997542997543,0.37714987714987713,0.0,0.0,0.772,0.2964169381107492,0.0,0.019656019656019656,L:ja,0.63,73.63,79.7,0.4802168823838332,-0.039566235232333706,0.29753410002908504,0.3224924066862785,0,0,174.232,204.1695,28.701
gpt4omini,mmlu,ZH+JA,L:zh,L:ja,L,True,0,judge,both_answered,2000,407,0.7475,0.751,0.2035,0.7542997542997543,0.37714987714987713,0.0,0.0,0.772,0.2964169381107492,0.0,0.019656019656019656,L:ja,0.63,73.63,79.7,0.4802168823838332,-0.039566235232333706,0.29753410002908504,0.3224924066862785,0,0,174.232,204.1695,28.701
gpt4omini,mmlu,ZH+JA,L:zh,L:ja,L,True,0,debate,all,2000,407,0.7475,0.751,0.2035,0.7542997542997543,0.37714987714987713,0.0,0.0,0.763,0.1791530944625408,0.0,0.03194103194103194,L:ja,0.63,73.63,79.7,0.4802168823838332,-0.039566235232333706,0.18148562932193374,0.2111671383079389,0,0,174.232,204.1695,246.355
gpt4omini,mmlu,ZH+JA,L:zh,L:ja,L,True,0,debate,both_answered,2000,407,0.7475,0.751,0.2035,0.7542997542997543,0.37714987714987713,0.0,0.0,0.763,0.1791530944625408,0.0,0.03194103194103194,L:ja,0.63,73.63,79.7,0.4802168823838332,-0.039566235232333706,0.18148562932193374,0.2111671383079389,0,0,174.232,204.1695,246.355
gpt4omini,mmlu,ZH+RU,L:zh,L:ru,L,True,0,blind,all,2000,373,0.7475,0.756,0.1865,0.774798927613941,0.3873994638069705,0.0,0.0,0.756,0.05882352941176475,0.0,0.0,L:ru,0.84,72.855,71.645,0.5038550947729218,0.007710189545843488,0.0077101895458434955,6.725379003757328e-18,0,0,174.232,158.947,0.0
gpt4omini,mmlu,ZH+RU,L:zh,L:ru,L,True,0,blind,both_answered,2000,373,0.7475,0.756,0.1865,0.774798927613941,0.3873994638069705,0.0,0.0,0.756,0.05882352941176475,0.0,0.0,L:ru,0.84,72.855,71.645,0.5038550947729218,0.007710189545843488,0.0077101895458434955,6.725379003757328e-18,0,0,174.232,158.947,0.0
gpt4omini,mmlu,ZH+RU,L:zh,L:ru,L,True,0,debate,all,2000,373,0.7475,0.756,0.1865,0.774798927613941,0.3873994638069705,0.0,0.0,0.7775,0.3564013840830451,0.0,0.010723860589812333,L:ru,0.84,72.855,71.645,0.5038550947729218,0.007710189545843488,0.3545681368180126,0.3450888045654759,0,0,174.232,158.947,204.6905
gpt4omini,mmlu,ZH+RU,L:zh,L:ru,L,True,0,debate,both_answered,2000,373,0.7475,0.756,0.1865,0.774798927613941,0.3873994638069705,0.0,0.0,0.7775,0.3564013840830451,0.0,0.010723860589812333,L:ru,0.84,72.855,71.645,0.5038550947729218,0.007710189545843488,0.3545681368180126,0.3450888045654759,0,0,174.232,158.947,204.6905
gpt4omini,mmlu,ZH+ES,L:zh,L:es,L,True,0,blind,all,2000,374,0.7475,0.7735,0.187,0.786096256684492,0.393048128342246,0.0,0.0,0.7735,0.17687074829931973,0.0,0.0,L:es,1.0,85.81,60.315,0.5870840651028504,0.17416813020570085,0.17416813020570082,7.971260531333646e-18,0,0,174.232,146.271,0.0
gpt4omini,mmlu,ZH+ES,L:zh,L:es,L,True,0,blind,both_answered,2000,374,0.7475,0.7735,0.187,0.786096256684492,0.393048128342246,0.0,0.0,0.7735,0.17687074829931973,0.0,0.0,L:es,1.0,85.81,60.315,0.5870840651028504,0.17416813020570085,0.17416813020570082,7.971260531333646e-18,0,0,174.232,146.271,0.0
gpt4omini,mmlu,ZH+ES,L:zh,L:es,L,True,0,debate,all,2000,374,0.7475,0.7735,0.187,0.786096256684492,0.393048128342246,0.0,0.0,0.78,0.2653061224489795,0.0,0.029411764705882353,L:es,1.0,85.81,60.315,0.5870840651028504,0.17416813020570085,0.262149458294505,0.10194936056509629,0,0,174.232,146.271,207.912
gpt4omini,mmlu,ZH+ES,L:zh,L:es,L,True,0,debate,both_answered,2000,374,0.7475,0.7735,0.187,0.786096256684492,0.393048128342246,0.0,0.0,0.78,0.2653061224489795,0.0,0.029411764705882353,L:es,1.0,85.81,60.315,0.5870840651028504,0.17416813020570085,0.262149458294505,0.10194936056509629,0,0,174.232,146.271,207.912
gpt4omini,mmlu,JA+RU,L:ja,L:ru,L,True,0,blind,all,2000,396,0.751,0.756,0.198,0.7676767676767676,0.3838383838383838,0.0,0.0,0.756,0.03289473684210533,0.0,0.0,L:ru,0.725,73.745,77.765,0.4865838561610653,-0.02683228767786938,-0.02683228767786938,-6.908293635040189e-19,0,0,204.1695,158.947,0.0
gpt4omini,mmlu,JA+RU,L:ja,L:ru,L,True,0,blind,both_answered,2000,396,0.751,0.756,0.198,0.7676767676767676,0.3838383838383838,0.0,0.0,0.756,0.03289473684210533,0.0,0.0,L:ru,0.725,73.745,77.765,0.4865838561610653,-0.02683228767786938,-0.02683228767786938,-6.908293635040189e-19,0,0,204.1695,158.947,0.0
gpt4omini,mmlu,JA+RU,L:ja,L:ru,L,True,0,debate,all,2000,396,0.751,0.756,0.198,0.7676767676767676,0.3838383838383838,0.0,0.0,0.764,0.13815789473684215,0.0,0.04292929292929293,L:ru,0.725,73.745,77.765,0.4865838561610653,-0.02683228767786938,0.1345960128099901,0.15468785619583778,0,0,204.1695,158.947,226.2985
gpt4omini,mmlu,JA+RU,L:ja,L:ru,L,True,0,debate,both_answered,2000,396,0.751,0.756,0.198,0.7676767676767676,0.3838383838383838,0.0,0.0,0.764,0.13815789473684215,0.0,0.04292929292929293,L:ru,0.725,73.745,77.765,0.4865838561610653,-0.02683228767786938,0.1345960128099901,0.15468785619583778,0,0,204.1695,158.947,226.2985
gpt4omini,mmlu,JA+ES,L:ja,L:es,L,True,0,blind,all,2000,383,0.751,0.7735,0.1915,0.7963446475195822,0.3981723237597911,0.0,0.0,0.7735,0.14754098360655743,0.0,0.0,L:es,0.995,86.09,65.205,0.5690574498254674,0.1381148996509347,0.1381148996509347,8.45445173829952e-18,0,0,204.1695,146.271,0.0
gpt4omini,mmlu,JA+ES,L:ja,L:es,L,True,0,blind,both_answered,2000,383,0.751,0.7735,0.1915,0.7963446475195822,0.3981723237597911,0.0,0.0,0.7735,0.14754098360655743,0.0,0.0,L:es,0.995,86.09,65.205,0.5690574498254674,0.1381148996509347,0.1381148996509347,8.45445173829952e-18,0,0,204.1695,146.271,0.0
gpt4omini,mmlu,JA+ES,L:ja,L:es,L,True,0,debate,all,2000,383,0.751,0.7735,0.1915,0.7963446475195822,0.3981723237597911,0.0,0.0,0.7815,0.25245901639344265,0.0,0.04699738903394256,L:es,0.995,86.09,65.205,0.5690574498254674,0.1381148996509347,0.2534785330212774,0.12834352496314425,0,0,204.1695,146.271,213.172
gpt4omini,mmlu,JA+ES,L:ja,L:es,L,True,0,debate,both_answered,2000,383,0.751,0.7735,0.1915,0.7963446475195822,0.3981723237597911,0.0,0.0,0.7815,0.25245901639344265,0.0,0.04699738903394256,L:es,0.995,86.09,65.205,0.5690574498254674,0.1381148996509347,0.2534785330212774,0.12834352496314425,0,0,204.1695,146.271,213.172
gpt4omini,mmlu,RU+ES,L:ru,L:es,L,True,0,blind,all,2000,320,0.756,0.7735,0.16,0.765625,0.3828125,0.0,0.0,0.7735,0.14285714285714285,0.0,0.0,L:es,0.985,69.19,53.145,0.5655032195402626,0.13100643908052512,0.13100643908052512,-1.9435154482354977e-18,0,0,158.947,146.271,0.0
gpt4omini,mmlu,RU+ES,L:ru,L:es,L,True,0,blind,both_answered,2000,320,0.756,0.7735,0.16,0.765625,0.3828125,0.0,0.0,0.7735,0.14285714285714285,0.0,0.0,L:es,0.985,69.19,53.145,0.5655032195402626,0.13100643908052512,0.13100643908052512,-1.9435154482354977e-18,0,0,158.947,146.271,0.0
gpt4omini,mmlu,RU+ES,L:ru,L:es,L,True,0,debate,all,2000,320,0.756,0.7735,0.16,0.765625,0.3828125,0.0,0.0,0.7835,0.30612244897959184,0.0,0.003125,L:es,0.985,69.19,53.145,0.5655032195402626,0.13100643908052512,0.30692537400997855,0.19647503580478215,0,0,158.947,146.271,152.5075
gpt4omini,mmlu,RU+ES,L:ru,L:es,L,True,0,debate,both_answered,2000,320,0.756,0.7735,0.16,0.765625,0.3828125,0.0,0.0,0.7835,0.30612244897959184,0.0,0.003125,L:es,0.985,69.19,53.145,0.5655032195402626,0.13100643908052512,0.30692537400997855,0.19647503580478215,0,0,158.947,146.271,152.5075
gpt4omini,mmlu,EN+S1,L:en,S:T1.0:seed1,S,False,2,blind,all,2000,178,0.81,0.8015,0.089,0.7584269662921348,0.3792134831460674,0.0,0.0,0.81,0.12592592592592594,0.0,0.0,L:en,0.94,36.825,30.555,0.5466917536680331,0.09338350733606626,0.09338350733606628,5.023518075436698e-18,0,0,132.226,136.3165,0.0
gpt4omini,mmlu,EN+S1,L:en,S:T1.0:seed1,S,False,2,blind,both_answered,2000,178,0.81,0.8015,0.089,0.7584269662921348,0.3792134831460674,0.0,0.0,0.81,0.12592592592592594,0.0,0.0,L:en,0.94,36.825,30.555,0.5466917536680331,0.09338350733606626,0.09338350733606628,5.023518075436698e-18,0,0,132.226,136.3165,0.0
gpt4omini,mmlu,EN+S1,L:en,S:T1.0:seed1,S,False,2,judge,all,2000,178,0.81,0.8015,0.089,0.7584269662921348,0.3792134831460674,0.0,0.0,0.809,0.0962962962962964,0.0,0.02247191011235955,L:en,0.94,36.825,30.555,0.5466917536680331,0.09338350733606626,0.09473810143648574,-0.012007086622408373,0,0,132.226,136.3165,11.6045
gpt4omini,mmlu,EN+S1,L:en,S:T1.0:seed1,S,False,2,judge,both_answered,2000,178,0.81,0.8015,0.089,0.7584269662921348,0.3792134831460674,0.0,0.0,0.809,0.0962962962962964,0.0,0.02247191011235955,L:en,0.94,36.825,30.555,0.5466917536680331,0.09338350733606626,0.09473810143648574,-0.012007086622408373,0,0,132.226,136.3165,11.6045
gpt4omini,mmlu,EN+S1,L:en,S:T1.0:seed1,S,False,2,debate,all,2000,178,0.81,0.8015,0.089,0.7584269662921348,0.3792134831460674,0.0,0.0,0.811,0.15555555555555564,0.0,0.011235955056179775,L:en,0.94,36.825,30.555,0.5466917536680331,0.09338350733606626,0.15534773359594042,0.055315887958226166,0,0,132.226,136.3165,68.516
gpt4omini,mmlu,EN+S1,L:en,S:T1.0:seed1,S,False,2,debate,both_answered,2000,178,0.81,0.8015,0.089,0.7584269662921348,0.3792134831460674,0.0,0.0,0.811,0.15555555555555564,0.0,0.011235955056179775,L:en,0.94,36.825,30.555,0.5466917536680331,0.09338350733606626,0.15534773359594042,0.055315887958226166,0,0,132.226,136.3165,68.516
gpt4omini,mmlu,S1+S2,S:T1.0:seed1,S:T1.0:seed2,S,True,2,blind,all,2000,217,0.8015,0.795,0.1085,0.7972350230414746,0.3986175115207373,0.0,0.0,0.8015,0.07514450867052018,0.0,0.0,S:T1.0:seed1,0.825,43.63,42.725,0.5049784182626808,0.009956836525361478,0.009956836525361478,-1.3986419146577032e-18,0,0,136.3165,137.4105,0.0
gpt4omini,mmlu,S1+S2,S:T1.0:seed1,S:T1.0:seed2,S,True,2,blind,both_answered,2000,217,0.8015,0.795,0.1085,0.7972350230414746,0.3986175115207373,0.0,0.0,0.8015,0.07514450867052018,0.0,0.0,S:T1.0:seed1,0.825,43.63,42.725,0.5049784182626808,0.009956836525361478,0.009956836525361478,-1.3986419146577032e-18,0,0,136.3165,137.4105,0.0
gpt4omini,mmlu,S1+S2,S:T1.0:seed1,S:T1.0:seed2,S,True,2,judge,all,2000,217,0.8015,0.795,0.1085,0.7972350230414746,0.3986175115207373,0.0,0.0,0.8025,0.09826589595375722,0.0,0.02304147465437788,S:T1.0:seed1,0.825,43.63,42.725,0.5049784182626808,0.009956836525361478,0.08942591639208168,0.07070865357010489,0,0,136.3165,137.4105,14.6055
gpt4omini,mmlu,S1+S2,S:T1.0:seed1,S:T1.0:seed2,S,True,2,judge,both_answered,2000,217,0.8015,0.795,0.1085,0.7972350230414746,0.3986175115207373,0.0,0.0,0.8025,0.09826589595375722,0.0,0.02304147465437788,S:T1.0:seed1,0.825,43.63,42.725,0.5049784182626808,0.009956836525361478,0.08942591639208168,0.07070865357010489,0,0,136.3165,137.4105,14.6055
gpt4omini,mmlu,EN+P1,L:en,P:expert,P,False,2,blind,all,2000,150,0.81,0.81,0.075,0.7866666666666666,0.3933333333333333,0.0,0.0,0.81,0.0,0.0,0.0,P:expert,0.51,27.39,31.59,0.46419103310644266,-0.07161793378711467,-0.07161793378711469,-2.4457314498926836e-18,0,0,132.226,137.551,0.0
gpt4omini,mmlu,EN+P1,L:en,P:expert,P,False,2,blind,both_answered,2000,150,0.81,0.81,0.075,0.7866666666666666,0.3933333333333333,0.0,0.0,0.81,0.0,0.0,0.0,P:expert,0.51,27.39,31.59,0.46419103310644266,-0.07161793378711467,-0.07161793378711469,-2.4457314498926836e-18,0,0,132.226,137.551,0.0
gpt4omini,mmlu,EN+P1,L:en,P:expert,P,False,2,judge,all,2000,150,0.81,0.81,0.075,0.7866666666666666,0.3933333333333333,0.0,0.0,0.8135,0.11864406779661023,0.0,0.013333333333333334,P:expert,0.51,27.39,31.59,0.46419103310644266,-0.07161793378711467,0.11534541473148191,0.17189760332907103,0,0,132.226,137.551,9.868
gpt4omini,mmlu,EN+P1,L:en,P:expert,P,False,2,judge,both_answered,2000,150,0.81,0.81,0.075,0.7866666666666666,0.3933333333333333,0.0,0.0,0.8135,0.11864406779661023,0.0,0.013333333333333334,P:expert,0.51,27.39,31.59,0.46419103310644266,-0.07161793378711467,0.11534541473148191,0.17189760332907103,0,0,132.226,137.551,9.868
gpt4omini,mmlu,P1+P2,P:expert,P:skeptic,P,True,2,blind,all,2000,164,0.81,0.811,0.082,0.8048780487804879,0.4024390243902439,0.0,0.0,0.811,0.015151515151515025,0.0,0.0,P:skeptic,0.605,30.95,34.98,0.4693461026790683,-0.06130779464186354,-0.06130779464186352,3.60250382969244e-18,0,0,137.551,150.617,0.0
gpt4omini,mmlu,P1+P2,P:expert,P:skeptic,P,True,2,blind,both_answered,2000,164,0.81,0.811,0.082,0.8048780487804879,0.4024390243902439,0.0,0.0,0.811,0.015151515151515025,0.0,0.0,P:skeptic,0.605,30.95,34.98,0.4693461026790683,-0.06130779464186354,-0.06130779464186352,3.60250382969244e-18,0,0,137.551,150.617,0.0
gpt4omini,mmlu,P1+P2,P:expert,P:skeptic,P,True,2,judge,all,2000,164,0.81,0.811,0.082,0.8048780487804879,0.4024390243902439,0.0,0.0,0.8155,0.1515151515151515,0.0,0.012195121951219513,P:skeptic,0.605,30.95,34.98,0.4693461026790683,-0.06130779464186354,0.1346501393110916,0.1819478422579588,0,0,137.551,150.617,11.207
gpt4omini,mmlu,P1+P2,P:expert,P:skeptic,P,True,2,judge,both_answered,2000,164,0.81,0.811,0.082,0.8048780487804879,0.4024390243902439,0.0,0.0,0.8155,0.1515151515151515,0.0,0.012195121951219513,P:skeptic,0.605,30.95,34.98,0.4693461026790683,-0.06130779464186354,0.1346501393110916,0.1819478422579588,0,0,137.551,150.617,11.207
gpt4omini,mmlu,P1+P2,P:expert,P:skeptic,P,True,2,debate,all,2000,164,0.81,0.811,0.082,0.8048780487804879,0.4024390243902439,0.0,0.0,0.818,0.22727272727272718,0.0,0.018292682926829267,P:skeptic,0.605,30.95,34.98,0.4693461026790683,-0.06130779464186354,0.21972530395336945,0.2624945189766715,0,0,137.551,150.617,65.1655
gpt4omini,mmlu,P1+P2,P:expert,P:skeptic,P,True,2,debate,both_answered,2000,164,0.81,0.811,0.082,0.8048780487804879,0.4024390243902439,0.0,0.0,0.818,0.22727272727272718,0.0,0.018292682926829267,P:skeptic,0.605,30.95,34.98,0.4693461026790683,-0.06130779464186354,0.21972530395336945,0.2624945189766715,0,0,137.551,150.617,65.1655
gpt4omini,mmlu,EN+W1,L:en,W:rewrite1,W,False,2,blind,all,2000,245,0.81,0.7955,0.1225,0.8204081632653061,0.41020408163265304,0.0,0.0004999999999999449,0.81,0.14427860696517425,0.0,0.0,L:en,0.995,57.02,43.26,0.5685507595043705,0.13710151900874118,0.1371015190087412,2.0037196188929936e-17,0,0,132.226,141.4295,0.0
gpt4omini,mmlu,EN+W1,L:en,W:rewrite1,W,False,2,blind,both_answered,1999,244,0.8099049524762382,0.7958979489744873,0.12206103051525763,0.819672131147541,0.4098360655737705,0.0,0.0,0.8099049524762382,0.14,0.0,0.0,L:en,0.97,55.745,43.645,0.5607989239199617,0.12159784783992349,0.12159784783992349,4.9982300282159685e-18,0,0,131.871935967984,141.41320660330166,0.0
gpt4omini,mmlu,EN+W1,L:en,W:rewrite1,W,False,2,judge,all,2000,245,0.81,0.7955,0.1225,0.8204081632653061,0.41020408163265304,0.0,0.0004999999999999449,0.819,0.3233830845771144,0.0,0.00816326530612245,L:en,0.995,57.02,43.26,0.5685507595043705,0.13710151900874118,0.32387572910643436,0.2122609755694495,0,0,132.226,141.4295,16.028
gpt4omini,mmlu,EN+W1,L:en,W:rewrite1,W,False,2,judge,both_answered,1999,244,0.8099049524762382,0.7958979489744873,0.12206103051525763,0.819672131147541,0.4098360655737705,0.0,0.0,0.8189094547273637,0.32000000000000006,0.0,0.00819672131147541,L:en,0.97,55.745,43.645,0.5607989239199617,0.12159784783992349,0.32560998297156263,0.22405931529871875,0,0,131.871935967984,141.41320660330166,15.915957978989494
gpt4omini,mmlu,W1+W2,W:rewrite1,W:rewrite2,W,True,2,blind,all,2000,220,0.7955,0.7985,0.11,0.7636363636363637,0.38181818181818183,0.0004999999999999449,0.0,0.7985,0.03571428571428565,0.0,0.0,W:rewrite2,0.6799999999999999,40.24,44.02,0.4773279158402016,-0.045344168319596694,-0.04534416831959669,4.815234152322082e-18,0,0,141.4295,139.8065,0.0
gpt4omini,mmlu,W1+W2,W:rewrite1,W:rewrite2,W,True,2,blind,both_answered,1999,219,0.7958979489744873,0.7988994497248624,0.10955477738869435,0.7671232876712328,0.3835616438356164,0.0,0.0,0.7988994497248624,0.03571428571428571,0.0,0.0,W:rewrite2,0.7,40.295,43.665,0.47986829724671265,-0.04026340550657463,-0.04026340550657462,7.164665272121463e-18,0,0,141.41320660330166,139.4352176088044,0.0
gpt4omini,mmlu,W1+W2,W:rewrite1,W:rewrite2,W,True,2,judge,all,2000,220,0.7955,0.7985,0.11,0.7636363636363637,0.38181818181818183,0.0004999999999999449,0.0,0.8105,0.3214285714285713,0.0,0.01818181818181818,W:rewrite2,0.6799999999999999,40.24,44.02,0.4773279158402016,-0.045344168319596694,0.3274259895045683,0.3537799783048554,0,0,141.4295,139.8065,14.6335
gpt4omini,mmlu,W1+W2,W:rewrite1,W:rewrite2,W,True,2,judge,both_answered,1999,219,0.7958979489744873,0.7988994497248624,0.10955477738869435,0.7671232876712328,0.3835616438356164,0.0,0.0,0.8109054527263632,0.32142857142857156,0.0,0.0182648401826484,W:rewrite2,0.7,40.295,43.665,0.47986829724671265,-0.04026340550657463,0.3234612896624312,0.3466000390996118,0,0,141.41320660330166,139.4352176088044,14.536268134067033
gpt4omini,mmlu,EN+R,L:en,R:short_cot,R,False,2,blind,all,2000,168,0.81,0.7975,0.084,0.8154761904761905,0.40773809523809523,0.0,0.0,0.81,0.18248175182481755,0.0,0.0,L:en,0.995,40.475,27.955,0.591146341679911,0.18229268335982213,0.18229268335982213,-4.743451213526266e-18,0,0,132.226,68.068,0.0
gpt4omini,mmlu,EN+R,L:en,R:short_cot,R,False,2,blind,both_answered,2000,168,0.81,0.7975,0.084,0.8154761904761905,0.40773809523809523,0.0,0.0,0.81,0.18248175182481755,0.0,0.0,L:en,0.995,40.475,27.955,0.591146341679911,0.18229268335982213,0.18229268335982213,-4.743451213526266e-18,0,0,132.226,68.068,0.0
gpt4omini,mmlu,EN+R,L:en,R:short_cot,R,False,2,judge,all,2000,168,0.81,0.7975,0.084,0.8154761904761905,0.40773809523809523,0.0,0.0,0.8155,0.34306569343065707,0.0,0.005952380952380952,L:en,0.995,40.475,27.955,0.591146341679911,0.18229268335982213,0.3444312448432633,0.1914439026772049,0,0,132.226,68.068,10.4665
gpt4omini,mmlu,EN+R,L:en,R:short_cot,R,False,2,judge,both_answered,2000,168,0.81,0.7975,0.084,0.8154761904761905,0.40773809523809523,0.0,0.0,0.8155,0.34306569343065707,0.0,0.005952380952380952,L:en,0.995,40.475,27.955,0.591146341679911,0.18229268335982213,0.3444312448432633,0.1914439026772049,0,0,132.226,68.068,10.4665
gpt4omini,mmlu,EN+SR-EN,L:en,F:en,F,False,2,blind,all,2000,97,0.81,0.8035,0.0485,0.6907216494845361,0.34536082474226804,0.0,0.0004999999999999449,0.81,0.1940298507462686,0.0,0.0,L:en,0.94,18.885,14.025,0.5748774266474963,0.14975485329499272,0.14975485329499272,-1.5543406076860832e-18,0,0,132.226,104.767,0.0
gpt4omini,mmlu,EN+SR-EN,L:en,F:en,F,False,2,blind,both_answered,1999,96,0.8099049524762382,0.8039019509754878,0.048024012006003,0.6875,0.34375,0.0,0.0,0.8099049524762382,0.18181818181818182,0.0,0.0,L:en,0.89,17.985,14.915,0.5496354903187762,0.09927098063755252,0.09927098063755255,1.3242788918826114e-17,0,0,132.26313156578288,104.76538269134568,0.0
gpt4omini,mmlu,EN+SR-EN,L:en,F:en,F,False,2,judge,all,2000,97,0.81,0.8035,0.0485,0.6907216494845361,0.34536082474226804,0.0,0.0004999999999999449,0.807,0.014925373134328306,0.0,0.010309278350515464,L:en,0.94,18.885,14.025,0.5748774266474963,0.14975485329499272,0.013367851436835476,-0.20672972639750128,0,0,132.226,104.767,5.9725
gpt4omini,mmlu,EN+SR-EN,L:en,F:en,F,False,2,judge,both_answered,1999,96,0.8099049524762382,0.8039019509754878,0.048024012006003,0.6875,0.34375,0.0,0.0,0.806903451725863,0.0,0.0,0.010416666666666666,L:en,0.89,17.985,14.915,0.5496354903187762,0.09927098063755252,-0.008898410901068927,-0.1675897764611115,0,0,132.26313156578288,104.76538269134568,5.932466233116558
gpt4omini,mmlu,ZH+SR-ZH,L:zh,F:zh,F,False,0,blind,all,2000,153,0.7475,0.752,0.0765,0.7908496732026143,0.3954248366013072,0.0,0.0014999999999999458,0.752,0.07438016528925621,0.0196078431372549,0.0,F:zh,0.785,29.505,30.105,0.4957349522470196,-0.008530095505960716,-0.008530095505960712,3.736455033551121e-18,0,0,174.232,162.796,0.0
gpt4omini,mmlu,ZH+SR-ZH,L:zh,F:zh,F,False,0,blind,both_answered,1997,150,0.7471206810215323,0.7531296945418127,0.07511266900350526,0.7866666666666666,0.3933333333333333,0.0,0.0,0.7531296945418127,0.10169491525423738,0.0,0.0,F:zh,0.86,30.195,28.685,0.5136316679819812,0.027263335963962475,0.027263335963962475,-8.156830194958012e-18,0,0,174.2663995993991,162.87831747621433,0.0
gpt4omini,mmlu,ZH+SR-ZH,L:zh,F:zh,F,False,0,judge,all,2000,153,0.7475,0.752,0.0765,0.7908496732026143,0.3954248366013072,0.0,0.0014999999999999458,0.7565,0.22314049586776866,0.0,0.013071895424836602,F:zh,0.785,29.505,30.105,0.4957349522470196,-0.008530095505960716,0.2207433203986367,0.21666810216351004,0,0,174.232,162.796,10.2775
gpt4omini,mmlu,ZH+SR-ZH,L:zh,F:zh,F,False,0,judge,both_answered,1997,150,0.7471206810215323,0.7531296945418127,0.07511266900350526,0.7866666666666666,0.3933333333333333,0.0,0.0,0.756134201301953,0.20338983050847462,0.0,0.013333333333333334,F:zh,0.86,30.195,28.685,0.5136316679819812,0.027263335963962475,0.2066246175902316,0.16971621625131805,0,0,174.2663995993991,162.87831747621433,10.12368552829244
gpt4omini,mathqa,EN+ZH,L:en,L:zh,L,False,1,blind,all,2000,365,0.8235,0.7985,0.1825,0.7780821917808219,0.38904109589041097,0.0004999999999999449,0.0030000000000000027,0.8235,0.176056338028169,0.0027397260273972603,0.0,L:en,1.0,84.29,57.845,0.5929882582302598,0.18597651646051966,0.18597651646051966,5.7267562821802005e-18,0,0,327.645,278.286,0.0
gpt4omini,mathqa,EN+ZH,L:en,L:zh,L,False,1,blind,both_answered,1993,358,0.8248871048670346,0.8013045659809332,0.17962870045158053,0.7849162011173184,0.3924581005586592,0.0,0.0,0.8248871048670346,0.1672597864768684,0.0,0.0,L:en,1.0,82.025,58.78,0.5825419258215611,0.165083851643122,0.165083851643122,-2.8141937291541684e-18,0,0,323.53888610135476,254.45258404415455,0.0
gpt4omini,mathqa,EN+ZH,L:en,L:zh,L,False,1,judge,all,2000,365,0.8235,0.7985,0.1825,0.7780821917808219,0.38904109589041097,0.0004999999999999449,0.0030000000000000027,0.844,0.46478873239436613,0.0,0.00821917808219178,L:en,1.0,84.29,57.845,0.5929882582302598,0.18597651646051966,0.46341258665477514,0.3382682292700547,0,0,327.645,278.286,25.8915
gpt4omini,mathqa,EN+ZH,L:en,L:zh,L,False,1,judge,both_answered,1993,358,0.8248871048670346,0.8013045659809332,0.17962870045158053,0.7849162011173184,0.3924581005586592,0.0,0.0,0.8454591068740592,0.4590747330960854,0.0,0.008379888268156424,L:en,1.0,82.025,58.78,0.5825419258215611,0.165083851643122,0.46723112733517985,0.35918641364571746,0,0,323.53888610135476,254.45258404415455,25.39136979427998
gpt4omini,mathqa,EN+ZH,L:en,L:zh,L,False,1,debate,all,2000,365,0.8235,0.7985,0.1825,0.7780821917808219,0.38904109589041097,0.0004999999999999449,0.0030000000000000027,0.8435,0.4577464788732394,0.0,0.019178082191780823,L:en,1.0,84.29,57.845,0.5929882582302598,0.18597651646051966,0.46078581780469713,0.3346528037393711,0,0,327.645,278.286,231.2665
gpt4omini,mathqa,EN+ZH,L:en,L:zh,L,False,1,debate,both_answered,1993,358,0.8248871048670346,0.8013045659809332,0.17962870045158053,0.7849162011173184,0.3924581005586592,0.0,0.0,0.8449573507275464,0.4519572953736654,0.0,0.019553072625698324,L:en,1.0,82.025,58.78,0.5825419258215611,0.165083851643122,0.4599494610309604,0.35011046563644427,0,0,323.53888610135476,254.45258404415455,226.40291018564977
gpt4omini,mathqa,EN+JA,L:en,L:ja,L,False,1,blind,all,2000,414,0.8235,0.766,0.207,0.7753623188405797,0.38768115942028986,0.0004999999999999449,0.0,0.8235,0.3582554517133957,0.0024154589371980675,0.0,L:en,1.0,109.49,51.225,0.6813140100706079,0.362628020141216,0.362628020141216,8.770833116657608e-18,0,0,327.645,271.7755,0.0
gpt4omini,mathqa,EN+JA,L:en,L:ja,L,False,1,blind,both_answered,1999,413,0.8239119559779889,0.7663831915957979,0.2066033016508254,0.7772397094430993,0.38861985472154964,0.0,0.0,0.8239119559779889,0.3582554517133955,0.0,0.0,L:en,1.0,108.895,51.65,0.6783839047898351,0.35676780957967014,0.3567678095796702,-6.35052243020289e-18,0,0,323.71085542771385,271.70185092546274,0.0
gpt4omini,mathqa,EN+JA,L:en,L:ja,L,False,1,judge,all,2000,414,0.8235,0.766,0.207,0.7753623188405797,0.38768115942028986,0.0004999999999999449,0.0,0.8375,0.5327102803738317,0.0,0.024154589371980676,L:en,1.0,109.49,51.225,0.6813140100706079,0.362628020141216,0.532324575744588,0.2633539312987662,0,0,327.645,271.7755,29.211
gpt4omini,mathqa,EN+JA,L:en,L:ja,L,False,1,judge,both_answered,1999,413,0.8239119559779889,0.7663831915957979,0.2066033016508254,0.7772397094430993,0.38861985472154964,0.0,0.0,0.8379189594797398,0.5327102803738317,0.0,0.024213075060532687,L:en,1.0,108.895,51.65,0.6783839047898351,0.35676780957967014,0.5332428478489344,0.27028018128583287,0,0,323.71085542771385,271.70185092546274,29.08704352176088
gpt4omini,mathqa,EN+JA,L:en,L:ja,L,False,1,debate,all,2000,414,0.8235,0.766,0.207,0.7753623188405797,0.38768115942028986,0.0004999999999999449,0.0,0.8275,0.4080996884735202,0.0,0.026570048309178744,L:en,1.0,109.49,51.225,0.6813140100706079,0.362628020141216,0.4138895702257125,0.07465497667764351,0,0,327.645,271.7755,226.5375
gpt4omini,mathqa,EN+JA,L:en,L:ja,L,False,1,debate,both_answered,1999,413,0.8239119559779889,0.7663831915957979,0.2066033016508254,0.7772397094430993,0.38861985472154964,0.0,0.0,0.8279139569784892,0.40809968847352035,0.0,0.026634382566585957,L:en,1.0,108.895,51.65,0.6783839047898351,0.35676780957967014,0.40506150952565734,0.0692418608686416,0,0,323.71085542771385,271.70185092546274,226.23661830915458
gpt4omini,mathqa,EN+RU,L:en,L:ru,L,False,1,blind,all,2000,327,0.8235,0.8115,0.1635,0.7400611620795107,0.37003058103975534,0.0004999999999999449,0.0044999999999999485,0.8235,0.09917355371900828,0.0030581039755351682,0.0,L:en,0.93,64.825,55.565,0.5388540975125032,0.07770819502500648,0.07770819502500649,9.557079905036071e-18,0,0,327.645,309.345,0.0
gpt4omini,mathqa,EN+RU,L:en,L:ru,L,False,1,blind,both_answered,1990,317,0.8271356783919598,0.8150753768844221,0.1592964824120603,0.7570977917981072,0.3785488958990536,0.0,0.0,0.8271356783919598,0.10000000000000012,0.0,0.0,L:en,0.94,64.61,55.325,0.5386446994906836,0.07728939898136727,0.07728939898136726,-8.765945353743175e-18,0,0,322.9286432160804,273.6035175879397,0.0
gpt4omini,mathqa,EN+RU,L:en,L:ru,L,False,1,debate,all,2000,327,0.8235,0.8115,0.1635,0.7400611620795107,0.37003058103975534,0.0004999999999999449,0.0044999999999999485,0.8455,0.4628099173553719,0.0,0.024464831804281346,L:en,0.93,64.825,55.565,0.5388540975125032,0.07770819502500648,0.4639467247343692,0.4134452103579984,0,0,327.645,309.345,175.7845
gpt4omini,mathqa,EN+RU,L:en,L:ru,L,False,1,debate,both_answered,1990,317,0.8271356783919598,0.8150753768844221,0.1592964824120603,0.7570977917981072,0.3785488958990536,0.0,0.0,0.8487437185929648,0.4583333333333334,0.0,0.025236593059936908,L:en,0.94,64.61,55.325,0.5386446994906836,0.07728939898136727,0.4571371756876442,0.40546097632111666,0,0,322.9286432160804,273.6035175879397,169.47185929648242
gpt4omini,mathqa,EN+ES,L:en,L:es,L,False,1,blind,all,2000,306,0.8235,0.808,0.153,0.7418300653594772,0.3709150326797386,0.0004999999999999449,0.0020000000000000018,0.8235,0.13656387665198233,0.0,0.0,L:en,0.975,63.835,49.295,0.5641200662428442,0.1282401324856884,0.12824013248568844,1.4000272881670214e-17,0,0,327.645,260.516,0.0
gpt4omini,mathqa,EN+ES,L:en,L:es,L,False,1,blind,both_answered,1996,303,0.8241482965931863,0.8096192384769539,0.15180360721442887,0.7425742574257426,0.3712871287128713,0.0,0.0,0.8241482965931863,0.12888888888888894,0.0,0.0,L:en,0.97,62.915,50.065,0.5571699996789312,0.1143399993578625,0.11433999935786252,9.706598605936968e-18,0,0,323.10320641282567,244.62124248496994,0.0
gpt4omini,mathqa,EN+ES,L:en,L:es,L,False,1,debate,all,2000,306,0.8235,0.808,0.153,0.7418300653594772,0.3709150326797386,0.0004999999999999449,0.0020000000000000018,0.8405,0.4361233480176211,0.0,0.0392156862745098,L:en,0.975,63.835,49.295,0.5641200662428442,0.1282401324856884,0.43878952220600753,0.3485681783901805,0,0,327.645,260.516,175.6945
gpt4omini,mathqa,EN+ES,L:en,L:es,L,False,1,debate,both_answered,1996,303,0.8241482965931863,0.8096192384769539,0.15180360721442887,0.7425742574257426,0.3712871287128713,0.0,0.0,0.8416833667334669,0.4400000000000001,0.0,0.036303630363036306,L:en,0.97,62.915,50.065,0.5571699996789312,0.1143399993578625,0.44066519971672763,0.3626354359520015,0,0,323.10320641282567,244.62124248496994,174.47194388777555
gpt4omini,mathqa,ZH+JA,L:zh,L:ja,L,True,0,blind,all,2000,403,0.7985,0.766,0.2015,0.7766749379652605,0.3883374689826303,0.0030000000000000027,0.0,0.7985,0.20766773162939292,0.01488833746898263,0.0,L:zh,1.0,94.29,62.47,0.6013271930886551,0.20265438617731021,0.20265438617731021,9.362609422499238e-18,0,0,278.286,271.7755,0.0
gpt4omini,mathqa,ZH+JA,L:zh,L:ja,L,True,0,blind,both_answered,1994,397,0.8009027081243731,0.7673019057171514,0.1990972918756269,0.783375314861461,0.3916876574307305,0.0,0.0,0.8009027081243731,0.21543408360128613,0.0,0.0,L:zh,0.995,94.365,60.79,0.6083507776140408,0.21670155522808177,0.21670155522808177,5.532709719731226e-18,0,0,254.47342026078235,268.89167502507524,0.0
gpt4omini,mathqa,ZH+JA,L:zh,L:ja,L,True,0,judge,all,2000,403,0.7985,0.766,0.2015,0.7766749379652605,0.3883374689826303,0.0030000000000000027,0.0,0.818,0.45686900958466453,0.0,0.019851116625310174,L:zh,1.0,94.29,62.47,0.6013271930886551,0.20265438617731021,0.46059545377888206,0.32067443064791445,0,0,278.286,271.7755,30.566
gpt4omini,mathqa,ZH+JA,L:zh,L:ja,L,True,0,judge,both_answered,1994,397,0.8009027081243731,0.7673019057171514,0.1990972918756269,0.783375314861461,0.3916876574307305,0.0,0.0,0.8189568706118355,0.44694533762057875,0.0,0.017632241813602016,L:zh,0.995,94.365,60.79,0.6083507776140408,0.21670155522808177,0.45199674619259445,0.29580285682448915,0,0,254.47342026078235,268.89167502507524,30.106318956870613
gpt4omini,mathqa,ZH+JA,L:zh,L:ja,L,True,0,debate,all,2000,403,0.7985,0.766,0.2015,0.7766749379652605,0.3883374689826303,0.0030000000000000027,0.0,0.8065,0.30990415335463267,0.0,0.03722084367245657,L:zh,1.0,94.29,62.47,0.6013271930886551,0.20265438617731021,0.30708239696146367,0.12722767888331402,0,0,278.286,271.7755,262.3735
gpt4omini,mathqa,ZH+JA,L:zh,L:ja,L,True,0,debate,both_answered,1994,397,0.8009027081243731,0.7673019057171514,0.1990972918756269,0.783375314861461,0.3916876574307305,0.0,0.0,0.8079237713139418,0.30546623794212224,0.0,0.03526448362720403,L:zh,0.995,94.365,60.79,0.6083507776140408,0.21670155522808177,0.3146076063411653,0.11912480997769884,0,0,254.47342026078235,268.89167502507524,260.69608826479435
gpt4omini,mathqa,ZH+RU,L:zh,L:ru,L,True,0,blind,all,2000,361,0.7985,0.8115,0.1805,0.7534626038781164,0.3767313019390582,0.0030000000000000027,0.0044999999999999485,0.8115,0.09558823529411761,0.0221606648199446,0.0,L:ru,0.955,73.415,62.65,0.5395816225777925,0.0791632451555852,0.0791632451555852,4.062111486423881e-18,0,0,278.286,309.345,0.0
gpt4omini,mathqa,ZH+RU,L:zh,L:ru,L,True,0,blind,both_answered,1986,348,0.8026183282980867,0.8157099697885196,0.17522658610271905,0.764367816091954,0.382183908045977,0.0,0.0,0.8157099697885196,0.09774436090225559,0.0,0.0,L:ru,0.94,71.25,61.64,0.5363624933104648,0.07272498662092962,0.07272498662092962,8.042034232731837e-19,0,0,253.88569989929508,273.76535750251765,0.0
gpt4omini,mathqa,ZH+RU,L:zh,L:ru,L,True,0,debate,all,2000,361,0.7985,0.8115,0.1805,0.7534626038781164,0.3767313019390582,0.0030000000000000027,0.0044999999999999485,0.8235,0.2720588235294117,0.0,0.036011080332409975,L:ru,0.955,73.415,62.65,0.5395816225777925,0.0791632451555852,0.2669207871368886,0.1989450806579361,0,0,278.286,309.345,264.5585
gpt4omini,mathqa,ZH+RU,L:zh,L:ru,L,True,0,debate,both_answered,1986,348,0.8026183282980867,0.8157099697885196,0.17522658610271905,0.764367816091954,0.382183908045977,0.0,0.0,0.8267875125881168,0.26315789473684215,0.0,0.031609195402298854,L:ru,0.94,71.25,61.64,0.5363624933104648,0.07272498662092962,0.25798834005728805,0.19326006448721436,0,0,253.88569989929508,273.76535750251765,260.60926485397783
gpt4omini,mathqa,ZH+ES,L:zh,L:es,L,True,0,blind,all,2000,372,0.7985,0.808,0.186,0.7338709677419355,0.36693548387096775,0.0030000000000000027,0.0020000000000000018,0.808,0.06959706959706953,0.010752688172043012,0.0,L:es,0.86,70.34,66.695,0.5133942401574915,0.02678848031498301,0.026788480314983022,8.481587820266018e-18,0,0,278.286,260.516,0.0
gpt4omini,mathqa,ZH+ES,L:zh,L:es,L,True,0,blind,both_answered,1990,362,0.8015075376884422,0.8105527638190955,0.18190954773869347,0.7403314917127072,0.3701657458563536,0.0,0.0,0.8105527638190955,0.06716417910447758,0.0,0.0,L:es,0.875,68.615,65.06,0.5136682310292006,0.027336462058401043,0.027336462058401054,1.2322334634921579e-17,0,0,254.4145728643216,244.41005025125628,0.0
gpt4omini,mathqa,ZH+ES,L:zh,L:es,L,True,0,debate,all,2000,372,0.7985,0.808,0.186,0.7338709677419355,0.36693548387096775,0.0030000000000000027,0.0020000000000000018,0.8325,0.4285714285714285,0.0,0.026881720430107527,L:es,0.86,70.34,66.695,0.5133942401574915,0.02678848031498301,0.4273799898945893,0.40667262653154956,0,0,278.286,260.516,270.5195
gpt4omini,mathqa,ZH+ES,L:zh,L:es,L,True,0,debate,both_answered,1990,362,0.8015075376884422,0.8105527638190955,0.18190954773869347,0.7403314917127072,0.3701657458563536,0.0,0.0,0.8341708542713567,0.417910447761194,0.0,0.024861878453038673,L:es,0.875,68.615,65.06,0.5136682310292006,0.027336462058401043,0.41563740421918643,0.39488707565850567,0,0,254.4145728643216,244.41005025125628,260.05175879396984
gpt4omini,mathqa,JA+RU,L:ja,L:ru,L,True,0,blind,all,2000,405,0.766,0.8115,0.2025,0.7580246913580246,0.3790123456790123,0.0,0.0044999999999999485,0.8115,0.2964169381107493,0.022222222222222223,0.0,L:ru,1.0,99.02,53.835,0.6476925965071199,0.29538519301423977,0.29538519301423977,-5.502500961246334e-19,0,0,271.7755,309.345,0.0
gpt4omini,mathqa,JA+RU,L:ja,L:ru,L,True,0,blind,both_answered,1991,396,0.7684580612757408,0.8151682571572074,0.19889502762430938,0.7702020202020202,0.3851010101010101,0.0,0.0,0.8151682571572074,0.3049180327868851,0.0,0.0,L:ru,1.0,99.685,53.53,0.6505548226114015,0.3011096452228032,0.3011096452228032,8.417217016359477e-18,0,0,271.30035158211956,273.71270718232046,0.0
gpt4omini,mathqa,JA+RU,L:ja,L:ru,L,True,0,debate,all,2000,405,0.766,0.8115,0.2025,0.7580246913580246,0.3790123456790123,0.0,0.0044999999999999485,0.82,0.4071661237785017,0.0,0.0345679012345679,L:ru,1.0,99.02,53.835,0.6476925965071199,0.29538519301423977,0.4112156115735533,0.1609630280318841,0,0,271.7755,309.345,257.753
gpt4omini,mathqa,JA+RU,L:ja,L:ru,L,True,0,debate,both_answered,1991,396,0.7684580612757408,0.8151682571572074,0.19889502762430938,0.7702020202020202,0.3851010101010101,0.0,0.0,0.8227021597187343,0.4032786885245902,0.0,0.03535353535353535,L:ru,1.0,99.685,53.53,0.6505548226114015,0.3011096452228032,0.40398473248366,0.14236274220860884,0,0,271.30035158211956,273.71270718232046,252.05826217980913
gpt4omini,mathqa,JA+ES,L:ja,L:es,L,True,0,blind,all,2000,393,0.766,0.808,0.1965,0.7582697201017812,0.3791348600508906,0.0,0.0020000000000000018,0.808,0.2818791946308725,0.010178117048346057,0.0,L:es,1.0,95.52,53.475,0.6410314746196653,0.2820629492393305,0.28206294923933056,2.0513937465274333e-17,0,0,271.7755,260.516,0.0
gpt4omini,mathqa,JA+ES,L:ja,L:es,L,True,0,blind,both_answered,1996,389,0.7665330661322646,0.8096192384769539,0.19488977955911824,0.7609254498714653,0.38046272493573263,0.0,0.0,0.8096192384769539,0.2905405405405406,0.0,0.0,L:es,1.0,95.33,52.91,0.6432104016960506,0.2864208033921013,0.2864208033921013,1.82275671202046e-17,0,0,271.43987975951904,244.62124248496994,0.0
gpt4omini,mathqa,JA+ES,L:ja,L:es,L,True,0,debate,all,2000,393,0.766,0.808,0.1965,0.7582697201017812,0.3791348600508906,0.0,0.0020000000000000018,0.8185,0.42281879194630884,0.0,0.020356234096692113,L:es,1.0,95.52,53.475,0.6410314746196653,0.2820629492393305,0.4247082459733582,0.19457454528464438,0,0,271.7755,260.516,266.1865
gpt4omini,mathqa,JA+ES,L:ja,L:es,L,True,0,debate,both_answered,1996,389,0.7665330661322646,0.8096192384769539,0.19488977955911824,0.7609254498714653,0.38046272493573263,0.0,0.0,0.8186372745490982,0.41216216216216217,0.0,0.017994858611825194,L:es,1.0,95.33,52.91,0.6432104016960506,0.2864208033921013,0.41487893026434847,0.17571013960333892,0,0,271.43987975951904,244.62124248496994,264.8822645290581
gpt4omini,mathqa,RU+ES,L:ru,L:es,L,True,0,blind,all,2000,338,0.8115,0.808,0.169,0.7248520710059172,0.3624260355029586,0.0044999999999999485,0.0020000000000000018,0.8115,0.028571428571428564,0.026627218934911243,0.0,L:ru,0.675,58.755,63.415,0.4809437754292881,-0.03811244914142382,-0.03811244914142382,-1.4702369807390576e-19,0,0,309.345,260.516,0.0
gpt4omini,mathqa,RU+ES,L:ru,L:es,L,True,0,blind,both_answered,1987,325,0.8158027176648214,0.8127830900855562,0.16356316054353295,0.7446153846153846,0.3723076923076923,0.0,0.0,0.8158027176648214,0.024793388429752157,0.0,0.0,L:ru,0.595,58.31,63.26,0.4795281075494992,-0.040943784901001534,-0.04094378490100155,-8.167741513077763e-18,0,0,273.03623553095116,244.12078510317062,0.0
gpt4omini,mathqa,RU+ES,L:ru,L:es,L,True,0,debate,all,2000,338,0.8115,0.808,0.169,0.7248520710059172,0.3624260355029586,0.0044999999999999485,0.0020000000000000018,0.8365,0.43673469387755093,0.0,0.023668639053254437,L:ru,0.675,58.755,63.415,0.4809437754292881,-0.03811244914142382,0.4357641536256047,0.45475364763811166,0,0,309.345,260.516,219.5385
gpt4omini,mathqa,RU+ES,L:ru,L:es,L,True,0,debate,both_answered,1987,325,0.8158027176648214,0.8127830900855562,0.16356316054353295,0.7446153846153846,0.3723076923076923,0.0,0.0,0.840463009562154,0.42975206611570244,0.0,0.021538461538461538,L:ru,0.595,58.31,63.26,0.4795281075494992,-0.040943784901001534,0.4255483532312339,0.44645905718565887,0,0,273.03623553095116,244.12078510317062,216.56768998490188
gpt4omini,mathqa,EN+S1,L:en,S:T1.0:seed1,S,False,2,blind,all,2000,295,0.8235,0.821,0.1475,0.735593220338983,0.3677966101694915,0.0004999999999999449,0.0,0.8235,0.02304147465437797,0.003389830508474576,0.0,L:en,0.605,52.16,56.64,0.47926176991855485,-0.04147646016289039,-0.041476460162890375,8.810841656600881e-18,0,0,327.645,294.4965,0.0
gpt4omini,mathqa,EN+S1,L:en,S:T1.0:seed1,S,False,2,blind,both_answered,1999,294,0.8239119559779889,0.8209104552276139,0.1470735367683842,0.7346938775510204,0.3673469387755102,0.0,0.0,0.8239119559779889,0.027777777777777655,0.0,0.0,L:en,0.57,51.29,56.64,0.47538814469703394,-0.04922371060593202,-0.049223710605931996,6.709053250102822e-18,0,0,323.71085542771385,294.5592796398199,0.0
gpt4omini,mathqa,EN+S1,L:en,S:T1.0:seed1,S,False,2,judge,all,2000,295,0.8235,0.821,0.1475,0.735593220338983,0.3677966101694915,0.0004999999999999449,0.0,0.8445,0.4101382488479265,0.003389830508474576,0.02711864406779661,L:en,0.605,52.16,56.64,0.47926176991855485,-0.04147646016289039,0.41870636225192615,0.44047366214800804,0,0,327.645,294.4965,24.5345
gpt4omini,mathqa,EN+S1,L:en,S:T1.0:seed1,S,False,2,judge,both_answered,1999,294,0.8239119559779889,0.8209104552276139,0.1470735367683842,0.7346938775510204,0.3673469387755102,0.0,0.0,0.8449224612306153,0.41666666666666663,0.0,0.027210884353741496,L:en,0.57,51.29,56.64,0.47538814469703394,-0.04922371060593202,0.41634079929127554,0.44148007833407216,0,0,323.71085542771385,294.5592796398199,20.44872436218109
gpt4omini,mathqa,EN+S1,L:en,S:T1.0:seed1,S,False,2,debate,all,2000,295,0.8235,0.821,0.1475,0.735593220338983,0.3677966101694915,0.0004999999999999449,0.0,0.845,0.4193548387096775,0.0,0.03389830508474576,L:en,0.605,52.16,56.64,0.47926176991855485,-0.04147646016289039,0.4262415590524825,0.4479196999046586,0,0,327.645,294.4965,133.1665
gpt4omini,mathqa,EN+S1,L:en,S:T1.0:seed1,S,False,2,debate,both_answered,1999,294,0.8239119559779889,0.8209104552276139,0.1470735367683842,0.7346938775510204,0.3673469387755102,0.0,0.0,0.8449224612306153,0.41666666666666663,0.0,0.034013605442176874,L:en,0.57,51.29,56.64,0.47538814469703394,-0.04922371060593202,0.42105780747826976,0.4460686261336481,0,0,323.71085542771385,294.5592796398199,132.9504752376188
gpt4omini,mathqa,S1+S2,S:T1.0:seed1,S:T1.0:seed2,S,True,2,blind,all,2000,322,0.821,0.824,0.161,0.6832298136645962,0.3416149068322981,0.0,0.0,0.824,0.027272727272727327,0.0,0.0,S:T1.0:seed2,0.69,53.095,56.985,0.4822893578683556,-0.03542128426328878,-0.03542128426328878,-1.294238638616629e-18,0,0,294.4965,296.6385,0.0
gpt4omini,mathqa,S1+S2,S:T1.0:seed1,S:T1.0:seed2,S,True,2,blind,both_answered,2000,322,0.821,0.824,0.161,0.6832298136645962,0.3416149068322981,0.0,0.0,0.824,0.027272727272727327,0.0,0.0,S:T1.0:seed2,0.69,53.095,56.985,0.4822893578683556,-0.03542128426328878,-0.03542128426328878,-1.294238638616629e-18,0,0,294.4965,296.6385,0.0
gpt4omini,mathqa,S1+S2,S:T1.0:seed1,S:T1.0:seed2,S,True,2,judge,all,2000,322,0.821,0.824,0.161,0.6832298136645962,0.3416149068322981,0.0,0.0,0.8455,0.4181818181818183,0.0,0.031055900621118012,S:T1.0:seed2,0.69,53.095,56.985,0.4822893578683556,-0.03542128426328878,0.42286395314174313,0.44030721212078844,0,0,294.4965,296.6385,23.358
gpt4omini,mathqa,S1+S2,S:T1.0:seed1,S:T1.0:seed2,S,True,2,judge,both_answered,2000,322,0.821,0.824,0.161,0.6832298136645962,0.3416149068322981,0.0,0.0,0.8455,0.4181818181818183,0.0,0.031055900621118012,S:T1.0:seed2,0.69,53.095,56.985,0.4822893578683556,-0.03542128426328878,0.42286395314174313,0.44030721212078844,0,0,294.4965,296.6385,23.358
gpt4omini,mathqa,EN+P1,L:en,P:expert,P,False,2,blind,all,2000,236,0.8235,0.833,0.118,0.6991525423728814,0.3495762711864407,0.0004999999999999449,0.006000000000000005,0.833,0.11515151515151516,0.05084745762711865,0.0,P:expert,0.975,44.895,37.29,0.5468289445768194,0.09365788915363879,0.0936578891536388,2.1827908954960838e-17,0,0,327.645,358.249,0.0
gpt4omini,mathqa,EN+P1,L:en,P:expert,P,False,2,blind,both_answered,1987,223,0.8263714141922496,0.8384499245093106,0.11222949169602416,0.7174887892376681,0.35874439461883406,0.0,0.0,0.8384499245093106,0.15000000000000013,0.0,0.0,P:expert,0.975,45.475,34.54,0.5687122108610102,0.13742442172202046,0.13742442172202052,1.4343025703225617e-17,0,0,322.33064921992957,310.86361348766985,0.0
gpt4omini,mathqa,EN+P1,L:en,P:expert,P,False,2,judge,all,2000,236,0.8235,0.833,0.118,0.6991525423728814,0.3495762711864407,0.0004999999999999449,0.006000000000000005,0.849,0.503030303030303,0.00423728813559322,0.029661016949152543,P:expert,0.975,44.895,37.29,0.5468289445768194,0.09365788915363879,0.5006306211925073,0.44533939514179777,0,0,327.645,358.249,21.2395
gpt4omini,mathqa,EN+P1,L:en,P:expert,P,False,2,judge,both_answered,1987,223,0.8263714141922496,0.8384499245093106,0.11222949169602416,0.7174887892376681,0.35874439461883406,0.0,0.0,0.8525415198792149,0.5000000000000001,0.0,0.02242152466367713,P:expert,0.975,45.475,34.54,0.5687122108610102,0.13742442172202046,0.5074760035966306,0.42403165667390025,0,0,322.33064921992957,310.86361348766985,15.98288877705083
gpt4omini,mathqa,P1+P2,P:expert,P:skeptic,P,True,2,blind,all,2000,230,0.833,0.829,0.115,0.6869565217391305,0.34347826086956523,0.006000000000000005,0.0034999999999999476,0.833,0.05063291139240509,0.043478260869565216,0.0,P:expert,0.75,38.315,40.225,0.48747895739696867,-0.025042085206062725,-0.025042085206062704,2.0143238615174854e-17,0,0,358.249,307.172,0.0
gpt4omini,mathqa,P1+P2,P:expert,P:skeptic,P,True,2,blind,both_answered,1983,215,0.8391326273323247,0.8340897629853757,0.10842158345940495,0.7069767441860465,0.35348837209302325,0.0,0.0,0.8391326273323247,0.06578947368421048,0.0,0.0,P:expert,0.795,37.435,38.045,0.49592161940625545,-0.008156761187488999,-0.008156761187488985,1.4129441518000412e-17,0,0,310.523953605648,279.04538577912257,0.0
gpt4omini,mathqa,P1+P2,P:expert,P:skeptic,P,True,2,judge,all,2000,230,0.833,0.829,0.115,0.6869565217391305,0.34347826086956523,0.006000000000000005,0.0034999999999999476,0.8455,0.36708860759493667,0.004347826086956522,0.008695652173913044,P:expert,0.75,38.315,40.225,0.48747895739696867,-0.025042085206062725,0.3676005083801341,0.378567265645155,0,0,358.249,307.172,20.6755
gpt4omini,mathqa,P1+P2,P:expert,P:skeptic,P,True,2,judge,both_answered,1983,215,0.8391326273323247,0.8340897629853757,0.10842158345940495,0.7069767441860465,0.35348837209302325,0.0,0.0,0.8497226424609178,0.3421052631578948,0.0,0.009302325581395349,P:expert,0.795,37.435,38.045,0.49592161940625545,-0.008156761187488999,0.3445178952976962,0.34171604551951423,0,0,310.523953605648,279.04538577912257,15.452344931921331
gpt4omini,mathqa,P1+P2,P:expert,P:skeptic,P,True,2,debate,all,2000,230,0.833,0.829,0.115,0.6869565217391305,0.34347826086956523,0.006000000000000005,0.0034999999999999476,0.8425,0.29113924050632906,0.0,0.02608695652173913,P:expert,0.75,38.315,40.225,0.48747895739696867,-0.025042085206062725,0.2855334895252541,0.29734382361974404,0,0,358.249,307.172,106.7945
gpt4omini,mathqa,P1+P2,P:expert,P:skeptic,P,True,2,debate,both_answered,1983,215,0.8391326273323247,0.8340897629853757,0.10842158345940495,0.7069767441860465,0.35348837209302325,0.0,0.0,0.8466969238527483,0.2631578947368421,0.0,0.027906976744186046,P:expert,0.795,37.435,38.045,0.49592161940625545,-0.008156761187488999,0.2631721121183764,0.2610454610594509,0,0,310.523953605648,279.04538577912257,99.33837619768028
gpt4omini,mathqa,EN+W1,L:en,W:rewrite1,W,False,2,blind,all,2000,275,0.8235,0.831,0.1375,0.730909090909091,0.3654545454545455,0.0004999999999999449,0.0044999999999999485,0.831,0.07462686567164166,0.03272727272727273,0.0,W:rewrite1,0.875,51.375,48.835,0.5128092697180707,0.025618539436141674,0.025618539436141674,-2.295286599627875e-18,0,0,327.645,360.5695,0.0
gpt4omini,mathqa,EN+W1,L:en,W:rewrite1,W,False,2,blind,both_answered,1990,265,0.8251256281407036,0.8346733668341708,0.13316582914572864,0.7358490566037735,0.36792452830188677,0.0,0.0,0.8346733668341708,0.09743589743589758,0.0,0.0,W:rewrite1,0.925,52.25,45.63,0.5341905110866305,0.06838102217326114,0.06838102217326114,-6.396630628678133e-18,0,0,322.9497487437186,325.05527638190955,0.0
gpt4omini,mathqa,EN+W1,L:en,W:rewrite1,W,False,2,judge,all,2000,275,0.8235,0.831,0.1375,0.730909090909091,0.3654545454545455,0.0004999999999999449,0.0044999999999999485,0.846,0.3731343283582089,0.0,0.02181818181818182,W:rewrite1,0.875,51.375,48.835,0.5128092697180707,0.025618539436141674,0.3762896824703499,0.354476741631307,0,0,327.645,360.5695,18.908
gpt4omini,mathqa,EN+W1,L:en,W:rewrite1,W,False,2,judge,both_answered,1990,265,0.8251256281407036,0.8346733668341708,0.13316582914572864,0.7358490566037735,0.36792452830188677,0.0,0.0,0.8477386934673367,0.3641025641025642,0.0,0.018867924528301886,W:rewrite1,0.925,52.25,45.63,0.5341905110866305,0.06838102217326114,0.3640308050525499,0.3111711105788222,0,0,322.9497487437186,325.05527638190955,18.082914572864322
gpt4omini,mathqa,W1+W2,W:rewrite1,W:rewrite2,W,True,2,blind,all,2000,269,0.831,0.829,0.1345,0.7286245353159851,0.3643122676579926,0.0044999999999999485,0.006000000000000005,0.831,0.020408163265306034,0.026022304832713755,0.0,W:rewrite1,0.59,46.6,51.655,0.47422091893275004,-0.05155816213449986,-0.05155816213449986,-6.558936248401283e-18,0,0,360.5695,375.009,0.0
gpt4omini,mathqa,W1+W2,W:rewrite1,W:rewrite2,W,True,2,blind,both_answered,1981,252,0.8364462392730944,0.8359414437152953,0.127208480565371,0.75,0.375,0.0,0.0,0.8364462392730944,0.0052910052910052725,0.0,0.0,W:rewrite2,0.54,44.37,49.74,0.47148078827646495,-0.0570384234470702,-0.0570384234470702,-6.886823303572912e-18,0,0,325.20696617869766,327.0449268046441,0.0
gpt4omini,mathqa,W1+W2,W:rewrite1,W:rewrite2,W,True,2,judge,all,2000,269,0.831,0.829,0.1345,0.7286245353159851,0.3643122676579926,0.0044999999999999485,0.006000000000000005,0.8485,0.37755102040816313,0.0,0.03345724907063197,W:rewrite1,0.59,46.6,51.655,0.47422091893275004,-0.05155816213449986,0.37679659571474533,0.40575534919946515,0,0,360.5695,375.009,18.5245
gpt4omini,mathqa,W1+W2,W:rewrite1,W:rewrite2,W,True,2,judge,both_answered,1981,252,0.8364462392730944,0.8359414437152953,0.127208480565371,0.75,0.375,0.0,0.0,0.8525996971226654,0.3439153439153439,0.0,0.027777777777777776,W:rewrite2,0.54,44.37,49.74,0.47148078827646495,-0.0570384234470702,0.3363786685370609,0.3708568301299824,0,0,325.20696617869766,327.0449268046441,17.306915699141847
gpt4omini,mathqa,EN+R,L:en,R:short_cot,R,False,2,blind,all,2000,377,0.8235,0.7645,0.1885,0.753315649867374,0.376657824933687,0.0004999999999999449,0.0010000000000000009,0.8235,0.4154929577464789,0.002652519893899204,0.0,L:en,1.0,100.38,40.77,0.7110965759546835,0.4221931519093674,0.42219315190936724,2.774869856128192e-17,0,0,327.645,156.502,0.0
gpt4omini,mathqa,EN+R,L:en,R:short_cot,R,False,2,blind,both_answered,1997,374,0.8247371056584877,0.7656484727090636,0.1872809213820731,0.7593582887700535,0.37967914438502676,0.0,0.0,0.8247371056584877,0.41549295774647893,0.0,0.0,L:en,1.0,100.795,41.525,0.708362325509477,0.41672465101895406,0.4167246510189541,2.8153586594507317e-17,0,0,323.37956935403105,148.4421632448673,0.0
gpt4omini,mathqa,EN+R,L:en,R:short_cot,R,False,2,judge,all,2000,377,0.8235,0.7645,0.1885,0.753315649867374,0.376657824933687,0.0004999999999999449,0.0010000000000000009,0.83,0.5070422535211266,0.0,0.015915119363395226,L:en,1.0,100.38,40.77,0.7110965759546835,0.4221931519093674,0.5131371237433577,0.15124599417112097,0,0,327.645,156.502,24.227
gpt4omini,mathqa,EN+R,L:en,R:short_cot,R,False,2,judge,both_answered,1997,374,0.8247371056584877,0.7656484727090636,0.1872809213820731,0.7593582887700535,0.37967914438502676,0.0,0.0,0.8312468703054582,0.5070422535211265,0.0,0.0106951871657754,L:en,1.0,100.795,41.525,0.708362325509477,0.41672465101895406,0.5133046782020986,0.16096027091776272,0,0,323.37956935403105,148.4421632448673,23.820731096644966
gpt4omini,mathqa,EN+SR-EN,L:en,F:en,F,False,2,blind,all,2000,82,0.8235,0.8275,0.041,0.7073170731707317,0.35365853658536583,0.0004999999999999449,0.0024999999999999467,0.8275,0.13793103448275876,0.04878048780487805,0.0,F:en,0.81,14.7,14.29,0.5081445813987842,0.016289162797568448,0.01628916279756845,4.928995296859111e-18,0,0,327.645,191.2015,0.0
gpt4omini,mathqa,EN+SR-EN,L:en,F:en,F,False,2,blind,both_answered,1995,78,0.8235588972431078,0.8295739348370927,0.039097744360902256,0.6923076923076923,0.34615384615384615,0.0,0.0,0.8295739348370927,0.22222222222222224,0.0,0.0,F:en,0.955,15.695,11.005,0.5890342672877565,0.1780685345755132,0.1780685345755132,-1.347433185243553e-18,0,0,323.65764411027567,187.3578947368421,0.0
gpt4omini,mathqa,EN+SR-EN,L:en,F:en,F,False,2,judge,all,2000,82,0.8235,0.8275,0.041,0.7073170731707317,0.35365853658536583,0.0004999999999999449,0.0024999999999999467,0.834,0.5862068965517244,0.0,0.012195121951219513,F:en,0.81,14.7,14.29,0.5081445813987842,0.016289162797568448,0.5822230949874688,0.5587563594965331,0,0,327.645,191.2015,5.669
gpt4omini,mathqa,EN+SR-EN,L:en,F:en,F,False,2,judge,both_answered,1995,78,0.8235588972431078,0.8295739348370927,0.039097744360902256,0.6923076923076923,0.34615384615384615,0.0,0.0,0.8340852130325814,0.5555555555555555,0.0,0.01282051282051282,F:en,0.955,15.695,11.005,0.5890342672877565,0.1780685345755132,0.5462782681995964,0.43379589924441186,0,0,323.65764411027567,187.3578947368421,5.442105263157894
gpt4omini,mathqa,ZH+SR-ZH,L:zh,F:zh,F,False,0,blind,all,2000,124,0.7985,0.787,0.062,0.6209677419354839,0.31048387096774194,0.0030000000000000027,0.005499999999999949,0.7985,0.29870129870129863,0.024193548387096774,0.0,L:zh,0.99,24.76,13.825,0.6425098881883292,0.2850197763766586,0.2850197763766586,3.5339826775174326e-18,0,0,278.286,273.1605,0.0
gpt4omini,mathqa,ZH+SR-ZH,L:zh,F:zh,F,False,0,blind,both_answered,1986,113,0.8026183282980867,0.7925478348439073,0.05689828801611279,0.6548672566371682,0.3274336283185841,0.0,0.0,0.8026183282980867,0.2702702702702702,0.0,0.0,L:zh,0.995,23.75,13.71,0.6345039822267471,0.26900796445349423,0.26900796445349423,-1.2046210872286685e-17,0,0,254.55941591137966,241.28902316213495,0.0
gpt4omini,mathqa,ZH+SR-ZH,L:zh,F:zh,F,False,0,judge,all,2000,124,0.7985,0.787,0.062,0.6209677419354839,0.31048387096774194,0.0030000000000000027,0.005499999999999949,0.796,0.16883116883116886,0.0,0.04838709677419355,L:zh,0.99,24.76,13.825,0.6425098881883292,0.2850197763766586,0.16702939990263455,-0.20417958715046566,0,0,278.286,273.1605,10.986
gpt4omini,mathqa,ZH+SR-ZH,L:zh,F:zh,F,False,0,judge,both_answered,1986,113,0.8026183282980867,0.7925478348439073,0.05689828801611279,0.6548672566371682,0.3274336283185841,0.0,0.0,0.8001007049345418,0.13513513513513517,0.0,0.035398230088495575,L:zh,0.995,23.75,13.71,0.6345039822267471,0.26900796445349423,0.12519336437176043,-0.22880978777844108,0,0,254.55941591137966,241.28902316213495,9.770392749244714
gpt4omini,truthfulqa,EN+ZH,L:en,L:zh,L,False,1,blind,all,817,167,0.7233782129742962,0.7135862913096696,0.204406364749082,0.718562874251497,0.3592814371257485,0.0,0.0,0.7233782129742962,0.06666666666666674,0.0,0.0,L:en,0.78,29.5,30.235,0.4936648521259796,-0.012670295748040936,-0.012670295748040947,-1.0347008417229767e-17,0,0,98.22276621787026,144.57772337821297,0.0
gpt4omini,truthfulqa,EN+ZH,L:en,L:zh,L,False,1,blind,both_answered,817,167,0.7233782129742962,0.7135862913096696,0.204406364749082,0.718562874251497,0.3592814371257485,0.0,0.0,0.7233782129742962,0.06666666666666674,0.0,0.0,L:en,0.78,29.5,30.235,0.4936648521259796,-0.012670295748040936,-0.012670295748040947,-1.0347008417229767e-17,0,0,98.22276621787026,144.57772337821297,0.0
gpt4omini,truthfulqa,EN+ZH,L:en,L:zh,L,False,1,judge,all,817,167,0.7233782129742962,0.7135862913096696,0.204406364749082,0.718562874251497,0.3592814371257485,0.0,0.0,0.7307221542227662,0.1666666666666666,0.0,0.017964071856287425,L:en,0.78,29.5,30.235,0.4936648521259796,-0.012670295748040936,0.16453817806552876,0.16421894070128001,0,0,98.22276621787026,144.57772337821297,25.760097919216648
gpt4omini,truthfulqa,EN+ZH,L:en,L:zh,L,False,1,judge,both_answered,817,167,0.7233782129742962,0.7135862913096696,0.204406364749082,0.718562874251497,0.3592814371257485,0.0,0.0,0.7307221542227662,0.1666666666666666,0.0,0.017964071856287425,L:en,0.78,29.5,30.235,0.4936648521259796,-0.012670295748040936,0.16453817806552876,0.16421894070128001,0,0,98.22276621787026,144.57772337821297,25.760097919216648
gpt4omini,truthfulqa,EN+ZH,L:en,L:zh,L,False,1,debate,all,817,167,0.7233782129742962,0.7135862913096696,0.204406364749082,0.718562874251497,0.3592814371257485,0.0,0.0,0.7356181150550796,0.2333333333333333,0.0,0.017964071856287425,L:en,0.78,29.5,30.235,0.4936648521259796,-0.012670295748040936,0.2234950268470862,0.22336326145067315,0,0,98.22276621787026,144.57772337821297,166.7282741738066
gpt4omini,truthfulqa,EN+ZH,L:en,L:zh,L,False,1,debate,both_answered,817,167,0.7233782129742962,0.7135862913096696,0.204406364749082,0.718562874251497,0.3592814371257485,0.0,0.0,0.7356181150550796,0.2333333333333333,0.0,0.017964071856287425,L:en,0.78,29.5,30.235,0.4936648521259796,-0.012670295748040936,0.2234950268470862,0.22336326145067315,0,0,98.22276621787026,144.57772337821297,166.7282741738066
gpt4omini,truthfulqa,EN+JA,L:en,L:ja,L,False,1,blind,all,817,169,0.7233782129742962,0.6915544675642595,0.20685434516523868,0.6982248520710059,0.34911242603550297,0.0,0.0,0.7233782129742962,0.22033898305084745,0.0,0.0,L:en,0.985,35.79,22.915,0.60941087072739,0.21882174145478003,0.21882174145478003,1.0039128605180411e-17,0,0,98.22276621787026,171.34149326805385,0.0
gpt4omini,truthfulqa,EN+JA,L:en,L:ja,L,False,1,blind,both_answered,817,169,0.7233782129742962,0.6915544675642595,0.20685434516523868,0.6982248520710059,0.34911242603550297,0.0,0.0,0.7233782129742962,0.22033898305084745,0.0,0.0,L:en,0.985,35.79,22.915,0.60941087072739,0.21882174145478003,0.21882174145478003,1.0039128605180411e-17,0,0,98.22276621787026,171.34149326805385,0.0
gpt4omini,truthfulqa,EN+JA,L:en,L:ja,L,False,1,judge,all,817,169,0.7233782129742962,0.6915544675642595,0.20685434516523868,0.6982248520710059,0.34911242603550297,0.0,0.0,0.7221542227662179,0.2033898305084745,0.0,0.029585798816568046,L:en,0.985,35.79,22.915,0.60941087072739,0.21882174145478003,0.20695539335122792,-0.03008167375930202,0,0,98.22276621787026,171.34149326805385,26.641370869033047
gpt4omini,truthfulqa,EN+JA,L:en,L:ja,L,False,1,judge,both_answered,817,169,0.7233782129742962,0.6915544675642595,0.20685434516523868,0.6982248520710059,0.34911242603550297,0.0,0.0,0.7221542227662179,0.2033898305084745,0.0,0.029585798816568046,L:en,0.985,35.79,22.915,0.60941087072739,0.21882174145478003,0.20695539335122792,-0.03008167375930202,0,0,98.22276621787026,171.34149326805385,26.641370869033047
gpt4omini,truthfulqa,EN+JA,L:en,L:ja,L,False,1,debate,all,817,169,0.7233782129742962,0.6915544675642595,0.20685434516523868,0.6982248520710059,0.34911242603550297,0.0,0.0,0.7209302325581395,0.1864406779661017,0.0,0.07100591715976332,L:en,0.985,35.79,22.915,0.60941087072739,0.21882174145478003,0.1865596112453119,-0.06088962268191569,0,0,98.22276621787026,171.34149326805385,172.21909424724603
gpt4omini,truthfulqa,EN+JA,L:en,L:ja,L,False,1,debate,both_answered,817,169,0.7233782129742962,0.6915544675642595,0.20685434516523868,0.6982248520710059,0.34911242603550297,0.0,0.0,0.7209302325581395,0.1864406779661017,0.0,0.07100591715976332,L:en,0.985,35.79,22.915,0.60941087072739,0.21882174145478003,0.1865596112453119,-0.06088962268191569,0,0,98.22276621787026,171.34149326805385,172.21909424724603
gpt4omini,truthfulqa,EN+RU,L:en,L:ru,L,False,1,blind,all,817,176,0.7233782129742962,0.6854345165238678,0.21542227662178703,0.6647727272727273,0.33238636363636365,0.0,0.0,0.7233782129742962,0.26495726495726496,0.0,0.0,L:en,0.995,36.99,21.395,0.6338754210391986,0.2677508420783974,0.2677508420783974,8.866914797144691e-18,0,0,98.22276621787026,132.61811505507956,0.0
gpt4omini,truthfulqa,EN+RU,L:en,L:ru,L,False,1,blind,both_answered,817,176,0.7233782129742962,0.6854345165238678,0.21542227662178703,0.6647727272727273,0.33238636363636365,0.0,0.0,0.7233782129742962,0.26495726495726496,0.0,0.0,L:en,0.995,36.99,21.395,0.6338754210391986,0.2677508420783974,0.2677508420783974,8.866914797144691e-18,0,0,98.22276621787026,132.61811505507956,0.0
gpt4omini,truthfulqa,EN+RU,L:en,L:ru,L,False,1,debate,all,817,176,0.7233782129742962,0.6854345165238678,0.21542227662178703,0.6647727272727273,0.33238636363636365,0.0,0.0,0.7307221542227662,0.36752136752136744,0.0,0.017045454545454544,L:en,0.995,36.99,21.395,0.6338754210391986,0.2677508420783974,0.3688864731456543,0.12359299813404757,0,0,98.22276621787026,132.61811505507956,154.86291309669522
gpt4omini,truthfulqa,EN+RU,L:en,L:ru,L,False,1,debate,both_answered,817,176,0.7233782129742962,0.6854345165238678,0.21542227662178703,0.6647727272727273,0.33238636363636365,0.0,0.0,0.7307221542227662,0.36752136752136744,0.0,0.017045454545454544,L:en,0.995,36.99,21.395,0.6338754210391986,0.2677508420783974,0.3688864731456543,0.12359299813404757,0,0,98.22276621787026,132.61811505507956,154.86291309669522
gpt4omini,truthfulqa,EN+ES,L:en,L:es,L,False,1,blind,all,817,150,0.7233782129742962,0.7074663402692778,0.1835985312117503,0.66,0.33,0.0,0.0,0.7233782129742962,0.1313131313131313,0.0,0.0,L:en,0.855,25.785,23.45,0.524416166247538,0.04883233249507596,0.04883233249507596,3.477943327590023e-18,0,0,98.22276621787026,117.56058751529987,0.0
gpt4omini,truthfulqa,EN+ES,L:en,L:es,L,False,1,blind,both_answered,817,150,0.7233782129742962,0.7074663402692778,0.1835985312117503,0.66,0.33,0.0,0.0,0.7233782129742962,0.1313131313131313,0.0,0.0,L:en,0.855,25.785,23.45,0.524416166247538,0.04883233249507596,0.04883233249507596,3.477943327590023e-18,0,0,98.22276621787026,117.56058751529987,0.0
gpt4omini,truthfulqa,EN+ES,L:en,L:es,L,False,1,debate,all,817,150,0.7233782129742962,0.7074663402692778,0.1835985312117503,0.66,0.33,0.0,0.0,0.7319461444308446,0.2727272727272726,0.0,0.013333333333333334,L:en,0.855,25.785,23.45,0.524416166247538,0.04883233249507596,0.2617529379588108,0.20246522614719553,0,0,98.22276621787026,117.56058751529987,124.21542227662178
gpt4omini,truthfulqa,EN+ES,L:en,L:es,L,False,1,debate,both_answered,817,150,0.7233782129742962,0.7074663402692778,0.1835985312117503,0.66,0.33,0.0,0.0,0.7319461444308446,0.2727272727272726,0.0,0.013333333333333334,L:en,0.855,25.785,23.45,0.524416166247538,0.04883233249507596,0.2617529379588108,0.20246522614719553,0,0,98.22276621787026,117.56058751529987,124.21542227662178
gpt4omini,truthfulqa,ZH+JA,L:zh,L:ja,L,True,0,blind,all,817,185,0.7135862913096696,0.6915544675642595,0.22643818849449204,0.7135135135135136,0.3567567567567568,0.0,0.0,0.7135862913096696,0.13636363636363635,0.0,0.0,L:zh,0.94,36.555,29.275,0.5554491882381343,0.11089837647626866,0.11089837647626863,5.7189247713986335e-18,0,0,144.57772337821297,171.34149326805385,0.0
gpt4omini,truthfulqa,ZH+JA,L:zh,L:ja,L,True,0,blind,both_answered,817,185,0.7135862913096696,0.6915544675642595,0.22643818849449204,0.7135135135135136,0.3567567567567568,0.0,0.0,0.7135862913096696,0.13636363636363635,0.0,0.0,L:zh,0.94,36.555,29.275,0.5554491882381343,0.11089837647626866,0.11089837647626863,5.7189247713986335e-18,0,0,144.57772337821297,171.34149326805385,0.0
gpt4omini,truthfulqa,ZH+JA,L:zh,L:ja,L,True,0,judge,all,817,185,0.7135862913096696,0.6915544675642595,0.22643818849449204,0.7135135135135136,0.3567567567567568,0.0,0.0,0.7307221542227662,0.3484848484848485,0.0,0.016216216216216217,L:zh,0.94,36.555,29.275,0.5554491882381343,0.11089837647626866,0.3629615348267319,0.2715127655956448,0,0,144.57772337821297,171.34149326805385,30.636474908200736
gpt4omini,truthfulqa,ZH+JA,L:zh,L:ja,L,True,0,judge,both_answered,817,185,0.7135862913096696,0.6915544675642595,0.22643818849449204,0.7135135135135136,0.3567567567567568,0.0,0.0,0.7307221542227662,0.3484848484848485,0.0,0.016216216216216217,L:zh,0.94,36.555,29.275,0.5554491882381343,0.11089837647626866,0.3629615348267319,0.2715127655956448,0,0,144.57772337821297,171.34149326805385,30.636474908200736
gpt4omini,truthfulqa,ZH+JA,L:zh,L:ja,L,True,0,debate,all,817,185,0.7135862913096696,0.6915544675642595,0.22643818849449204,0.7135135135135136,0.3567567567567568,0.0,0.0,0.7160342717258262,0.16666666666666666,0.0,0.032432432432432434,L:zh,0.94,36.555,29.275,0.5554491882381343,0.11089837647626866,0.17879233431793495,0.06132978786968187,0,0,144.57772337821297,171.34149326805385,248.2203182374541
gpt4omini,truthfulqa,ZH+JA,L:zh,L:ja,L,True,0,debate,both_answered,817,185,0.7135862913096696,0.6915544675642595,0.22643818849449204,0.7135135135135136,0.3567567567567568,0.0,0.0,0.7160342717258262,0.16666666666666666,0.0,0.032432432432432434,L:zh,0.94,36.555,29.275,0.5554491882381343,0.11089837647626866,0.17879233431793495,0.06132978786968187,0,0,144.57772337821297,171.34149326805385,248.2203182374541
gpt4omini,truthfulqa,ZH+RU,L:zh,L:ru,L,True,0,blind,all,817,193,0.7135862913096696,0.6854345165238678,0.23623011015911874,0.7305699481865285,0.36528497409326427,0.0,0.0,0.7135862913096696,0.16312056737588648,0.0,0.0,L:zh,0.97,40.45,29.89,0.5750932522998918,0.1501865045997839,0.1501865045997839,2.6367457085659322e-18,0,0,144.57772337821297,132.61811505507956,0.0
gpt4omini,truthfulqa,ZH+RU,L:zh,L:ru,L,True,0,blind,both_answered,817,193,0.7135862913096696,0.6854345165238678,0.23623011015911874,0.7305699481865285,0.36528497409326427,0.0,0.0,0.7135862913096696,0.16312056737588648,0.0,0.0,L:zh,0.97,40.45,29.89,0.5750932522998918,0.1501865045997839,0.1501865045997839,2.6367457085659322e-18,0,0,144.57772337821297,132.61811505507956,0.0
gpt4omini,truthfulqa,ZH+RU,L:zh,L:ru,L,True,0,debate,all,817,193,0.7135862913096696,0.6854345165238678,0.23623011015911874,0.7305699481865285,0.36528497409326427,0.0,0.0,0.7209302325581395,0.2482269503546099,0.0,0.015544041450777202,L:zh,0.97,40.45,29.89,0.5750932522998918,0.1501865045997839,0.24449448383072792,0.0984989876917437,0,0,144.57772337821297,132.61811505507956,235.43329253365974
gpt4omini,truthfulqa,ZH+RU,L:zh,L:ru,L,True,0,debate,both_answered,817,193,0.7135862913096696,0.6854345165238678,0.23623011015911874,0.7305699481865285,0.36528497409326427,0.0,0.0,0.7209302325581395,0.2482269503546099,0.0,0.015544041450777202,L:zh,0.97,40.45,29.89,0.5750932522998918,0.1501865045997839,0.24449448383072792,0.0984989876917437,0,0,144.57772337821297,132.61811505507956,235.43329253365974
gpt4omini,truthfulqa,ZH+ES,L:zh,L:es,L,True,0,blind,all,817,194,0.7135862913096696,0.7074663402692778,0.23745410036719705,0.7164948453608248,0.3582474226804124,0.0,0.0,0.7135862913096696,0.03597122302158276,0.0,0.0,L:zh,0.64,32.895,36.365,0.4751233340787701,-0.0497533318424598,-0.04975333184245977,1.3807608620792296e-17,0,0,144.57772337821297,117.56058751529987,0.0
gpt4omini,truthfulqa,ZH+ES,L:zh,L:es,L,True,0,blind,both_answered,817,194,0.7135862913096696,0.7074663402692778,0.23745410036719705,0.7164948453608248,0.3582474226804124,0.0,0.0,0.7135862913096696,0.03597122302158276,0.0,0.0,L:zh,0.64,32.895,36.365,0.4751233340787701,-0.0497533318424598,-0.04975333184245977,1.3807608620792296e-17,0,0,144.57772337821297,117.56058751529987,0.0
gpt4omini,truthfulqa,ZH+ES,L:zh,L:es,L,True,0,debate,all,817,194,0.7135862913096696,0.7074663402692778,0.23745410036719705,0.7164948453608248,0.3582474226804124,0.0,0.0,0.7233782129742962,0.1510791366906474,0.0,0.020618556701030927,L:zh,0.64,32.895,36.365,0.4751233340787701,-0.0497533318424598,0.1487959138688273,0.1841598812597657,0,0,144.57772337821297,117.56058751529987,221.26315789473685
gpt4omini,truthfulqa,ZH+ES,L:zh,L:es,L,True,0,debate,both_answered,817,194,0.7135862913096696,0.7074663402692778,0.23745410036719705,0.7164948453608248,0.3582474226804124,0.0,0.0,0.7233782129742962,0.1510791366906474,0.0,0.020618556701030927,L:zh,0.64,32.895,36.365,0.4751233340787701,-0.0497533318424598,0.1487959138688273,0.1841598812597657,0,0,144.57772337821297,117.56058751529987,221.26315789473685
gpt4omini,truthfulqa,JA+RU,L:ja,L:ru,L,True,0,blind,all,817,175,0.6915544675642595,0.6854345165238678,0.2141982864137087,0.6914285714285714,0.3457142857142857,0.0,0.0,0.6915544675642595,0.04132231404958679,0.0,0.0,L:ja,0.695,28.315,31.305,0.4748445457729785,-0.05031090845404295,-0.05031090845404295,-5.081259332231257e-18,0,0,171.34149326805385,132.61811505507956,0.0
gpt4omini,truthfulqa,JA+RU,L:ja,L:ru,L,True,0,blind,both_answered,817,175,0.6915544675642595,0.6854345165238678,0.2141982864137087,0.6914285714285714,0.3457142857142857,0.0,0.0,0.6915544675642595,0.04132231404958679,0.0,0.0,L:ja,0.695,28.315,31.305,0.4748445457729785,-0.05031090845404295,-0.05031090845404295,-5.081259332231257e-18,0,0,171.34149326805385,132.61811505507956,0.0
gpt4omini,truthfulqa,JA+RU,L:ja,L:ru,L,True,0,debate,all,817,175,0.6915544675642595,0.6854345165238678,0.2141982864137087,0.6914285714285714,0.3457142857142857,0.0,0.0,0.7099143206854345,0.28925619834710753,0.0,0.05142857142857143,L:ja,0.695,28.315,31.305,0.4748445457729785,-0.05031090845404295,0.2916025891495861,0.3209782293197078,0,0,171.34149326805385,132.61811505507956,217.38800489596082
gpt4omini,truthfulqa,JA+RU,L:ja,L:ru,L,True,0,debate,both_answered,817,175,0.6915544675642595,0.6854345165238678,0.2141982864137087,0.6914285714285714,0.3457142857142857,0.0,0.0,0.7099143206854345,0.28925619834710753,0.0,0.05142857142857143,L:ja,0.695,28.315,31.305,0.4748445457729785,-0.05031090845404295,0.2916025891495861,0.3209782293197078,0,0,171.34149326805385,132.61811505507956,217.38800489596082
gpt4omini,truthfulqa,JA+ES,L:ja,L:es,L,True,0,blind,all,817,172,0.6915544675642595,0.7074663402692778,0.21052631578947367,0.6453488372093024,0.3226744186046512,0.0,0.0,0.7074663402692778,0.11711711711711698,0.0,0.0,L:es,0.905,29.33,25.53,0.5343789200043237,0.0687578400086475,0.06875784000864751,7.745521864173134e-18,0,0,171.34149326805385,117.56058751529987,0.0
gpt4omini,truthfulqa,JA+ES,L:ja,L:es,L,True,0,blind,both_answered,817,172,0.6915544675642595,0.7074663402692778,0.21052631578947367,0.6453488372093024,0.3226744186046512,0.0,0.0,0.7074663402692778,0.11711711711711698,0.0,0.0,L:es,0.905,29.33,25.53,0.5343789200043237,0.0687578400086475,0.06875784000864751,7.745521864173134e-18,0,0,171.34149326805385,117.56058751529987,0.0
gpt4omini,truthfulqa,JA+ES,L:ja,L:es,L,True,0,debate,all,817,172,0.6915544675642595,0.7074663402692778,0.21052631578947367,0.6453488372093024,0.3226744186046512,0.0,0.0,0.7148102815177478,0.2252252252252251,0.0,0.040697674418604654,L:es,0.905,29.33,25.53,0.5343789200043237,0.0687578400086475,0.23165844125126817,0.15885218149005542,0,0,171.34149326805385,117.56058751529987,196.10526315789474
gpt4omini,truthfulqa,JA+ES,L:ja,L:es,L,True,0,debate,both_answered,817,172,0.6915544675642595,0.7074663402692778,0.21052631578947367,0.6453488372093024,0.3226744186046512,0.0,0.0,0.7148102815177478,0.2252252252252251,0.0,0.040697674418604654,L:es,0.905,29.33,25.53,0.5343789200043237,0.0687578400086475,0.23165844125126817,0.15885218149005542,0,0,171.34149326805385,117.56058751529987,196.10526315789474
gpt4omini,truthfulqa,RU+ES,L:ru,L:es,L,True,0,blind,all,817,171,0.6854345165238678,0.7074663402692778,0.20930232558139536,0.6198830409356725,0.30994152046783624,0.0,0.0,0.7074663402692778,0.16981132075471697,0.0,0.0,L:es,0.955,29.975,22.785,0.5687630745777635,0.13752614915552702,0.13752614915552702,6.393901543843705e-18,0,0,132.61811505507956,117.56058751529987,0.0
gpt4omini,truthfulqa,RU+ES,L:ru,L:es,L,True,0,blind,both_answered,817,171,0.6854345165238678,0.7074663402692778,0.20930232558139536,0.6198830409356725,0.30994152046783624,0.0,0.0,0.7074663402692778,0.16981132075471697,0.0,0.0,L:es,0.955,29.975,22.785,0.5687630745777635,0.13752614915552702,0.13752614915552702,6.393901543843705e-18,0,0,132.61811505507956,117.56058751529987,0.0
gpt4omini,truthfulqa,RU+ES,L:ru,L:es,L,True,0,debate,all,817,171,0.6854345165238678,0.7074663402692778,0.20930232558139536,0.6198830409356725,0.30994152046783624,0.0,0.0,0.7135862913096696,0.2641509433962264,0.0,0.029239766081871343,L:es,0.955,29.975,22.785,0.5687630745777635,0.13752614915552702,0.26320547357161705,0.12667098721524403,0,0,132.61811505507956,117.56058751529987,167.85556915544674
gpt4omini,truthfulqa,RU+ES,L:ru,L:es,L,True,0,debate,both_answered,817,171,0.6854345165238678,0.7074663402692778,0.20930232558139536,0.6198830409356725,0.30994152046783624,0.0,0.0,0.7135862913096696,0.2641509433962264,0.0,0.029239766081871343,L:es,0.955,29.975,22.785,0.5687630745777635,0.13752614915552702,0.26320547357161705,0.12667098721524403,0,0,132.61811505507956,117.56058751529987,167.85556915544674
gpt4omini,truthfulqa,EN+S1,L:en,S:T1.0:seed1,S,False,2,blind,all,817,106,0.7233782129742962,0.7062423500611995,0.12974296205630356,0.6792452830188679,0.33962264150943394,0.0,0.0,0.7233782129742962,0.1944444444444446,0.0,0.0,L:en,0.945,20.74,15.37,0.5752541409762677,0.15050828195253516,0.15050828195253513,-9.719148614212816e-18,0,0,98.22276621787026,103.3953488372093,0.0
gpt4omini,truthfulqa,EN+S1,L:en,S:T1.0:seed1,S,False,2,blind,both_answered,817,106,0.7233782129742962,0.7062423500611995,0.12974296205630356,0.6792452830188679,0.33962264150943394,0.0,0.0,0.7233782129742962,0.1944444444444446,0.0,0.0,L:en,0.945,20.74,15.37,0.5752541409762677,0.15050828195253516,0.15050828195253513,-9.719148614212816e-18,0,0,98.22276621787026,103.3953488372093,0.0
gpt4omini,truthfulqa,EN+S1,L:en,S:T1.0:seed1,S,False,2,judge,all,817,106,0.7233782129742962,0.7062423500611995,0.12974296205630356,0.6792452830188679,0.33962264150943394,0.0,0.0,0.7307221542227662,0.3611111111111112,0.0,0.02830188679245283,L:en,0.945,20.74,15.37,0.5752541409762677,0.15050828195253516,0.3418893051788723,0.20213180037575026,0,0,98.22276621787026,103.3953488372093,16.354957160342718
gpt4omini,truthfulqa,EN+S1,L:en,S:T1.0:seed1,S,False,2,judge,both_answered,817,106,0.7233782129742962,0.7062423500611995,0.12974296205630356,0.6792452830188679,0.33962264150943394,0.0,0.0,0.7307221542227662,0.3611111111111112,0.0,0.02830188679245283,L:en,0.945,20.74,15.37,0.5752541409762677,0.15050828195253516,0.3418893051788723,0.20213180037575026,0,0,98.22276621787026,103.3953488372093,16.354957160342718
gpt4omini,truthfulqa,EN+S1,L:en,S:T1.0:seed1,S,False,2,debate,all,817,106,0.7233782129742962,0.7062423500611995,0.12974296205630356,0.6792452830188679,0.33962264150943394,0.0,0.0,0.7270501835985312,0.2777777777777779,0.0,0.018867924528301886,L:en,0.945,20.74,15.37,0.5752541409762677,0.15050828195253516,0.27615563035895213,0.12446274066614858,0,0,98.22276621787026,103.3953488372093,75.03671970624235
gpt4omini,truthfulqa,EN+S1,L:en,S:T1.0:seed1,S,False,2,debate,both_answered,817,106,0.7233782129742962,0.7062423500611995,0.12974296205630356,0.6792452830188679,0.33962264150943394,0.0,0.0,0.7270501835985312,0.2777777777777779,0.0,0.018867924528301886,L:en,0.945,20.74,15.37,0.5752541409762677,0.15050828195253516,0.27615563035895213,0.12446274066614858,0,0,98.22276621787026,103.3953488372093,75.03671970624235
gpt4omini,truthfulqa,S1+S2,S:T1.0:seed1,S:T1.0:seed2,S,True,2,blind,all,817,124,0.7062423500611995,0.7246022031823746,0.15177478580171358,0.5403225806451613,0.2701612903225806,0.0,0.0,0.7246022031823746,0.22388059701492538,0.0,0.0,S:T1.0:seed2,0.975,20.39,13.595,0.6022662272384228,0.20453245447684573,0.20453245447684573,-1.3317306741336819e-17,0,0,103.3953488372093,103.29865361077111,0.0
gpt4omini,truthfulqa,S1+S2,S:T1.0:seed1,S:T1.0:seed2,S,True,2,blind,both_answered,817,124,0.7062423500611995,0.7246022031823746,0.15177478580171358,0.5403225806451613,0.2701612903225806,0.0,0.0,0.7246022031823746,0.22388059701492538,0.0,0.0,S:T1.0:seed2,0.975,20.39,13.595,0.6022662272384228,0.20453245447684573,0.20453245447684573,-1.3317306741336819e-17,0,0,103.3953488372093,103.29865361077111,0.0
gpt4omini,truthfulqa,S1+S2,S:T1.0:seed1,S:T1.0:seed2,S,True,2,judge,all,817,124,0.7062423500611995,0.7246022031823746,0.15177478580171358,0.5403225806451613,0.2701612903225806,0.0,0.0,0.7343941248470012,0.4626865671641791,0.0,0.04838709677419355,S:T1.0:seed2,0.975,20.39,13.595,0.6022662272384228,0.20453245447684573,0.4672663211553613,0.29871934672663725,0,0,103.3953488372093,103.29865361077111,19.091799265605875
gpt4omini,truthfulqa,S1+S2,S:T1.0:seed1,S:T1.0:seed2,S,True,2,judge,both_answered,817,124,0.7062423500611995,0.7246022031823746,0.15177478580171358,0.5403225806451613,0.2701612903225806,0.0,0.0,0.7343941248470012,0.4626865671641791,0.0,0.04838709677419355,S:T1.0:seed2,0.975,20.39,13.595,0.6022662272384228,0.20453245447684573,0.4672663211553613,0.29871934672663725,0,0,103.3953488372093,103.29865361077111,19.091799265605875
gpt4omini,truthfulqa,EN+P1,L:en,P:expert,P,False,2,blind,all,817,106,0.7233782129742962,0.7576499388004896,0.12974296205630356,0.6792452830188679,0.33962264150943394,0.0,0.0,0.7576499388004896,0.388888888888889,0.0,0.0,P:expert,1.0,24.685,11.08,0.6901799427897894,0.38035988557957884,0.38035988557957884,1.3517457856564675e-17,0,0,98.22276621787026,98.53488372093024,0.0
gpt4omini,truthfulqa,EN+P1,L:en,P:expert,P,False,2,blind,both_answered,817,106,0.7233782129742962,0.7576499388004896,0.12974296205630356,0.6792452830188679,0.33962264150943394,0.0,0.0,0.7576499388004896,0.388888888888889,0.0,0.0,P:expert,1.0,24.685,11.08,0.6901799427897894,0.38035988557957884,0.38035988557957884,1.3517457856564675e-17,0,0,98.22276621787026,98.53488372093024,0.0
gpt4omini,truthfulqa,EN+P1,L:en,P:expert,P,False,2,judge,all,817,106,0.7233782129742962,0.7576499388004896,0.12974296205630356,0.6792452830188679,0.33962264150943394,0.0,0.0,0.7441860465116279,0.08333333333333331,0.0,0.009433962264150943,P:expert,1.0,24.685,11.08,0.6901799427897894,0.38035988557957884,0.0804494356608493,-0.5281456860133331,0,0,98.22276621787026,98.53488372093024,16.318237454100366
gpt4omini,truthfulqa,EN+P1,L:en,P:expert,P,False,2,judge,both_answered,817,106,0.7233782129742962,0.7576499388004896,0.12974296205630356,0.6792452830188679,0.33962264150943394,0.0,0.0,0.7441860465116279,0.08333333333333331,0.0,0.009433962264150943,P:expert,1.0,24.685,11.08,0.6901799427897894,0.38035988557957884,0.0804494356608493,-0.5281456860133331,0,0,98.22276621787026,98.53488372093024,16.318237454100366
gpt4omini,truthfulqa,P1+P2,P:expert,P:skeptic,P,True,2,blind,all,817,104,0.7576499388004896,0.7833537331701347,0.12729498164014688,0.7211538461538461,0.3605769230769231,0.0,0.0,0.7833537331701347,0.2800000000000001,0.0,0.0,P:skeptic,0.995,24.03,13.6,0.6385674975396001,0.27713499507920014,0.27713499507920014,-1.0695529794783501e-17,0,0,98.53488372093024,115.36597307221543,0.0
gpt4omini,truthfulqa,P1+P2,P:expert,P:skeptic,P,True,2,blind,both_answered,817,104,0.7576499388004896,0.7833537331701347,0.12729498164014688,0.7211538461538461,0.3605769230769231,0.0,0.0,0.7833537331701347,0.2800000000000001,0.0,0.0,P:skeptic,0.995,24.03,13.6,0.6385674975396001,0.27713499507920014,0.27713499507920014,-1.0695529794783501e-17,0,0,98.53488372093024,115.36597307221543,0.0
gpt4omini,truthfulqa,P1+P2,P:expert,P:skeptic,P,True,2,judge,all,817,104,0.7576499388004896,0.7833537331701347,0.12729498164014688,0.7211538461538461,0.3605769230769231,0.0,0.0,0.7649938800489596,-0.12000000000000004,0.0,0.009615384615384616,P:skeptic,0.995,24.03,13.6,0.6385674975396001,0.27713499507920014,-0.11860582123932098,-0.5872823548570453,0,0,98.53488372093024,115.36597307221543,16.143206854345166
gpt4omini,truthfulqa,P1+P2,P:expert,P:skeptic,P,True,2,judge,both_answered,817,104,0.7576499388004896,0.7833537331701347,0.12729498164014688,0.7211538461538461,0.3605769230769231,0.0,0.0,0.7649938800489596,-0.12000000000000004,0.0,0.009615384615384616,P:skeptic,0.995,24.03,13.6,0.6385674975396001,0.27713499507920014,-0.11860582123932098,-0.5872823548570453,0,0,98.53488372093024,115.36597307221543,16.143206854345166
gpt4omini,truthfulqa,P1+P2,P:expert,P:skeptic,P,True,2,debate,all,817,104,0.7576499388004896,0.7833537331701347,0.12729498164014688,0.7211538461538461,0.3605769230769231,0.0,0.0,0.7662178702570379,-0.09333333333333331,0.0,0.009615384615384616,P:skeptic,0.995,24.03,13.6,0.6385674975396001,0.27713499507920014,-0.0861820432348164,-0.5407435043241933,0,0,98.53488372093024,115.36597307221543,85.85556915544676
gpt4omini,truthfulqa,P1+P2,P:expert,P:skeptic,P,True,2,debate,both_answered,817,104,0.7576499388004896,0.7833537331701347,0.12729498164014688,0.7211538461538461,0.3605769230769231,0.0,0.0,0.7662178702570379,-0.09333333333333331,0.0,0.009615384615384616,P:skeptic,0.995,24.03,13.6,0.6385674975396001,0.27713499507920014,-0.0861820432348164,-0.5407435043241933,0,0,98.53488372093024,115.36597307221543,85.85556915544676
gpt4omini,truthfulqa,EN+W1,L:en,W:rewrite1,W,False,2,blind,all,817,150,0.7233782129742962,0.7405140758873929,0.1835985312117503,0.7066666666666667,0.35333333333333333,0.0,0.001223990208078285,0.7405140758873929,0.13207547169811326,0.006666666666666667,0.0,W:rewrite1,0.915,28.565,24.33,0.5403533842815825,0.08070676856316501,0.08070676856316503,2.0362234956959913e-17,0,0,98.22276621787026,105.56793145654835,0.0
gpt4omini,truthfulqa,EN+W1,L:en,W:rewrite1,W,False,2,blind,both_answered,816,149,0.7230392156862745,0.741421568627451,0.18259803921568626,0.7046979865771812,0.3523489932885906,0.0,0.0,0.741421568627451,0.14285714285714282,0.0,0.0,W:rewrite1,0.94,28.655,23.665,0.5477114255895474,0.09542285117909483,0.09542285117909483,-1.9107374043128123e-18,0,0,98.26225490196079,105.60661764705883,0.0
gpt4omini,truthfulqa,EN+W1,L:en,W:rewrite1,W,False,2,judge,all,817,150,0.7233782129742962,0.7405140758873929,0.1835985312117503,0.7066666666666667,0.35333333333333333,0.0,0.001223990208078285,0.7478580171358629,0.24528301886792453,0.0,0.02666666666666667,W:rewrite1,0.915,28.565,24.33,0.5403533842815825,0.08070676856316501,0.2500533201164814,0.16808241319532116,0,0,98.22276621787026,105.56793145654835,22.28518971848225
gpt4omini,truthfulqa,EN+W1,L:en,W:rewrite1,W,False,2,judge,both_answered,816,149,0.7230392156862745,0.741421568627451,0.18259803921568626,0.7046979865771812,0.3523489932885906,0.0,0.0,0.7475490196078431,0.23809523809523808,0.0,0.026845637583892617,W:rewrite1,0.94,28.655,23.665,0.5477114255895474,0.09542285117909483,0.23932533623721092,0.14206810719468232,0,0,98.26225490196079,105.60661764705883,22.204656862745097
gpt4omini,truthfulqa,W1+W2,W:rewrite1,W:rewrite2,W,True,2,blind,all,817,118,0.7405140758873929,0.7111383108935129,0.14443084455324356,0.6440677966101694,0.3220338983050847,0.001223990208078285,0.0,0.7405140758873929,0.31578947368421056,0.00847457627118644,0.0,W:rewrite1,0.995,24.61,13.01,0.6547030574375863,0.3094061148751724,0.3094061148751724,-1.2336710219882214e-17,0,0,105.56793145654835,105.44308445532435,0.0
gpt4omini,truthfulqa,W1+W2,W:rewrite1,W:rewrite2,W,True,2,blind,both_answered,816,117,0.741421568627451,0.7107843137254902,0.14338235294117646,0.6410256410256411,0.32051282051282054,0.0,0.0,0.741421568627451,0.33333333333333315,0.0,0.0,W:rewrite1,1.0,24.675,12.545,0.663399507295381,0.32679901459076205,0.32679901459076205,-4.53232726646258e-18,0,0,105.60661764705883,105.48529411764706,0.0
gpt4omini,truthfulqa,W1+W2,W:rewrite1,W:rewrite2,W,True,2,judge,all,817,118,0.7405140758873929,0.7111383108935129,0.14443084455324356,0.6440677966101694,0.3220338983050847,0.001223990208078285,0.0,0.7454100367197063,0.4210526315789475,0.0,0.05084745762711865,W:rewrite1,0.995,24.61,13.01,0.6547030574375863,0.3094061148751724,0.4271918505550423,0.1409023562866442,0,0,105.56793145654835,105.44308445532435,18.127294981640148
gpt4omini,truthfulqa,W1+W2,W:rewrite1,W:rewrite2,W,True,2,judge,both_answered,816,117,0.741421568627451,0.7107843137254902,0.14338235294117646,0.6410256410256411,0.32051282051282054,0.0,0.0,0.7450980392156863,0.4133333333333332,0.0,0.05128205128205128,W:rewrite1,1.0,24.675,12.545,0.663399507295381,0.32679901459076205,0.4378246136900733,0.13284631040184444,0,0,105.60661764705883,105.48529411764706,18.014705882352942
gpt4omini,truthfulqa,EN+R,L:en,R:short_cot,R,False,2,blind,all,817,115,0.7233782129742962,0.7111383108935129,0.14075887392900857,0.6260869565217392,0.3130434782608696,0.0,0.0,0.7233782129742962,0.13888888888888878,0.0,0.0,L:en,0.855,18.94,17.09,0.5261121166399491,0.05222423327989807,0.05222423327989807,-4.565275044664008e-18,0,0,98.22276621787026,52.149326805385556,0.0
gpt4omini,truthfulqa,EN+R,L:en,R:short_cot,R,False,2,blind,both_answered,817,115,0.7233782129742962,0.7111383108935129,0.14075887392900857,0.6260869565217392,0.3130434782608696,0.0,0.0,0.7233782129742962,0.13888888888888878,0.0,0.0,L:en,0.855,18.94,17.09,0.5261121166399491,0.05222423327989807,0.05222423327989807,-4.565275044664008e-18,0,0,98.22276621787026,52.149326805385556,0.0
gpt4omini,truthfulqa,EN+R,L:en,R:short_cot,R,False,2,judge,all,817,115,0.7233782129742962,0.7111383108935129,0.14075887392900857,0.6260869565217392,0.3130434782608696,0.0,0.0,0.7294981640146879,0.27777777777777773,0.0,0.02608695652173913,L:en,0.855,18.94,17.09,0.5261121166399491,0.05222423327989807,0.28934775980033384,0.2237053699278292,0,0,98.22276621787026,52.149326805385556,16.413708690330477
gpt4omini,truthfulqa,EN+R,L:en,R:short_cot,R,False,2,judge,both_answered,817,115,0.7233782129742962,0.7111383108935129,0.14075887392900857,0.6260869565217392,0.3130434782608696,0.0,0.0,0.7294981640146879,0.27777777777777773,0.0,0.02608695652173913,L:en,0.855,18.94,17.09,0.5261121166399491,0.05222423327989807,0.28934775980033384,0.2237053699278292,0,0,98.22276621787026,52.149326805385556,16.413708690330477
gpt4omini,truthfulqa,EN+SR-EN,L:en,F:en,F,False,2,blind,all,817,53,0.7233782129742962,0.7294981640146879,0.06487148102815178,0.5471698113207547,0.27358490566037735,0.0,0.001223990208078285,0.7294981640146879,0.17241379310344823,0.018867924528301886,0.0,F:en,0.865,7.59,7.025,0.5186041660223161,0.03720833204463236,0.03720833204463235,2.240945882534899e-19,0,0,98.22276621787026,90.8531211750306,0.0
gpt4omini,truthfulqa,EN+SR-EN,L:en,F:en,F,False,2,blind,both_answered,816,52,0.7230392156862745,0.7303921568627451,0.06372549019607843,0.5384615384615384,0.2692307692307692,0.0,0.0,0.7303921568627451,0.21428571428571436,0.0,0.0,F:en,0.89,7.635,6.31,0.5462276407802724,0.09245528156054472,0.09245528156054472,1.309052874115508e-19,0,0,98.1703431372549,90.83210784313725,0.0
gpt4omini,truthfulqa,EN+SR-EN,L:en,F:en,F,False,2,judge,all,817,53,0.7233782129742962,0.7294981640146879,0.06487148102815178,0.5471698113207547,0.27358490566037735,0.0,0.001223990208078285,0.7307221542227662,0.24137931034482754,0.0,0.0,F:en,0.865,7.59,7.025,0.5186041660223161,0.03720833204463236,0.244463942103648,0.17420568320568322,0,0,98.22276621787026,90.8531211750306,8.106487148102815
gpt4omini,truthfulqa,EN+SR-EN,L:en,F:en,F,False,2,judge,both_answered,816,52,0.7230392156862745,0.7303921568627451,0.06372549019607843,0.5384615384615384,0.2692307692307692,0.0,0.0,0.7303921568627451,0.21428571428571436,0.0,0.0,F:en,0.89,7.635,6.31,0.5462276407802724,0.09245528156054472,0.2278606742844359,0.0843030303030303,0,0,98.1703431372549,90.83210784313725,7.936274509803922
gpt4omini,truthfulqa,ZH+SR-ZH,L:zh,F:zh,F,False,0,blind,all,817,58,0.7135862913096696,0.7025703794369645,0.07099143206854346,0.5344827586206896,0.2672413793103448,0.0,0.0,0.7135862913096696,0.2903225806451615,0.0,0.0,L:zh,0.94,9.545,5.965,0.6208017046378115,0.24160340927562288,0.24160340927562288,-4.039916418503123e-18,0,0,144.57772337821297,136.8347613219094,0.0
gpt4omini,truthfulqa,ZH+SR-ZH,L:zh,F:zh,F,False,0,blind,both_answered,817,58,0.7135862913096696,0.7025703794369645,0.07099143206854346,0.5344827586206896,0.2672413793103448,0.0,0.0,0.7135862913096696,0.2903225806451615,0.0,0.0,L:zh,0.94,9.545,5.965,0.6208017046378115,0.24160340927562288,0.24160340927562288,-4.039916418503123e-18,0,0,144.57772337821297,136.8347613219094,0.0
gpt4omini,truthfulqa,ZH+SR-ZH,L:zh,F:zh,F,False,0,judge,all,817,58,0.7135862913096696,0.7025703794369645,0.07099143206854346,0.5344827586206896,0.2672413793103448,0.0,0.0,0.7172582619339045,0.48387096774193566,0.0,0.06896551724137931,L:zh,0.94,9.545,5.965,0.6208017046378115,0.24160340927562288,0.47836811825085823,0.24439838633588637,0,0,144.57772337821297,136.8347613219094,9.32313341493268
gpt4omini,truthfulqa,ZH+SR-ZH,L:zh,F:zh,F,False,0,judge,both_answered,817,58,0.7135862913096696,0.7025703794369645,0.07099143206854346,0.5344827586206896,0.2672413793103448,0.0,0.0,0.7172582619339045,0.48387096774193566,0.0,0.06896551724137931,L:zh,0.94,9.545,5.965,0.6208017046378115,0.24160340927562288,0.47836811825085823,0.24439838633588637,0,0,144.57772337821297,136.8347613219094,9.32313341493268
gpt4omini,commonsenseqa,EN+ZH,L:en,L:zh,L,False,1,blind,all,2000,463,0.791,0.678,0.2315,0.8596112311015118,0.4298056155507559,0.0,0.0,0.791,0.5678391959798995,0.0,0.0,L:en,1.0,155.74,42.675,0.7848730005071323,0.5697460010142646,0.5697460010142646,-9.022884307785653e-18,0,0,96.687,137.095,0.0
gpt4omini,commonsenseqa,EN+ZH,L:en,L:zh,L,False,1,blind,both_answered,2000,463,0.791,0.678,0.2315,0.8596112311015118,0.4298056155507559,0.0,0.0,0.791,0.5678391959798995,0.0,0.0,L:en,1.0,155.74,42.675,0.7848730005071323,0.5697460010142646,0.5697460010142646,-9.022884307785653e-18,0,0,96.687,137.095,0.0
gpt4omini,commonsenseqa,EN+ZH,L:en,L:zh,L,False,1,judge,all,2000,463,0.791,0.678,0.2315,0.8596112311015118,0.4298056155507559,0.0,0.0,0.779,0.44723618090452266,0.0,0.0064794816414686825,L:en,1.0,155.74,42.675,0.7848730005071323,0.5697460010142646,0.44751292577180135,-0.2923522699825995,0,0,96.687,137.095,28.2205
gpt4omini,commonsenseqa,EN+ZH,L:en,L:zh,L,False,1,judge,both_answered,2000,463,0.791,0.678,0.2315,0.8596112311015118,0.4298056155507559,0.0,0.0,0.779,0.44723618090452266,0.0,0.0064794816414686825,L:en,1.0,155.74,42.675,0.7848730005071323,0.5697460010142646,0.44751292577180135,-0.2923522699825995,0,0,96.687,137.095,28.2205
gpt4omini,commonsenseqa,EN+ZH,L:en,L:zh,L,False,1,debate,all,2000,463,0.791,0.678,0.2315,0.8596112311015118,0.4298056155507559,0.0,0.0,0.773,0.3869346733668341,0.0,0.0064794816414686825,L:en,1.0,155.74,42.675,0.7848730005071323,0.5697460010142646,0.38533934701207523,-0.4393248953249072,0,0,96.687,137.095,210.8685
gpt4omini,commonsenseqa,EN+ZH,L:en,L:zh,L,False,1,debate,both_answered,2000,463,0.791,0.678,0.2315,0.8596112311015118,0.4298056155507559,0.0,0.0,0.773,0.3869346733668341,0.0,0.0064794816414686825,L:en,1.0,155.74,42.675,0.7848730005071323,0.5697460010142646,0.38533934701207523,-0.4393248953249072,0,0,96.687,137.095,210.8685
gpt4omini,commonsenseqa,EN+JA,L:en,L:ja,L,False,1,blind,all,2000,471,0.791,0.6915,0.2355,0.8556263269639066,0.4278131634819533,0.0,0.0,0.791,0.49379652605459046,0.0,0.0,L:en,1.0,150.585,51.11,0.7466132158880769,0.49322643177615383,0.49322643177615383,4.0512544518593444e-17,0,0,96.687,169.2065,0.0
gpt4omini,commonsenseqa,EN+JA,L:en,L:ja,L,False,1,blind,both_answered,2000,471,0.791,0.6915,0.2355,0.8556263269639066,0.4278131634819533,0.0,0.0,0.791,0.49379652605459046,0.0,0.0,L:en,1.0,150.585,51.11,0.7466132158880769,0.49322643177615383,0.49322643177615383,4.0512544518593444e-17,0,0,96.687,169.2065,0.0
gpt4omini,commonsenseqa,EN+JA,L:en,L:ja,L,False,1,judge,all,2000,471,0.791,0.6915,0.2355,0.8556263269639066,0.4278131634819533,0.0,0.0,0.78,0.3846153846153845,0.0,0.006369426751592357,L:en,1.0,150.585,51.11,0.7466132158880769,0.49322643177615383,0.3866269303208445,-0.21436343216685738,0,0,96.687,169.2065,29.033
gpt4omini,commonsenseqa,EN+JA,L:en,L:ja,L,False,1,judge,both_answered,2000,471,0.791,0.6915,0.2355,0.8556263269639066,0.4278131634819533,0.0,0.0,0.78,0.3846153846153845,0.0,0.006369426751592357,L:en,1.0,150.585,51.11,0.7466132158880769,0.49322643177615383,0.3866269303208445,-0.21436343216685738,0,0,96.687,169.2065,29.033
gpt4omini,commonsenseqa,EN+JA,L:en,L:ja,L,False,1,debate,all,2000,471,0.791,0.6915,0.2355,0.8556263269639066,0.4278131634819533,0.0,0.0,0.777,0.35483870967741926,0.0,0.021231422505307854,L:en,1.0,150.585,51.11,0.7466132158880769,0.49322643177615383,0.3532487876625929,-0.28300452732017545,0,0,96.687,169.2065,226.9415
gpt4omini,commonsenseqa,EN+JA,L:en,L:ja,L,False,1,debate,both_answered,2000,471,0.791,0.6915,0.2355,0.8556263269639066,0.4278131634819533,0.0,0.0,0.777,0.35483870967741926,0.0,0.021231422505307854,L:en,1.0,150.585,51.11,0.7466132158880769,0.49322643177615383,0.3532487876625929,-0.28300452732017545,0,0,96.687,169.2065,226.9415
gpt4omini,commonsenseqa,EN+RU,L:en,L:ru,L,False,1,blind,all,2000,419,0.791,0.7055,0.2095,0.8615751789976134,0.4307875894988067,0.0,0.0,0.791,0.4736842105263157,0.0,0.0,L:en,1.0,133.02,47.885,0.7352666630743124,0.47053332614862486,0.4705333261486249,-1.6648666417902027e-17,0,0,96.687,122.288,0.0
gpt4omini,commonsenseqa,EN+RU,L:en,L:ru,L,False,1,blind,both_answered,2000,419,0.791,0.7055,0.2095,0.8615751789976134,0.4307875894988067,0.0,0.0,0.791,0.4736842105263157,0.0,0.0,L:en,1.0,133.02,47.885,0.7352666630743124,0.47053332614862486,0.4705333261486249,-1.6648666417902027e-17,0,0,96.687,122.288,0.0
gpt4omini,commonsenseqa,EN+RU,L:en,L:ru,L,False,1,debate,all,2000,419,0.791,0.7055,0.2095,0.8615751789976134,0.4307875894988067,0.0,0.0,0.7715,0.257617728531856,0.0,0.014319809069212411,L:en,1.0,133.02,47.885,0.7352666630743124,0.47053332614862486,0.24891578417026686,-0.42594730883050685,0,0,96.687,122.288,178.105
gpt4omini,commonsenseqa,EN+RU,L:en,L:ru,L,False,1,debate,both_answered,2000,419,0.791,0.7055,0.2095,0.8615751789976134,0.4307875894988067,0.0,0.0,0.7715,0.257617728531856,0.0,0.014319809069212411,L:en,1.0,133.02,47.885,0.7352666630743124,0.47053332614862486,0.24891578417026686,-0.42594730883050685,0,0,96.687,122.288,178.105
gpt4omini,commonsenseqa,EN+ES,L:en,L:es,L,False,1,blind,all,2000,388,0.791,0.7265,0.194,0.8530927835051546,0.4265463917525773,0.0,0.0,0.791,0.38972809667673725,0.0,0.0,L:en,1.0,115.225,50.46,0.6954212213455354,0.39084244269107077,0.3908424426910708,-3.3471506303192026e-18,0,0,96.687,114.8155,0.0
gpt4omini,commonsenseqa,EN+ES,L:en,L:es,L,False,1,blind,both_answered,2000,388,0.791,0.7265,0.194,0.8530927835051546,0.4265463917525773,0.0,0.0,0.791,0.38972809667673725,0.0,0.0,L:en,1.0,115.225,50.46,0.6954212213455354,0.39084244269107077,0.3908424426910708,-3.3471506303192026e-18,0,0,96.687,114.8155,0.0
gpt4omini,commonsenseqa,EN+ES,L:en,L:es,L,False,1,debate,all,2000,388,0.791,0.7265,0.194,0.8530927835051546,0.4265463917525773,0.0,0.0,0.778,0.23262839879154087,0.0,0.015463917525773196,L:en,1.0,115.225,50.46,0.6954212213455354,0.39084244269107077,0.22949461449002523,-0.2720193660312282,0,0,96.687,114.8155,156.8595
gpt4omini,commonsenseqa,EN+ES,L:en,L:es,L,False,1,debate,both_answered,2000,388,0.791,0.7265,0.194,0.8530927835051546,0.4265463917525773,0.0,0.0,0.778,0.23262839879154087,0.0,0.015463917525773196,L:en,1.0,115.225,50.46,0.6954212213455354,0.39084244269107077,0.22949461449002523,-0.2720193660312282,0,0,96.687,114.8155,156.8595
gpt4omini,commonsenseqa,ZH+JA,L:zh,L:ja,L,True,0,blind,all,2000,479,0.678,0.6915,0.2395,0.7828810020876826,0.3914405010438413,0.0,0.0,0.6915,0.072,0.0,0.0,L:ja,0.92,98.17,89.77,0.5222784899664693,0.04455697993293864,0.04455697993293864,9.995374646652596e-18,0,0,137.095,169.2065,0.0
gpt4omini,commonsenseqa,ZH+JA,L:zh,L:ja,L,True,0,blind,both_answered,2000,479,0.678,0.6915,0.2395,0.7828810020876826,0.3914405010438413,0.0,0.0,0.6915,0.072,0.0,0.0,L:ja,0.92,98.17,89.77,0.5222784899664693,0.04455697993293864,0.04455697993293864,9.995374646652596e-18,0,0,137.095,169.2065,0.0
gpt4omini,commonsenseqa,ZH+JA,L:zh,L:ja,L,True,0,judge,all,2000,479,0.678,0.6915,0.2395,0.7828810020876826,0.3914405010438413,0.0,0.0,0.7265,0.44533333333333347,0.0,0.03549060542797495,L:ja,0.92,98.17,89.77,0.5222784899664693,0.04455697993293864,0.43832031809874844,0.4087150699634682,0,0,137.095,169.2065,31.2125
gpt4omini,commonsenseqa,ZH+JA,L:zh,L:ja,L,True,0,judge,both_answered,2000,479,0.678,0.6915,0.2395,0.7828810020876826,0.3914405010438413,0.0,0.0,0.7265,0.44533333333333347,0.0,0.03549060542797495,L:ja,0.92,98.17,89.77,0.5222784899664693,0.04455697993293864,0.43832031809874844,0.4087150699634682,0,0,137.095,169.2065,31.2125
gpt4omini,commonsenseqa,ZH+JA,L:zh,L:ja,L,True,0,debate,all,2000,479,0.678,0.6915,0.2395,0.7828810020876826,0.3914405010438413,0.0,0.0,0.7005,0.1680000000000001,0.0,0.014613778705636743,L:ja,0.92,98.17,89.77,0.5222784899664693,0.04455697993293864,0.1673498137401596,0.12344929522657648,0,0,137.095,169.2065,275.7515
gpt4omini,commonsenseqa,ZH+JA,L:zh,L:ja,L,True,0,debate,both_answered,2000,479,0.678,0.6915,0.2395,0.7828810020876826,0.3914405010438413,0.0,0.0,0.7005,0.1680000000000001,0.0,0.014613778705636743,L:ja,0.92,98.17,89.77,0.5222784899664693,0.04455697993293864,0.1673498137401596,0.12344929522657648,0,0,137.095,169.2065,275.7515
gpt4omini,commonsenseqa,ZH+RU,L:zh,L:ru,L,True,0,blind,all,2000,510,0.678,0.7055,0.255,0.7901960784313725,0.39509803921568626,0.0,0.0,0.7055,0.13647642679900754,0.0,0.0,L:ru,1.0,114.445,86.515,0.5695291045538882,0.1390582091077765,0.1390582091077765,8.34896123957739e-21,0,0,137.095,122.288,0.0
gpt4omini,commonsenseqa,ZH+RU,L:zh,L:ru,L,True,0,blind,both_answered,2000,510,0.678,0.7055,0.255,0.7901960784313725,0.39509803921568626,0.0,0.0,0.7055,0.13647642679900754,0.0,0.0,L:ru,1.0,114.445,86.515,0.5695291045538882,0.1390582091077765,0.1390582091077765,8.34896123957739e-21,0,0,137.095,122.288,0.0
gpt4omini,commonsenseqa,ZH+RU,L:zh,L:ru,L,True,0,debate,all,2000,510,0.678,0.7055,0.255,0.7901960784313725,0.39509803921568626,0.0,0.0,0.7065,0.14640198511166258,0.0,0.013725490196078431,L:ru,1.0,114.445,86.515,0.5695291045538882,0.1390582091077765,0.1405016450906439,-0.0013886940404307768,0,0,137.095,122.288,278.744
gpt4omini,commonsenseqa,ZH+RU,L:zh,L:ru,L,True,0,debate,both_answered,2000,510,0.678,0.7055,0.255,0.7901960784313725,0.39509803921568626,0.0,0.0,0.7065,0.14640198511166258,0.0,0.013725490196078431,L:ru,1.0,114.445,86.515,0.5695291045538882,0.1390582091077765,0.1405016450906439,-0.0013886940404307768,0,0,137.095,122.288,278.744
gpt4omini,commonsenseqa,ZH+ES,L:zh,L:es,L,True,0,blind,all,2000,492,0.678,0.7265,0.246,0.8109756097560976,0.4054878048780488,0.0,0.0,0.7265,0.24310776942355874,0.0,0.0,L:es,1.0,124.205,75.905,0.6207994772433196,0.24159895448663934,0.24159895448663932,-4.874315571665187e-18,0,0,137.095,114.8155,0.0
gpt4omini,commonsenseqa,ZH+ES,L:zh,L:es,L,True,0,blind,both_answered,2000,492,0.678,0.7265,0.246,0.8109756097560976,0.4054878048780488,0.0,0.0,0.7265,0.24310776942355874,0.0,0.0,L:es,1.0,124.205,75.905,0.6207994772433196,0.24159895448663934,0.24159895448663932,-4.874315571665187e-18,0,0,137.095,114.8155,0.0
gpt4omini,commonsenseqa,ZH+ES,L:zh,L:es,L,True,0,debate,all,2000,492,0.678,0.7265,0.246,0.8109756097560976,0.4054878048780488,0.0,0.0,0.712,0.09774436090225558,0.0,0.018292682926829267,L:es,1.0,124.205,75.905,0.6207994772433196,0.24159895448663934,0.09696576149087263,-0.1967791182825398,0,0,137.095,114.8155,252.383
gpt4omini,commonsenseqa,ZH+ES,L:zh,L:es,L,True,0,debate,both_answered,2000,492,0.678,0.7265,0.246,0.8109756097560976,0.4054878048780488,0.0,0.0,0.712,0.09774436090225558,0.0,0.018292682926829267,L:es,1.0,124.205,75.905,0.6207994772433196,0.24159895448663934,0.09696576149087263,-0.1967791182825398,0,0,137.095,114.8155,252.383
gpt4omini,commonsenseqa,JA+RU,L:ja,L:ru,L,True,0,blind,all,2000,508,0.6915,0.7055,0.254,0.7755905511811023,0.38779527559055116,0.0,0.0,0.7055,0.07106598984771575,0.0,0.0,L:ru,0.935,103.44,93.16,0.5261329151126373,0.05226583022527464,0.05226583022527463,-1.0015724876925733e-17,0,0,169.2065,122.288,0.0
gpt4omini,commonsenseqa,JA+RU,L:ja,L:ru,L,True,0,blind,both_answered,2000,508,0.6915,0.7055,0.254,0.7755905511811023,0.38779527559055116,0.0,0.0,0.7055,0.07106598984771575,0.0,0.0,L:ru,0.935,103.44,93.16,0.5261329151126373,0.05226583022527464,0.05226583022527463,-1.0015724876925733e-17,0,0,169.2065,122.288,0.0
gpt4omini,commonsenseqa,JA+RU,L:ja,L:ru,L,True,0,debate,all,2000,508,0.6915,0.7055,0.254,0.7755905511811023,0.38779527559055116,0.0,0.0,0.708,0.09644670050761434,0.0,0.027559055118110236,L:ru,0.935,103.44,93.16,0.5261329151126373,0.05226583022527464,0.09369084073916813,0.03915951918240148,0,0,169.2065,122.288,289.9815
gpt4omini,commonsenseqa,JA+RU,L:ja,L:ru,L,True,0,debate,both_answered,2000,508,0.6915,0.7055,0.254,0.7755905511811023,0.38779527559055116,0.0,0.0,0.708,0.09644670050761434,0.0,0.027559055118110236,L:ru,0.935,103.44,93.16,0.5261329151126373,0.05226583022527464,0.09369084073916813,0.03915951918240148,0,0,169.2065,122.288,289.9815
gpt4omini,commonsenseqa,JA+ES,L:ja,L:es,L,True,0,blind,all,2000,499,0.6915,0.7265,0.2495,0.7935871743486974,0.3967935871743487,0.0,0.0,0.7265,0.1767676767676768,0.0,0.0,L:es,1.0,116.78,82.07,0.5873230849388562,0.17464616987771253,0.17464616987771253,2.143758946659187e-17,0,0,169.2065,114.8155,0.0
gpt4omini,commonsenseqa,JA+ES,L:ja,L:es,L,True,0,blind,both_answered,2000,499,0.6915,0.7265,0.2495,0.7935871743486974,0.3967935871743487,0.0,0.0,0.7265,0.1767676767676768,0.0,0.0,L:es,1.0,116.78,82.07,0.5873230849388562,0.17464616987771253,0.17464616987771253,2.143758946659187e-17,0,0,169.2065,114.8155,0.0
gpt4omini,commonsenseqa,JA+ES,L:ja,L:es,L,True,0,debate,all,2000,499,0.6915,0.7265,0.2495,0.7935871743486974,0.3967935871743487,0.0,0.0,0.718,0.09090909090909086,0.0,0.04609218436873747,L:es,1.0,116.78,82.07,0.5873230849388562,0.17464616987771253,0.0924979983173629,-0.10480850454086447,0,0,169.2065,114.8155,264.092
gpt4omini,commonsenseqa,JA+ES,L:ja,L:es,L,True,0,debate,both_answered,2000,499,0.6915,0.7265,0.2495,0.7935871743486974,0.3967935871743487,0.0,0.0,0.718,0.09090909090909086,0.0,0.04609218436873747,L:es,1.0,116.78,82.07,0.5873230849388562,0.17464616987771253,0.0924979983173629,-0.10480850454086447,0,0,169.2065,114.8155,264.092
gpt4omini,commonsenseqa,RU+ES,L:ru,L:es,L,True,0,blind,all,2000,442,0.7055,0.7265,0.221,0.8009049773755657,0.4004524886877828,0.0,0.0,0.7265,0.11864406779661016,0.0,0.0,L:es,0.99,98.565,79.055,0.5549023223793738,0.10980464475874765,0.10980464475874763,-9.445762316528014e-18,0,0,122.288,114.8155,0.0
gpt4omini,commonsenseqa,RU+ES,L:ru,L:es,L,True,0,blind,both_answered,2000,442,0.7055,0.7265,0.221,0.8009049773755657,0.4004524886877828,0.0,0.0,0.7265,0.11864406779661016,0.0,0.0,L:es,0.99,98.565,79.055,0.5549023223793738,0.10980464475874765,0.10980464475874763,-9.445762316528014e-18,0,0,122.288,114.8155,0.0
gpt4omini,commonsenseqa,RU+ES,L:ru,L:es,L,True,0,debate,all,2000,442,0.7055,0.7265,0.221,0.8009049773755657,0.4004524886877828,0.0,0.0,0.73,0.1581920903954802,0.0,0.01583710407239819,L:es,0.99,98.565,79.055,0.5549023223793738,0.10980464475874765,0.1568373649125408,0.04807030303671915,0,0,122.288,114.8155,208.464
gpt4omini,commonsenseqa,RU+ES,L:ru,L:es,L,True,0,debate,both_answered,2000,442,0.7055,0.7265,0.221,0.8009049773755657,0.4004524886877828,0.0,0.0,0.73,0.1581920903954802,0.0,0.01583710407239819,L:es,0.99,98.565,79.055,0.5549023223793738,0.10980464475874765,0.1568373649125408,0.04807030303671915,0,0,122.288,114.8155,208.464
gpt4omini,commonsenseqa,EN+S1,L:en,S:T1.0:seed1,S,False,2,blind,all,2000,174,0.791,0.7845,0.087,0.8793103448275862,0.4396551724137931,0.0,0.0,0.791,0.08496732026143787,0.0,0.0,L:en,0.83,39.11,37.685,0.5097766571308017,0.01955331426160338,0.019553314261603384,1.6533579227819508e-18,0,0,96.687,101.235,0.0
gpt4omini,commonsenseqa,EN+S1,L:en,S:T1.0:seed1,S,False,2,blind,both_answered,2000,174,0.791,0.7845,0.087,0.8793103448275862,0.4396551724137931,0.0,0.0,0.791,0.08496732026143787,0.0,0.0,L:en,0.83,39.11,37.685,0.5097766571308017,0.01955331426160338,0.019553314261603384,1.6533579227819508e-18,0,0,96.687,101.235,0.0
gpt4omini,commonsenseqa,EN+S1,L:en,S:T1.0:seed1,S,False,2,judge,all,2000,174,0.791,0.7845,0.087,0.8793103448275862,0.4396551724137931,0.0,0.0,0.792,0.11111111111111116,0.0,0.022988505747126436,L:en,0.83,39.11,37.685,0.5097766571308017,0.01955331426160338,0.11139010303952024,0.08184247672653414,0,0,96.687,101.235,10.964
gpt4omini,commonsenseqa,EN+S1,L:en,S:T1.0:seed1,S,False,2,judge,both_answered,2000,174,0.791,0.7845,0.087,0.8793103448275862,0.4396551724137931,0.0,0.0,0.792,0.11111111111111116,0.0,0.022988505747126436,L:en,0.83,39.11,37.685,0.5097766571308017,0.01955331426160338,0.11139010303952024,0.08184247672653414,0,0,96.687,101.235,10.964
gpt4omini,commonsenseqa,EN+S1,L:en,S:T1.0:seed1,S,False,2,debate,all,2000,174,0.791,0.7845,0.087,0.8793103448275862,0.4396551724137931,0.0,0.0,0.7935,0.15032679738562105,0.0,0.005747126436781609,L:en,0.83,39.11,37.685,0.5097766571308017,0.01955331426160338,0.15682433544129495,0.12963539988896014,0,0,96.687,101.235,66.8815
gpt4omini,commonsenseqa,EN+S1,L:en,S:T1.0:seed1,S,False,2,debate,both_answered,2000,174,0.791,0.7845,0.087,0.8793103448275862,0.4396551724137931,0.0,0.0,0.7935,0.15032679738562105,0.0,0.005747126436781609,L:en,0.83,39.11,37.685,0.5097766571308017,0.01955331426160338,0.15682433544129495,0.12963539988896014,0,0,96.687,101.235,66.8815
gpt4omini,commonsenseqa,S1+S2,S:T1.0:seed1,S:T1.0:seed2,S,True,2,blind,all,2000,199,0.7845,0.778,0.0995,0.8090452261306532,0.4045226130653266,0.0,0.0,0.7845,0.08074534161490692,0.0,0.0,S:T1.0:seed1,0.85,41.06,39.705,0.5085848536638189,0.01716970732763764,0.017169707327637642,3.3990509715654393e-18,0,0,101.235,99.905,0.0
gpt4omini,commonsenseqa,S1+S2,S:T1.0:seed1,S:T1.0:seed2,S,True,2,blind,both_answered,2000,199,0.7845,0.778,0.0995,0.8090452261306532,0.4045226130653266,0.0,0.0,0.7845,0.08074534161490692,0.0,0.0,S:T1.0:seed1,0.85,41.06,39.705,0.5085848536638189,0.01716970732763764,0.017169707327637642,3.3990509715654393e-18,0,0,101.235,99.905,0.0
gpt4omini,commonsenseqa,S1+S2,S:T1.0:seed1,S:T1.0:seed2,S,True,2,judge,all,2000,199,0.7845,0.778,0.0995,0.8090452261306532,0.4045226130653266,0.0,0.0,0.7825,0.031055900621118012,0.0,0.01507537688442211,S:T1.0:seed1,0.85,41.06,39.705,0.5085848536638189,0.01716970732763764,0.03468468612186554,0.0055080800565114356,0,0,101.235,99.905,12.385
gpt4omini,commonsenseqa,S1+S2,S:T1.0:seed1,S:T1.0:seed2,S,True,2,judge,both_answered,2000,199,0.7845,0.778,0.0995,0.8090452261306532,0.4045226130653266,0.0,0.0,0.7825,0.031055900621118012,0.0,0.01507537688442211,S:T1.0:seed1,0.85,41.06,39.705,0.5085848536638189,0.01716970732763764,0.03468468612186554,0.0055080800565114356,0,0,101.235,99.905,12.385
gpt4omini,commonsenseqa,EN+P1,L:en,P:expert,P,False,2,blind,all,2000,159,0.791,0.7845,0.0795,0.8364779874213837,0.41823899371069184,0.0,0.0,0.791,0.09774436090225562,0.0,0.0,L:en,0.905,34.635,31.075,0.5271209973683343,0.05424199473666864,0.05424199473666864,2.0777607044057334e-18,0,0,96.687,101.895,0.0
gpt4omini,commonsenseqa,EN+P1,L:en,P:expert,P,False,2,blind,both_answered,2000,159,0.791,0.7845,0.0795,0.8364779874213837,0.41823899371069184,0.0,0.0,0.791,0.09774436090225562,0.0,0.0,L:en,0.905,34.635,31.075,0.5271209973683343,0.05424199473666864,0.05424199473666864,2.0777607044057334e-18,0,0,96.687,101.895,0.0
gpt4omini,commonsenseqa,EN+P1,L:en,P:expert,P,False,2,judge,all,2000,159,0.791,0.7845,0.0795,0.8364779874213837,0.41823899371069184,0.0,0.0,0.7895,0.052631578947368404,0.0,0.012578616352201259,L:en,0.905,34.635,31.075,0.5271209973683343,0.05424199473666864,0.05165920141658673,-0.01505355083276836,0,0,96.687,101.895,9.981
gpt4omini,commonsenseqa,EN+P1,L:en,P:expert,P,False,2,judge,both_answered,2000,159,0.791,0.7845,0.0795,0.8364779874213837,0.41823899371069184,0.0,0.0,0.7895,0.052631578947368404,0.0,0.012578616352201259,L:en,0.905,34.635,31.075,0.5271209973683343,0.05424199473666864,0.05165920141658673,-0.01505355083276836,0,0,96.687,101.895,9.981
gpt4omini,commonsenseqa,P1+P2,P:expert,P:skeptic,P,True,2,blind,all,2000,189,0.7845,0.7825,0.0945,0.8359788359788359,0.41798941798941797,0.0,0.0,0.7845,0.02531645569620253,0.0,0.0,P:expert,0.595,37.28,41.455,0.4734433753773739,-0.05311324924525237,-0.05311324924525236,8.293634256457667e-18,0,0,101.895,126.0305,0.0
gpt4omini,commonsenseqa,P1+P2,P:expert,P:skeptic,P,True,2,blind,both_answered,2000,189,0.7845,0.7825,0.0945,0.8359788359788359,0.41798941798941797,0.0,0.0,0.7845,0.02531645569620253,0.0,0.0,P:expert,0.595,37.28,41.455,0.4734433753773739,-0.05311324924525237,-0.05311324924525236,8.293634256457667e-18,0,0,101.895,126.0305,0.0
gpt4omini,commonsenseqa,P1+P2,P:expert,P:skeptic,P,True,2,judge,all,2000,189,0.7845,0.7825,0.0945,0.8359788359788359,0.41798941798941797,0.0,0.0,0.783,-0.012658227848101266,0.0,0.010582010582010581,P:expert,0.595,37.28,41.455,0.4734433753773739,-0.05311324924525237,-0.017816884790284343,0.029823173856024444,0,0,101.895,126.0305,12.424
gpt4omini,commonsenseqa,P1+P2,P:expert,P:skeptic,P,True,2,judge,both_answered,2000,189,0.7845,0.7825,0.0945,0.8359788359788359,0.41798941798941797,0.0,0.0,0.783,-0.012658227848101266,0.0,0.010582010582010581,P:expert,0.595,37.28,41.455,0.4734433753773739,-0.05311324924525237,-0.017816884790284343,0.029823173856024444,0,0,101.895,126.0305,12.424
gpt4omini,commonsenseqa,P1+P2,P:expert,P:skeptic,P,True,2,debate,all,2000,189,0.7845,0.7825,0.0945,0.8359788359788359,0.41798941798941797,0.0,0.0,0.7905,0.17721518987341772,0.0,0.010582010582010581,P:expert,0.595,37.28,41.455,0.4734433753773739,-0.05311324924525237,0.1830731281731602,0.22115311606861263,0,0,101.895,126.0305,73.655
gpt4omini,commonsenseqa,P1+P2,P:expert,P:skeptic,P,True,2,debate,both_answered,2000,189,0.7845,0.7825,0.0945,0.8359788359788359,0.41798941798941797,0.0,0.0,0.7905,0.17721518987341772,0.0,0.010582010582010581,P:expert,0.595,37.28,41.455,0.4734433753773739,-0.05311324924525237,0.1830731281731602,0.22115311606861263,0,0,101.895,126.0305,73.655
gpt4omini,commonsenseqa,EN+W1,L:en,W:rewrite1,W,False,2,blind,all,2000,304,0.791,0.752,0.152,0.8486842105263158,0.4243421052631579,0.0,0.0,0.791,0.30232558139534893,0.0,0.0,L:en,1.0,84.55,45.095,0.6521401975878508,0.3042803951757017,0.30428039517570166,-9.760428415455988e-18,0,0,96.687,104.1655,0.0
gpt4omini,commonsenseqa,EN+W1,L:en,W:rewrite1,W,False,2,blind,both_answered,2000,304,0.791,0.752,0.152,0.8486842105263158,0.4243421052631579,0.0,0.0,0.791,0.30232558139534893,0.0,0.0,L:en,1.0,84.55,45.095,0.6521401975878508,0.3042803951757017,0.30428039517570166,-9.760428415455988e-18,0,0,96.687,104.1655,0.0
gpt4omini,commonsenseqa,EN+W1,L:en,W:rewrite1,W,False,2,judge,all,2000,304,0.791,0.752,0.152,0.8486842105263158,0.4243421052631579,0.0,0.0,0.7905,0.29457364341085257,0.0,0.0,L:en,1.0,84.55,45.095,0.6521401975878508,0.3042803951757017,0.2939770208795949,-0.01878558505837893,0,0,96.687,104.1655,19.078
gpt4omini,commonsenseqa,EN+W1,L:en,W:rewrite1,W,False,2,judge,both_answered,2000,304,0.791,0.752,0.152,0.8486842105263158,0.4243421052631579,0.0,0.0,0.7905,0.29457364341085257,0.0,0.0,L:en,1.0,84.55,45.095,0.6521401975878508,0.3042803951757017,0.2939770208795949,-0.01878558505837893,0,0,96.687,104.1655,19.078
gpt4omini,commonsenseqa,W1+W2,W:rewrite1,W:rewrite2,W,True,2,blind,all,2000,301,0.752,0.7415,0.1505,0.7873754152823921,0.39368770764119604,0.0,0.0,0.752,0.08860759493670874,0.0,0.0,W:rewrite1,0.91,62.155,56.475,0.5239296393078184,0.0478592786156368,0.04785927861563678,-8.281119698657021e-18,0,0,104.1655,104.16,0.0
gpt4omini,commonsenseqa,W1+W2,W:rewrite1,W:rewrite2,W,True,2,blind,both_answered,2000,301,0.752,0.7415,0.1505,0.7873754152823921,0.39368770764119604,0.0,0.0,0.752,0.08860759493670874,0.0,0.0,W:rewrite1,0.91,62.155,56.475,0.5239296393078184,0.0478592786156368,0.04785927861563678,-8.281119698657021e-18,0,0,104.1655,104.16,0.0
gpt4omini,commonsenseqa,W1+W2,W:rewrite1,W:rewrite2,W,True,2,judge,all,2000,301,0.752,0.7415,0.1505,0.7873754152823921,0.39368770764119604,0.0,0.0,0.7705,0.40084388185653985,0.0,0.016611295681063124,W:rewrite1,0.91,62.155,56.475,0.5239296393078184,0.0478592786156368,0.39566016331497833,0.35972449840552756,0,0,104.1655,104.16,19.063
gpt4omini,commonsenseqa,W1+W2,W:rewrite1,W:rewrite2,W,True,2,judge,both_answered,2000,301,0.752,0.7415,0.1505,0.7873754152823921,0.39368770764119604,0.0,0.0,0.7705,0.40084388185653985,0.0,0.016611295681063124,W:rewrite1,0.91,62.155,56.475,0.5239296393078184,0.0478592786156368,0.39566016331497833,0.35972449840552756,0,0,104.1655,104.16,19.063
gpt4omini,commonsenseqa,EN+R,L:en,R:short_cot,R,False,2,blind,all,2000,165,0.791,0.7825,0.0825,0.8545454545454545,0.42727272727272725,0.0,0.0,0.791,0.12056737588652483,0.0,0.0,L:en,0.925,38.83,32.68,0.542579539789809,0.08515907957961805,0.08515907957961805,-3.338001808213236e-18,0,0,96.687,46.319,0.0
gpt4omini,commonsenseqa,EN+R,L:en,R:short_cot,R,False,2,blind,both_answered,2000,165,0.791,0.7825,0.0825,0.8545454545454545,0.42727272727272725,0.0,0.0,0.791,0.12056737588652483,0.0,0.0,L:en,0.925,38.83,32.68,0.542579539789809,0.08515907957961805,0.08515907957961805,-3.338001808213236e-18,0,0,96.687,46.319,0.0
gpt4omini,commonsenseqa,EN+R,L:en,R:short_cot,R,False,2,judge,all,2000,165,0.791,0.7825,0.0825,0.8545454545454545,0.42727272727272725,0.0,0.0,0.794,0.20567375886524827,0.0,0.006060606060606061,L:en,0.925,38.83,32.68,0.542579539789809,0.08515907957961805,0.20668910248715874,0.12126268652902567,0,0,96.687,46.319,9.536
gpt4omini,commonsenseqa,EN+R,L:en,R:short_cot,R,False,2,judge,both_answered,2000,165,0.791,0.7825,0.0825,0.8545454545454545,0.42727272727272725,0.0,0.0,0.794,0.20567375886524827,0.0,0.006060606060606061,L:en,0.925,38.83,32.68,0.542579539789809,0.08515907957961805,0.20668910248715874,0.12126268652902567,0,0,96.687,46.319,9.536
gpt4omini,commonsenseqa,EN+SR-EN,L:en,F:en,F,False,2,blind,all,2000,69,0.791,0.7945,0.0345,0.7681159420289855,0.38405797101449274,0.0,0.0,0.7945,0.13207547169811323,0.0,0.0,F:en,0.88,13.695,12.56,0.5210808505972363,0.04216170119447264,0.04216170119447264,-6.714981165269593e-18,0,0,96.687,91.272,0.0
gpt4omini,commonsenseqa,EN+SR-EN,L:en,F:en,F,False,2,blind,both_answered,2000,69,0.791,0.7945,0.0345,0.7681159420289855,0.38405797101449274,0.0,0.0,0.7945,0.13207547169811323,0.0,0.0,F:en,0.88,13.695,12.56,0.5210808505972363,0.04216170119447264,0.04216170119447264,-6.714981165269593e-18,0,0,96.687,91.272,0.0
gpt4omini,commonsenseqa,EN+SR-EN,L:en,F:en,F,False,2,judge,all,2000,69,0.791,0.7945,0.0345,0.7681159420289855,0.38405797101449274,0.0,0.0,0.7975,0.3584905660377359,0.0,0.0,F:en,0.88,13.695,12.56,0.5210808505972363,0.04216170119447264,0.35305186341348893,0.3056264417556987,0,0,96.687,91.272,4.181
gpt4omini,commonsenseqa,EN+SR-EN,L:en,F:en,F,False,2,judge,both_answered,2000,69,0.791,0.7945,0.0345,0.7681159420289855,0.38405797101449274,0.0,0.0,0.7975,0.3584905660377359,0.0,0.0,F:en,0.88,13.695,12.56,0.5210808505972363,0.04216170119447264,0.35305186341348893,0.3056264417556987,0,0,96.687,91.272,4.181
gpt4omini,commonsenseqa,ZH+SR-ZH,L:zh,F:zh,F,False,0,blind,all,2000,148,0.678,0.6815,0.074,0.6959459459459459,0.34797297297297297,0.0,0.0,0.6815,0.06796116504854363,0.0,0.0,F:zh,0.785,25.135,26.105,0.49033171222535443,-0.019336575549291118,-0.019336575549291118,-9.247140761107585e-19,0,0,137.095,131.8235,0.0
gpt4omini,commonsenseqa,ZH+SR-ZH,L:zh,F:zh,F,False,0,blind,both_answered,2000,148,0.678,0.6815,0.074,0.6959459459459459,0.34797297297297297,0.0,0.0,0.6815,0.06796116504854363,0.0,0.0,F:zh,0.785,25.135,26.105,0.49033171222535443,-0.019336575549291118,-0.019336575549291118,-9.247140761107585e-19,0,0,137.095,131.8235,0.0
gpt4omini,commonsenseqa,ZH+SR-ZH,L:zh,F:zh,F,False,0,judge,all,2000,148,0.678,0.6815,0.074,0.6959459459459459,0.34797297297297297,0.0,0.0,0.6935,0.5339805825242718,0.0,0.060810810810810814,F:zh,0.785,25.135,26.105,0.49033171222535443,-0.019336575549291118,0.5271931210536445,0.5288072893260803,0,0,137.095,131.8235,9.533
gpt4omini,commonsenseqa,ZH+SR-ZH,L:zh,F:zh,F,False,0,judge,both_answered,2000,148,0.678,0.6815,0.074,0.6959459459459459,0.34797297297297297,0.0,0.0,0.6935,0.5339805825242718,0.0,0.060810810810810814,F:zh,0.785,25.135,26.105,0.49033171222535443,-0.019336575549291118,0.5271931210536445,0.5288072893260803,0,0,137.095,131.8235,9.533
qwen,mmlu,EN+ZH,L:en,L:zh,L,False,1,blind,all,2000,449,0.7775,0.7315,0.2245,0.7839643652561247,0.39198218262806234,0.0,0.0,0.7775,0.2613636363636364,0.0,0.0,L:en,1.0,111.76,65.69,0.62974988536572,0.2594997707314398,0.25949977073143987,1.888195626114215e-17,0,0,121.2345,108.482,0.0
qwen,mmlu,EN+ZH,L:en,L:zh,L,False,1,blind,both_answered,2000,449,0.7775,0.7315,0.2245,0.7839643652561247,0.39198218262806234,0.0,0.0,0.7775,0.2613636363636364,0.0,0.0,L:en,1.0,111.76,65.69,0.62974988536572,0.2594997707314398,0.25949977073143987,1.888195626114215e-17,0,0,121.2345,108.482,0.0
qwen,mmlu,EN+ZH,L:en,L:zh,L,False,1,judge,all,2000,449,0.7775,0.7315,0.2245,0.7839643652561247,0.39198218262806234,0.0,0.0,0.784,0.3352272727272729,0.0,0.026726057906458798,L:en,1.0,111.76,65.69,0.62974988536572,0.2594997707314398,0.3315694447364848,0.09416593193560968,0,0,121.2345,108.482,28.2345
qwen,mmlu,EN+ZH,L:en,L:zh,L,False,1,judge,both_answered,2000,449,0.7775,0.7315,0.2245,0.7839643652561247,0.39198218262806234,0.0,0.0,0.784,0.3352272727272729,0.0,0.026726057906458798,L:en,1.0,111.76,65.69,0.62974988536572,0.2594997707314398,0.3315694447364848,0.09416593193560968,0,0,121.2345,108.482,28.2345
qwen,mmlu,EN+ZH,L:en,L:zh,L,False,1,debate,all,2000,449,0.7775,0.7315,0.2245,0.7839643652561247,0.39198218262806234,0.0,0.0,0.7915,0.4204545454545455,0.0022271714922048997,0.008908685968819599,L:en,1.0,111.76,65.69,0.62974988536572,0.2594997707314398,0.41622825613556524,0.20884376445580166,0,0,121.2345,108.482,106.1695
qwen,mmlu,EN+ZH,L:en,L:zh,L,False,1,debate,both_answered,2000,449,0.7775,0.7315,0.2245,0.7839643652561247,0.39198218262806234,0.0,0.0,0.7915,0.4204545454545455,0.0022271714922048997,0.008908685968819599,L:en,1.0,111.76,65.69,0.62974988536572,0.2594997707314398,0.41622825613556524,0.20884376445580166,0,0,121.2345,108.482,106.1695
qwen,mmlu,EN+JA,L:en,L:ja,L,False,1,blind,all,2000,481,0.7775,0.713,0.2405,0.8004158004158004,0.4002079002079002,0.0,0.0004999999999999449,0.7775,0.335064935064935,0.0,0.0,L:en,1.0,128.615,64.335,0.6667691673607992,0.3335383347215982,0.3335383347215982,-4.383595921927857e-18,0,0,121.2345,150.782,0.0
qwen,mmlu,EN+JA,L:en,L:ja,L,False,1,blind,both_answered,1999,480,0.7773886943471736,0.7133566783391696,0.24012006003001501,0.8,0.4,0.0,0.0,0.7773886943471736,0.33333333333333326,0.0,0.0,L:en,1.0,128.54,64.555,0.6657264660519943,0.33145293210398835,0.33145293210398835,-6.002083600740589e-18,0,0,121.20010005002501,150.78389194597298,0.0
qwen,mmlu,EN+JA,L:en,L:ja,L,False,1,judge,all,2000,481,0.7775,0.713,0.2405,0.8004158004158004,0.4002079002079002,0.0,0.0004999999999999449,0.7875,0.43896103896103894,0.002079002079002079,0.02702702702702703,L:en,1.0,128.615,64.335,0.6667691673607992,0.3335383347215982,0.43965703337276646,0.15639424277386113,0,0,121.2345,150.782,30.5535
qwen,mmlu,EN+JA,L:en,L:ja,L,False,1,judge,both_answered,1999,480,0.7773886943471736,0.7133566783391696,0.24012006003001501,0.8,0.4,0.0,0.0,0.7878939469734867,0.44270833333333315,0.0,0.027083333333333334,L:en,1.0,128.54,64.555,0.6657264660519943,0.33145293210398835,0.4424368168791055,0.16349403966992207,0,0,121.20010005002501,150.78389194597298,30.51175587793897
qwen,mmlu,EN+JA,L:en,L:ja,L,False,1,debate,all,2000,481,0.7775,0.713,0.2405,0.8004158004158004,0.4002079002079002,0.0,0.0004999999999999449,0.785,0.41298701298701307,0.0,0.012474012474012475,L:en,1.0,128.615,64.335,0.6667691673607992,0.3335383347215982,0.4154680306779896,0.11998431720800846,0,0,121.2345,150.782,136.2195
qwen,mmlu,EN+JA,L:en,L:ja,L,False,1,debate,both_answered,1999,480,0.7773886943471736,0.7133566783391696,0.24012006003001501,0.8,0.4,0.0,0.0,0.7848924462231116,0.41145833333333326,0.0,0.0125,L:en,1.0,128.54,64.555,0.6657264660519943,0.33145293210398835,0.41398786075836347,0.12034343115898459,0,0,121.20010005002501,150.78389194597298,135.84142071035518
qwen,mmlu,EN+RU,L:en,L:ru,L,False,1,blind,all,2000,442,0.7775,0.7335,0.221,0.8009049773755657,0.4004524886877828,0.0,0.0,0.7775,0.24858757062146886,0.0,0.0,L:en,1.0,110.27,66.845,0.6227916124983909,0.2455832249967817,0.2455832249967817,-2.542002895779482e-17,0,0,121.2345,153.192,0.0
qwen,mmlu,EN+RU,L:en,L:ru,L,False,1,blind,both_answered,2000,442,0.7775,0.7335,0.221,0.8009049773755657,0.4004524886877828,0.0,0.0,0.7775,0.24858757062146886,0.0,0.0,L:en,1.0,110.27,66.845,0.6227916124983909,0.2455832249967817,0.2455832249967817,-2.542002895779482e-17,0,0,121.2345,153.192,0.0
qwen,mmlu,EN+RU,L:en,L:ru,L,False,1,debate,all,2000,442,0.7775,0.7335,0.221,0.8009049773755657,0.4004524886877828,0.0,0.0,0.7915,0.40677966101694907,0.0,0.01583710407239819,L:en,1.0,110.27,66.845,0.6227916124983909,0.2455832249967817,0.40891073270940026,0.21371459173395121,0,0,121.2345,153.192,123.776
qwen,mmlu,EN+RU,L:en,L:ru,L,False,1,debate,both_answered,2000,442,0.7775,0.7335,0.221,0.8009049773755657,0.4004524886877828,0.0,0.0,0.7915,0.40677966101694907,0.0,0.01583710407239819,L:en,1.0,110.27,66.845,0.6227916124983909,0.2455832249967817,0.40891073270940026,0.21371459173395121,0,0,121.2345,153.192,123.776
qwen,mmlu,EN+ES,L:en,L:es,L,False,1,blind,all,2000,399,0.7775,0.734,0.1995,0.8195488721804511,0.40977443609022557,0.0,0.0,0.7775,0.2660550458715597,0.0,0.0,L:en,1.0,103.56,60.44,0.6316560406799963,0.26331208135999246,0.26331208135999246,6.669144093171347e-18,0,0,121.2345,148.4155,0.0
qwen,mmlu,EN+ES,L:en,L:es,L,False,1,blind,both_answered,2000,399,0.7775,0.734,0.1995,0.8195488721804511,0.40977443609022557,0.0,0.0,0.7775,0.2660550458715597,0.0,0.0,L:en,1.0,103.56,60.44,0.6316560406799963,0.26331208135999246,0.26331208135999246,6.669144093171347e-18,0,0,121.2345,148.4155,0.0
qwen,mmlu,EN+ES,L:en,L:es,L,False,1,debate,all,2000,399,0.7775,0.734,0.1995,0.8195488721804511,0.40977443609022557,0.0,0.0,0.7875,0.3883792048929664,0.0,0.012531328320802004,L:en,1.0,103.56,60.44,0.6316560406799963,0.26331208135999246,0.3923316899589828,0.1716198383053416,0,0,121.2345,148.4155,112.457
qwen,mmlu,EN+ES,L:en,L:es,L,False,1,debate,both_answered,2000,399,0.7775,0.734,0.1995,0.8195488721804511,0.40977443609022557,0.0,0.0,0.7875,0.3883792048929664,0.0,0.012531328320802004,L:en,1.0,103.56,60.44,0.6316560406799963,0.26331208135999246,0.3923316899589828,0.1716198383053416,0,0,121.2345,148.4155,112.457
qwen,mmlu,ZH+JA,L:zh,L:ja,L,True,0,blind,all,2000,539,0.7315,0.713,0.2695,0.75139146567718,0.37569573283859,0.0,0.0004999999999999449,0.7315,0.091358024691358,0.0,0.0,L:zh,0.985,109.64,92.76,0.5417996340209419,0.08359926804188392,0.08359926804188392,5.721896544251676e-18,0,0,108.482,150.782,0.0
qwen,mmlu,ZH+JA,L:zh,L:ja,L,True,0,blind,both_answered,1999,538,0.7318659329664833,0.7133566783391696,0.2691345672836418,0.7527881040892194,0.3763940520446097,0.0,0.0,0.7318659329664833,0.09135802469135794,0.0,0.0,L:zh,0.955,108.8,94.57,0.5350757840414083,0.07015156808281665,0.07015156808281665,-7.44914319833518e-18,0,0,108.47573786893447,150.78389194597298,0.0
qwen,mmlu,ZH+JA,L:zh,L:ja,L,True,0,judge,all,2000,539,0.7315,0.713,0.2695,0.75139146567718,0.37569573283859,0.0,0.0004999999999999449,0.7675,0.4469135802469137,0.0037105751391465678,0.04452690166975881,L:zh,0.985,109.64,92.76,0.5417996340209419,0.08359926804188392,0.44411479270233045,0.39154762508699165,0,0,108.482,150.782,33.105
qwen,mmlu,ZH+JA,L:zh,L:ja,L,True,0,judge,both_answered,1999,538,0.7318659329664833,0.7133566783391696,0.2691345672836418,0.7527881040892194,0.3763940520446097,0.0,0.0,0.7678839419709855,0.4469135802469136,0.0018587360594795538,0.04460966542750929,L:zh,0.955,108.8,94.57,0.5350757840414083,0.07015156808281665,0.4466677259329447,0.40162710180400185,0,0,108.47573786893447,150.78389194597298,33.051025512756375
qwen,mmlu,ZH+JA,L:zh,L:ja,L,True,0,debate,all,2000,539,0.7315,0.713,0.2695,0.75139146567718,0.37569573283859,0.0,0.0004999999999999449,0.758,0.35308641975308636,0.0,0.03525046382189239,L:zh,0.985,109.64,92.76,0.5417996340209419,0.08359926804188392,0.3474253290591416,0.28587309803440625,0,0,108.482,150.782,144.7995
qwen,mmlu,ZH+JA,L:zh,L:ja,L,True,0,debate,both_answered,1999,538,0.7318659329664833,0.7133566783391696,0.2691345672836418,0.7527881040892194,0.3763940520446097,0.0,0.0,0.7583791895947974,0.3530864197530863,0.0,0.03531598513011153,L:zh,0.955,108.8,94.57,0.5350757840414083,0.07015156808281665,0.3483928409702041,0.2951416327845034,0,0,108.47573786893447,150.78389194597298,144.45072536268134
qwen,mmlu,ZH+RU,L:zh,L:ru,L,True,0,blind,all,2000,505,0.7315,0.7335,0.2525,0.7524752475247525,0.37623762376237624,0.0,0.0,0.7335,0.010526315789473694,0.0,0.0,L:ru,0.56,91.275,98.47,0.4810821161872659,-0.037835767625468385,-0.037835767625468385,-4.62980967667343e-19,0,0,108.482,153.192,0.0
qwen,mmlu,ZH+RU,L:zh,L:ru,L,True,0,blind,both_answered,2000,505,0.7315,0.7335,0.2525,0.7524752475247525,0.37623762376237624,0.0,0.0,0.7335,0.010526315789473694,0.0,0.0,L:ru,0.56,91.275,98.47,0.4810821161872659,-0.037835767625468385,-0.037835767625468385,-4.62980967667343e-19,0,0,108.482,153.192,0.0
qwen,mmlu,ZH+RU,L:zh,L:ru,L,True,0,debate,all,2000,505,0.7315,0.7335,0.2525,0.7524752475247525,0.37623762376237624,0.0,0.0,0.7675,0.368421052631579,0.0,0.019801980198019802,L:ru,0.56,91.275,98.47,0.4810821161872659,-0.037835767625468385,0.3680122532581382,0.3904344036649959,0,0,108.482,153.192,136.2555
qwen,mmlu,ZH+RU,L:zh,L:ru,L,True,0,debate,both_answered,2000,505,0.7315,0.7335,0.2525,0.7524752475247525,0.37623762376237624,0.0,0.0,0.7675,0.368421052631579,0.0,0.019801980198019802,L:ru,0.56,91.275,98.47,0.4810821161872659,-0.037835767625468385,0.3680122532581382,0.3904344036649959,0,0,108.482,153.192,136.2555
qwen,mmlu,ZH+ES,L:zh,L:es,L,True,0,blind,all,2000,490,0.7315,0.734,0.245,0.7653061224489796,0.3826530612244898,0.0,0.0,0.734,0.013333333333333348,0.0,0.0,L:es,0.575,90.365,96.885,0.4826510563205044,-0.034697887358991125,-0.034697887358991125,1.7828898357506907e-18,0,0,108.482,148.4155,0.0
qwen,mmlu,ZH+ES,L:zh,L:es,L,True,0,blind,both_answered,2000,490,0.7315,0.734,0.245,0.7653061224489796,0.3826530612244898,0.0,0.0,0.734,0.013333333333333348,0.0,0.0,L:es,0.575,90.365,96.885,0.4826510563205044,-0.034697887358991125,-0.034697887358991125,1.7828898357506907e-18,0,0,108.482,148.4155,0.0
qwen,mmlu,ZH+ES,L:zh,L:es,L,True,0,debate,all,2000,490,0.7315,0.734,0.245,0.7653061224489796,0.3826530612244898,0.0,0.0,0.761,0.30133333333333334,0.0,0.0163265306122449,L:es,0.575,90.365,96.885,0.4826510563205044,-0.034697887358991125,0.301241574409572,0.324005520685825,0,0,108.482,148.4155,135.456
qwen,mmlu,ZH+ES,L:zh,L:es,L,True,0,debate,both_answered,2000,490,0.7315,0.734,0.245,0.7653061224489796,0.3826530612244898,0.0,0.0,0.761,0.30133333333333334,0.0,0.0163265306122449,L:es,0.575,90.365,96.885,0.4826510563205044,-0.034697887358991125,0.301241574409572,0.324005520685825,0,0,108.482,148.4155,135.456
qwen,mmlu,JA+RU,L:ja,L:ru,L,True,0,blind,all,2000,546,0.713,0.7335,0.273,0.7747252747252747,0.3873626373626374,0.0004999999999999449,0.0,0.7335,0.09692671394799049,0.0,0.0,L:ru,0.965,114.395,96.66,0.542075339739315,0.08415067947863016,0.08415067947863016,-5.824260184842849e-19,0,0,150.782,153.192,0.0
qwen,mmlu,JA+RU,L:ja,L:ru,L,True,0,blind,both_answered,1999,545,0.7133566783391696,0.7333666833416709,0.2726363181590795,0.7743119266055046,0.3871559633027523,0.0,0.0,0.7333666833416709,0.0947867298578199,0.0,0.0,L:ru,0.965,114.165,96.92,0.5409775811534421,0.08195516230688402,0.08195516230688402,-6.925474893800167e-18,0,0,150.78389194597298,153.1910955477739,0.0
qwen,mmlu,JA+RU,L:ja,L:ru,L,True,0,debate,all,2000,546,0.713,0.7335,0.273,0.7747252747252747,0.3873626373626374,0.0004999999999999449,0.0,0.7635,0.38061465721040183,0.0018315018315018315,0.04212454212454213,L:ru,0.965,114.395,96.66,0.542075339739315,0.08415067947863016,0.3826023468638239,0.322327828931588,0,0,150.782,153.192,182.815
qwen,mmlu,JA+RU,L:ja,L:ru,L,True,0,debate,both_answered,1999,545,0.7133566783391696,0.7333666833416709,0.2726363181590795,0.7743119266055046,0.3871559633027523,0.0,0.0,0.7638819409704852,0.38388625592417064,0.0,0.04220183486238532,L:ru,0.965,114.165,96.92,0.5409775811534421,0.08195516230688402,0.3815190413064634,0.32319228697282737,0,0,150.78389194597298,153.1910955477739,182.47323661830916
qwen,mmlu,JA+ES,L:ja,L:es,L,True,0,blind,all,2000,522,0.713,0.734,0.261,0.7854406130268199,0.39272030651340994,0.0004999999999999449,0.0,0.734,0.10243902439024392,0.0,0.0,L:es,0.985,112.22,92.4,0.5484582184796913,0.09691643695938282,0.09691643695938282,7.609531415987647e-18,0,0,150.782,148.4155,0.0
qwen,mmlu,JA+ES,L:ja,L:es,L,True,0,blind,both_answered,1999,521,0.7133566783391696,0.7338669334667334,0.2606303151575788,0.7850287907869482,0.3925143953934741,0.0,0.0,0.7338669334667334,0.10024449877750606,0.0,0.0,L:es,0.98,111.92,92.785,0.5470384022262903,0.09407680445258043,0.09407680445258045,1.582329871046449e-17,0,0,150.78389194597298,148.40170085042521,0.0
qwen,mmlu,JA+ES,L:ja,L:es,L,True,0,debate,all,2000,522,0.713,0.734,0.261,0.7854406130268199,0.39272030651340994,0.0004999999999999449,0.0,0.7625,0.3804878048780489,0.0019157088122605363,0.01532567049808429,L:es,0.985,112.22,92.4,0.5484582184796913,0.09691643695938282,0.3784812306763267,0.30875438817467127,0,0,150.782,148.4155,177.2675
qwen,mmlu,JA+ES,L:ja,L:es,L,True,0,debate,both_answered,1999,521,0.7133566783391696,0.7338669334667334,0.2606303151575788,0.7850287907869482,0.3925143953934741,0.0,0.0,0.7628814407203601,0.38386308068459646,0.0,0.015355086372360844,L:es,0.98,111.92,92.785,0.5470384022262903,0.09407680445258043,0.38273974023068985,0.31556686137200285,0,0,150.78389194597298,148.40170085042521,177.21560780390195
qwen,mmlu,RU+ES,L:ru,L:es,L,True,0,blind,all,2000,450,0.7335,0.734,0.225,0.7933333333333333,0.39666666666666667,0.0,0.0,0.734,0.00280112044817929,0.0,0.0,L:es,0.52,85.375,93.05,0.4785360090985494,-0.04292798180290126,-0.04292798180290127,-3.348817353566091e-18,0,0,153.192,148.4155,0.0
qwen,mmlu,RU+ES,L:ru,L:es,L,True,0,blind,both_answered,2000,450,0.7335,0.734,0.225,0.7933333333333333,0.39666666666666667,0.0,0.0,0.734,0.00280112044817929,0.0,0.0,L:es,0.52,85.375,93.05,0.4785360090985494,-0.04292798180290126,-0.04292798180290127,-3.348817353566091e-18,0,0,153.192,148.4155,0.0
qwen,mmlu,RU+ES,L:ru,L:es,L,True,0,debate,all,2000,450,0.7335,0.734,0.225,0.7933333333333333,0.39666666666666667,0.0,0.0,0.7615,0.3109243697478992,0.0,0.03777777777777778,L:es,0.52,85.375,93.05,0.4785360090985494,-0.04292798180290126,0.30849641791890065,0.33647597493561354,0,0,153.192,148.4155,145.4975
qwen,mmlu,RU+ES,L:ru,L:es,L,True,0,debate,both_answered,2000,450,0.7335,0.734,0.225,0.7933333333333333,0.39666666666666667,0.0,0.0,0.7615,0.3109243697478992,0.0,0.03777777777777778,L:es,0.52,85.375,93.05,0.4785360090985494,-0.04292798180290126,0.30849641791890065,0.33647597493561354,0,0,153.192,148.4155,145.4975
qwen,mmlu,EN+S1,L:en,S:T1.0:seed1,S,False,2,blind,all,2000,194,0.7775,0.7725,0.097,0.7628865979381443,0.38144329896907214,0.0,0.0,0.7775,0.06756756756756763,0.0,0.0,L:en,0.825,37.165,37.255,0.49969557727558483,-0.0006088454488303729,-0.000608845448830363,9.642953491684228e-18,0,0,121.2345,122.0815,0.0
qwen,mmlu,EN+S1,L:en,S:T1.0:seed1,S,False,2,blind,both_answered,2000,194,0.7775,0.7725,0.097,0.7628865979381443,0.38144329896907214,0.0,0.0,0.7775,0.06756756756756763,0.0,0.0,L:en,0.825,37.165,37.255,0.49969557727558483,-0.0006088454488303729,-0.000608845448830363,9.642953491684228e-18,0,0,121.2345,122.0815,0.0
qwen,mmlu,EN+S1,L:en,S:T1.0:seed1,S,False,2,judge,all,2000,194,0.7775,0.7725,0.097,0.7628865979381443,0.38144329896907214,0.0,0.0,0.7865,0.3108108108108109,0.005154639175257732,0.02577319587628866,L:en,0.825,37.165,37.255,0.49969557727558483,-0.0006088454488303729,0.3119093838516529,0.30656040336113494,0,0,121.2345,122.0815,13.495
qwen,mmlu,EN+S1,L:en,S:T1.0:seed1,S,False,2,judge,both_answered,2000,194,0.7775,0.7725,0.097,0.7628865979381443,0.38144329896907214,0.0,0.0,0.7865,0.3108108108108109,0.005154639175257732,0.02577319587628866,L:en,0.825,37.165,37.255,0.49969557727558483,-0.0006088454488303729,0.3119093838516529,0.30656040336113494,0,0,121.2345,122.0815,13.495
qwen,mmlu,EN+S1,L:en,S:T1.0:seed1,S,False,2,debate,all,2000,194,0.7775,0.7725,0.097,0.7628865979381443,0.38144329896907214,0.0,0.0,0.7895,0.391891891891892,0.0,0.010309278350515464,L:en,0.825,37.165,37.255,0.49969557727558483,-0.0006088454488303729,0.39832709785935266,0.39329319364196935,0,0,121.2345,122.0815,51.0715
qwen,mmlu,EN+S1,L:en,S:T1.0:seed1,S,False,2,debate,both_answered,2000,194,0.7775,0.7725,0.097,0.7628865979381443,0.38144329896907214,0.0,0.0,0.7895,0.391891891891892,0.0,0.010309278350515464,L:en,0.825,37.165,37.255,0.49969557727558483,-0.0006088454488303729,0.39832709785935266,0.39329319364196935,0,0,121.2345,122.0815,51.0715
qwen,mmlu,S1+S2,S:T1.0:seed1,S:T1.0:seed2,S,True,2,blind,all,2000,199,0.7725,0.7745,0.0995,0.7839195979899497,0.39195979899497485,0.0,0.0,0.7745,0.025641025641025755,0.0,0.0,S:T1.0:seed2,0.645,37.135,41.08,0.4746627535832663,-0.0506744928334673,-0.05067449283346729,6.5948962495362925e-18,0,0,122.0815,122.147,0.0
qwen,mmlu,S1+S2,S:T1.0:seed1,S:T1.0:seed2,S,True,2,blind,both_answered,2000,199,0.7725,0.7745,0.0995,0.7839195979899497,0.39195979899497485,0.0,0.0,0.7745,0.025641025641025755,0.0,0.0,S:T1.0:seed2,0.645,37.135,41.08,0.4746627535832663,-0.0506744928334673,-0.05067449283346729,6.5948962495362925e-18,0,0,122.0815,122.147,0.0
qwen,mmlu,S1+S2,S:T1.0:seed1,S:T1.0:seed2,S,True,2,judge,all,2000,199,0.7725,0.7745,0.0995,0.7839195979899497,0.39195979899497485,0.0,0.0,0.7805,0.17948717948717957,0.0,0.020100502512562814,S:T1.0:seed2,0.645,37.135,41.08,0.4746627535832663,-0.0506744928334673,0.17837862763131482,0.21480815205888004,0,0,122.0815,122.147,13.8325
qwen,mmlu,S1+S2,S:T1.0:seed1,S:T1.0:seed2,S,True,2,judge,both_answered,2000,199,0.7725,0.7745,0.0995,0.7839195979899497,0.39195979899497485,0.0,0.0,0.7805,0.17948717948717957,0.0,0.020100502512562814,S:T1.0:seed2,0.645,37.135,41.08,0.4746627535832663,-0.0506744928334673,0.17837862763131482,0.21480815205888004,0,0,122.0815,122.147,13.8325
qwen,mmlu,EN+P1,L:en,P:expert,P,False,2,blind,all,2000,205,0.7775,0.787,0.1025,0.7560975609756098,0.3780487804878049,0.0,0.0004999999999999449,0.787,0.12258064516129029,0.004878048780487805,0.0,P:expert,0.9299999999999999,41.965,35.545,0.5410365392948655,0.08207307858973131,0.08207307858973131,5.253003828149931e-18,0,0,121.2345,133.3925,0.0
qwen,mmlu,EN+P1,L:en,P:expert,P,False,2,blind,both_answered,1999,204,0.7778889444722361,0.7873936968484242,0.10205102551275638,0.7598039215686274,0.3799019607843137,0.0,0.0,0.7873936968484242,0.12258064516129033,0.0,0.0,P:expert,0.945,42.49,35.265,0.5465553687009936,0.09311073740198739,0.0931107374019874,9.627758493710256e-18,0,0,121.26113056528264,129.36118059029513,0.0
qwen,mmlu,EN+P1,L:en,P:expert,P,False,2,judge,all,2000,205,0.7775,0.787,0.1025,0.7560975609756098,0.3780487804878049,0.0,0.0004999999999999449,0.7915,0.2387096774193549,0.0,0.024390243902439025,P:expert,0.9299999999999999,41.965,35.545,0.5410365392948655,0.08207307858973131,0.24729570357103342,0.1665542185642332,0,0,121.2345,133.3925,14.575
qwen,mmlu,EN+P1,L:en,P:expert,P,False,2,judge,both_answered,1999,204,0.7778889444722361,0.7873936968484242,0.10205102551275638,0.7598039215686274,0.3799019607843137,0.0,0.0,0.791895947973987,0.23870967741935487,0.0,0.024509803921568627,P:expert,0.945,42.49,35.265,0.5465553687009936,0.09311073740198739,0.24595524146211167,0.15697063270671635,0,0,121.26113056528264,129.36118059029513,14.554277138569285
qwen,mmlu,P1+P2,P:expert,P:skeptic,P,True,2,blind,all,2000,181,0.787,0.7765,0.0905,0.7679558011049724,0.3839779005524862,0.0004999999999999449,0.0010000000000000009,0.787,0.15107913669064738,0.0055248618784530384,0.0,P:expert,0.96,38.84,30.5,0.560358069868863,0.12071613973772621,0.12071613973772623,5.45513731360586e-18,0,0,133.3925,136.02,0.0
qwen,mmlu,P1+P2,P:expert,P:skeptic,P,True,2,blind,both_answered,1997,178,0.7871807711567351,0.7776664997496244,0.08913370055082624,0.7696629213483146,0.3848314606741573,0.0,0.0,0.7871807711567351,0.13868613138686137,0.0,0.0,P:expert,0.96,38.21,30.52,0.555997355790457,0.11199471158091413,0.11199471158091413,7.098754760400162e-18,0,0,129.3765648472709,136.14822233350026,0.0
qwen,mmlu,P1+P2,P:expert,P:skeptic,P,True,2,judge,all,2000,181,0.787,0.7765,0.0905,0.7679558011049724,0.3839779005524862,0.0004999999999999449,0.0010000000000000009,0.787,0.15107913669064738,0.0055248618784530384,0.011049723756906077,P:expert,0.96,38.84,30.5,0.560358069868863,0.12071613973772621,0.15425659556448262,0.02283481287202437,0,0,133.3925,136.02,12.052
qwen,mmlu,P1+P2,P:expert,P:skeptic,P,True,2,judge,both_answered,1997,178,0.7871807711567351,0.7776664997496244,0.08913370055082624,0.7696629213483146,0.3848314606741573,0.0,0.0,0.7876815222834251,0.15328467153284667,0.0,0.011235955056179775,P:expert,0.96,38.21,30.52,0.555997355790457,0.11199471158091413,0.15598723531284686,0.034634582102434405,0,0,129.3765648472709,136.14822233350026,11.922383575363044
qwen,mmlu,P1+P2,P:expert,P:skeptic,P,True,2,debate,all,2000,181,0.787,0.7765,0.0905,0.7679558011049724,0.3839779005524862,0.0004999999999999449,0.0010000000000000009,0.7945,0.3669064748201438,0.0055248618784530384,0.011049723756906077,P:expert,0.96,38.84,30.5,0.560358069868863,0.12071613973772621,0.3595151445192215,0.2598658396099278,0,0,133.3925,136.02,50.2255
qwen,mmlu,P1+P2,P:expert,P:skeptic,P,True,2,debate,both_answered,1997,178,0.7871807711567351,0.7776664997496244,0.08913370055082624,0.7696629213483146,0.3848314606741573,0.0,0.0,0.7951927891837757,0.3722627737226276,0.0,0.011235955056179775,P:expert,0.96,38.21,30.52,0.555997355790457,0.11199471158091413,0.3636232318393116,0.2727275998592846,0,0,129.3765648472709,136.14822233350026,50.036054081121684
qwen,mmlu,EN+W1,L:en,W:rewrite1,W,False,2,blind,all,2000,281,0.7775,0.7805,0.1405,0.8113879003558719,0.40569395017793597,0.0,0.0,0.7805,0.026315789473684126,0.0,0.0,W:rewrite1,0.625,54.905,59.515,0.4798075391092266,-0.04038492178154685,-0.04038492178154685,-1.2006673543620566e-18,0,0,121.2345,123.8575,0.0
qwen,mmlu,EN+W1,L:en,W:rewrite1,W,False,2,blind,both_answered,2000,281,0.7775,0.7805,0.1405,0.8113879003558719,0.40569395017793597,0.0,0.0,0.7805,0.026315789473684126,0.0,0.0,W:rewrite1,0.625,54.905,59.515,0.4798075391092266,-0.04038492178154685,-0.04038492178154685,-1.2006673543620566e-18,0,0,121.2345,123.8575,0.0
qwen,mmlu,EN+W1,L:en,W:rewrite1,W,False,2,judge,all,2000,281,0.7775,0.7805,0.1405,0.8113879003558719,0.40569395017793597,0.0,0.0,0.7965,0.3070175438596489,0.0,0.010676156583629894,W:rewrite1,0.625,54.905,59.515,0.4798075391092266,-0.04038492178154685,0.3143138274504155,0.33873793296351806,0,0,121.2345,123.8575,18.5945
qwen,mmlu,EN+W1,L:en,W:rewrite1,W,False,2,judge,both_answered,2000,281,0.7775,0.7805,0.1405,0.8113879003558719,0.40569395017793597,0.0,0.0,0.7965,0.3070175438596489,0.0,0.010676156583629894,W:rewrite1,0.625,54.905,59.515,0.4798075391092266,-0.04038492178154685,0.3143138274504155,0.33873793296351806,0,0,121.2345,123.8575,18.5945
qwen,mmlu,W1+W2,W:rewrite1,W:rewrite2,W,True,2,blind,all,2000,261,0.7805,0.777,0.1305,0.8007662835249042,0.4003831417624521,0.0,0.0004999999999999449,0.7805,0.033492822966507185,0.0,0.0,W:rewrite1,0.69,50.65,54.31,0.4826737910314254,-0.034652417937149224,-0.03465241793714923,-6.633840403818161e-18,0,0,123.8575,124.3575,0.0
qwen,mmlu,W1+W2,W:rewrite1,W:rewrite2,W,True,2,blind,both_answered,1999,260,0.7803901950975488,0.7773886943471736,0.13006503251625812,0.8,0.4,0.0,0.0,0.7803901950975488,0.028846153846153744,0.0,0.0,W:rewrite1,0.635,50.09,53.89,0.48189801957222117,-0.0362039608555576,-0.036203960855557604,-1.666643308315922e-18,0,0,123.83941970985492,124.41970985492746,0.0
qwen,mmlu,W1+W2,W:rewrite1,W:rewrite2,W,True,2,judge,all,2000,261,0.7805,0.777,0.1305,0.8007662835249042,0.4003831417624521,0.0,0.0004999999999999449,0.79,0.215311004784689,0.0038314176245210726,0.02681992337164751,W:rewrite1,0.69,50.65,54.31,0.4826737910314254,-0.034652417937149224,0.22256163559040895,0.24479922263811388,0,0,123.8575,124.3575,17.165
qwen,mmlu,W1+W2,W:rewrite1,W:rewrite2,W,True,2,judge,both_answered,1999,260,0.7803901950975488,0.7773886943471736,0.13006503251625812,0.8,0.4,0.0,0.0,0.7903951975987994,0.22115384615384606,0.0,0.026923076923076925,W:rewrite1,0.635,50.09,53.89,0.48189801957222117,-0.0362039608555576,0.2268235689872986,0.25049233396500464,0,0,123.83941970985492,124.41970985492746,17.173586793396698
qwen,mmlu,EN+R,L:en,R:short_cot,R,False,2,blind,all,2000,223,0.7775,0.7655,0.1115,0.7533632286995515,0.37668161434977576,0.0,0.0,0.7775,0.142857142857143,0.0,0.0,L:en,0.985,47.81,36.725,0.5660691111713058,0.13213822234261152,0.13213822234261155,-4.535657002399125e-18,0,0,121.2345,70.8995,0.0
qwen,mmlu,EN+R,L:en,R:short_cot,R,False,2,blind,both_answered,2000,223,0.7775,0.7655,0.1115,0.7533632286995515,0.37668161434977576,0.0,0.0,0.7775,0.142857142857143,0.0,0.0,L:en,0.985,47.81,36.725,0.5660691111713058,0.13213822234261152,0.13213822234261155,-4.535657002399125e-18,0,0,121.2345,70.8995,0.0
qwen,mmlu,EN+R,L:en,R:short_cot,R,False,2,judge,all,2000,223,0.7775,0.7655,0.1115,0.7533632286995515,0.37668161434977576,0.0,0.0,0.7855,0.3333333333333334,0.0,0.017937219730941704,L:en,0.985,47.81,36.725,0.5660691111713058,0.13213822234261152,0.3370099918045948,0.22934943660828686,0,0,121.2345,70.8995,13.5105
qwen,mmlu,EN+R,L:en,R:short_cot,R,False,2,judge,both_answered,2000,223,0.7775,0.7655,0.1115,0.7533632286995515,0.37668161434977576,0.0,0.0,0.7855,0.3333333333333334,0.0,0.017937219730941704,L:en,0.985,47.81,36.725,0.5660691111713058,0.13213822234261152,0.3370099918045948,0.22934943660828686,0,0,121.2345,70.8995,13.5105
qwen,mmlu,EN+SR-EN,L:en,F:en,F,False,2,blind,all,2000,20,0.7775,0.782,0.01,0.65,0.325,0.0,0.0,0.782,0.6923076923076924,0.0,0.0,F:en,1.0,5.42,1.065,0.8314933261183262,0.6629866522366522,0.6629866522366522,-1.3663624415718578e-17,0,38,121.2345,94.745,0.0
qwen,mmlu,EN+SR-EN,L:en,F:en,F,False,2,blind,both_answered,2000,20,0.7775,0.782,0.01,0.65,0.325,0.0,0.0,0.782,0.6923076923076924,0.0,0.0,F:en,1.0,5.42,1.065,0.8314933261183262,0.6629866522366522,0.6629866522366522,-1.3663624415718578e-17,0,38,121.2345,94.745,0.0
qwen,mmlu,EN+SR-EN,L:en,F:en,F,False,2,judge,all,2000,20,0.7775,0.782,0.01,0.65,0.325,0.0,0.0,0.7815,0.5384615384615384,0.0,0.0,F:en,1.0,5.42,1.065,0.8314933261183262,0.6629866522366522,0.5106608946608947,-0.4228395061728395,0,38,121.2345,94.745,1.211
qwen,mmlu,EN+SR-EN,L:en,F:en,F,False,2,judge,both_answered,2000,20,0.7775,0.782,0.01,0.65,0.325,0.0,0.0,0.7815,0.5384615384615384,0.0,0.0,F:en,1.0,5.42,1.065,0.8314933261183262,0.6629866522366522,0.5106608946608947,-0.4228395061728395,0,38,121.2345,94.745,1.211
qwen,mmlu,ZH+SR-ZH,L:zh,F:zh,F,False,0,blind,all,2000,67,0.7315,0.736,0.0335,0.7611940298507462,0.3805970149253731,0.0,0.0,0.736,0.17647058823529418,0.0,0.0,F:zh,0.87,13.74,11.81,0.5387787530251356,0.07755750605027126,0.07755750605027126,-2.5767444359970306e-18,0,0,108.482,76.3635,0.0
qwen,mmlu,ZH+SR-ZH,L:zh,F:zh,F,False,0,blind,both_answered,2000,67,0.7315,0.736,0.0335,0.7611940298507462,0.3805970149253731,0.0,0.0,0.736,0.17647058823529418,0.0,0.0,F:zh,0.87,13.74,11.81,0.5387787530251356,0.07755750605027126,0.07755750605027126,-2.5767444359970306e-18,0,0,108.482,76.3635,0.0
qwen,mmlu,ZH+SR-ZH,L:zh,F:zh,F,False,0,judge,all,2000,67,0.7315,0.736,0.0335,0.7611940298507462,0.3805970149253731,0.0,0.0,0.7385,0.37254901960784303,0.0,0.04477611940298507,F:zh,0.87,13.74,11.81,0.5387787530251356,0.07755750605027126,0.39322040152519583,0.3115293896634841,0,0,108.482,76.3635,3.8195
qwen,mmlu,ZH+SR-ZH,L:zh,F:zh,F,False,0,judge,both_answered,2000,67,0.7315,0.736,0.0335,0.7611940298507462,0.3805970149253731,0.0,0.0,0.7385,0.37254901960784303,0.0,0.04477611940298507,F:zh,0.87,13.74,11.81,0.5387787530251356,0.07755750605027126,0.39322040152519583,0.3115293896634841,0,0,108.482,76.3635,3.8195
qwen,mathqa,EN+ZH,L:en,L:zh,L,False,1,blind,all,2000,377,0.8135,0.772,0.1885,0.7506631299734748,0.3753315649867374,0.0,0.0,0.8135,0.29328621908127206,0.0,0.0,L:en,1.0,91.135,49.81,0.646590788412029,0.2931815768240582,0.2931815768240582,9.019009474421996e-18,0,0,205.016,174.5385,0.0
qwen,mathqa,EN+ZH,L:en,L:zh,L,False,1,blind,both_answered,2000,377,0.8135,0.772,0.1885,0.7506631299734748,0.3753315649867374,0.0,0.0,0.8135,0.29328621908127206,0.0,0.0,L:en,1.0,91.135,49.81,0.646590788412029,0.2931815768240582,0.2931815768240582,9.019009474421996e-18,0,0,205.016,174.5385,0.0
qwen,mathqa,EN+ZH,L:en,L:zh,L,False,1,judge,all,2000,377,0.8135,0.772,0.1885,0.7506631299734748,0.3753315649867374,0.0,0.0,0.827,0.4840989399293285,0.0,0.03978779840848806,L:en,1.0,91.135,49.81,0.646590788412029,0.2931815768240582,0.4855039443705989,0.2680702096908341,0,0,205.016,174.5385,34.0785
qwen,mathqa,EN+ZH,L:en,L:zh,L,False,1,judge,both_answered,2000,377,0.8135,0.772,0.1885,0.7506631299734748,0.3753315649867374,0.0,0.0,0.827,0.4840989399293285,0.0,0.03978779840848806,L:en,1.0,91.135,49.81,0.646590788412029,0.2931815768240582,0.4855039443705989,0.2680702096908341,0,0,205.016,174.5385,34.0785
qwen,mathqa,EN+ZH,L:en,L:zh,L,False,1,debate,all,2000,377,0.8135,0.772,0.1885,0.7506631299734748,0.3753315649867374,0.0,0.0,0.8275,0.4911660777385159,0.0,0.04774535809018567,L:en,1.0,91.135,49.81,0.646590788412029,0.2931815768240582,0.49398545378275743,0.27846504245950465,0,0,205.016,174.5385,114.005
qwen,mathqa,EN+ZH,L:en,L:zh,L,False,1,debate,both_answered,2000,377,0.8135,0.772,0.1885,0.7506631299734748,0.3753315649867374,0.0,0.0,0.8275,0.4911660777385159,0.0,0.04774535809018567,L:en,1.0,91.135,49.81,0.646590788412029,0.2931815768240582,0.49398545378275743,0.27846504245950465,0,0,205.016,174.5385,114.005
qwen,mathqa,EN+JA,L:en,L:ja,L,False,1,blind,all,2000,428,0.8135,0.7725,0.214,0.8130841121495327,0.40654205607476634,0.0,0.0,0.8135,0.23563218390804608,0.0,0.0,L:en,1.0,107.395,66.46,0.6176277457448686,0.23525549148973723,0.23525549148973723,1.1026547169426859e-17,0,0,205.016,219.51,0.0
qwen,mathqa,EN+JA,L:en,L:ja,L,False,1,blind,both_answered,2000,428,0.8135,0.7725,0.214,0.8130841121495327,0.40654205607476634,0.0,0.0,0.8135,0.23563218390804608,0.0,0.0,L:en,1.0,107.395,66.46,0.6176277457448686,0.23525549148973723,0.23525549148973723,1.1026547169426859e-17,0,0,205.016,219.51,0.0
qwen,mathqa,EN+JA,L:en,L:ja,L,False,1,judge,all,2000,428,0.8135,0.7725,0.214,0.8130841121495327,0.40654205607476634,0.0,0.0,0.8375,0.5114942528735633,0.0,0.02102803738317757,L:en,1.0,107.395,66.46,0.6176277457448686,0.23525549148973723,0.5122508247723294,0.36141906155591413,0,0,205.016,219.51,38.7995
qwen,mathqa,EN+JA,L:en,L:ja,L,False,1,judge,both_answered,2000,428,0.8135,0.7725,0.214,0.8130841121495327,0.40654205607476634,0.0,0.0,0.8375,0.5114942528735633,0.0,0.02102803738317757,L:en,1.0,107.395,66.46,0.6176277457448686,0.23525549148973723,0.5122508247723294,0.36141906155591413,0,0,205.016,219.51,38.7995
qwen,mathqa,EN+JA,L:en,L:ja,L,False,1,debate,all,2000,428,0.8135,0.7725,0.214,0.8130841121495327,0.40654205607476634,0.0,0.0,0.843,0.574712643678161,0.0,0.02570093457943925,L:en,1.0,107.395,66.46,0.6176277457448686,0.23525549148973723,0.5713990170854693,0.43802425618910895,0,0,205.016,219.51,136.557
qwen,mathqa,EN+JA,L:en,L:ja,L,False,1,debate,both_answered,2000,428,0.8135,0.7725,0.214,0.8130841121495327,0.40654205607476634,0.0,0.0,0.843,0.574712643678161,0.0,0.02570093457943925,L:en,1.0,107.395,66.46,0.6176277457448686,0.23525549148973723,0.5713990170854693,0.43802425618910895,0,0,205.016,219.51,136.557
qwen,mathqa,EN+RU,L:en,L:ru,L,False,1,blind,all,2000,372,0.8135,0.807,0.186,0.7661290322580645,0.38306451612903225,0.0,0.0,0.8135,0.04561403508771926,0.0,0.0,L:en,0.75,69.91,72.41,0.49103544955563416,-0.017929100888731647,-0.017929100888731647,1.6792387565278265e-18,0,0,205.016,232.4975,0.0
qwen,mathqa,EN+RU,L:en,L:ru,L,False,1,blind,both_answered,2000,372,0.8135,0.807,0.186,0.7661290322580645,0.38306451612903225,0.0,0.0,0.8135,0.04561403508771926,0.0,0.0,L:en,0.75,69.91,72.41,0.49103544955563416,-0.017929100888731647,-0.017929100888731647,1.6792387565278265e-18,0,0,205.016,232.4975,0.0
qwen,mathqa,EN+RU,L:en,L:ru,L,False,1,debate,all,2000,372,0.8135,0.807,0.186,0.7661290322580645,0.38306451612903225,0.0,0.0,0.841,0.43157894736842095,0.0,0.03494623655913978,L:en,0.75,69.91,72.41,0.49103544955563416,-0.017929100888731647,0.4338390750581067,0.44044079761519056,0,0,205.016,232.4975,126.9045
qwen,mathqa,EN+RU,L:en,L:ru,L,False,1,debate,both_answered,2000,372,0.8135,0.807,0.186,0.7661290322580645,0.38306451612903225,0.0,0.0,0.841,0.43157894736842095,0.0,0.03494623655913978,L:en,0.75,69.91,72.41,0.49103544955563416,-0.017929100888731647,0.4338390750581067,0.44044079761519056,0,0,205.016,232.4975,126.9045
qwen,mathqa,EN+ES,L:en,L:es,L,False,1,blind,all,2000,367,0.8135,0.809,0.1835,0.7874659400544959,0.39373297002724794,0.0,0.0,0.8135,0.031141868512110763,0.0,0.0,L:en,0.715,70.495,74.43,0.4865453205540969,-0.026909358891806134,-0.026909358891806134,-3.492548007390405e-18,0,0,205.016,219.281,0.0
qwen,mathqa,EN+ES,L:en,L:es,L,False,1,blind,both_answered,2000,367,0.8135,0.809,0.1835,0.7874659400544959,0.39373297002724794,0.0,0.0,0.8135,0.031141868512110763,0.0,0.0,L:en,0.715,70.495,74.43,0.4865453205540969,-0.026909358891806134,-0.026909358891806134,-3.492548007390405e-18,0,0,205.016,219.281,0.0
qwen,mathqa,EN+ES,L:en,L:es,L,False,1,debate,all,2000,367,0.8135,0.809,0.1835,0.7874659400544959,0.39373297002724794,0.0,0.0,0.8425,0.4325259515570935,0.0,0.035422343324250684,L:en,0.715,70.495,74.43,0.4865453205540969,-0.026909358891806134,0.434455494029797,0.44757768295835787,0,0,205.016,219.281,129.655
qwen,mathqa,EN+ES,L:en,L:es,L,False,1,debate,both_answered,2000,367,0.8135,0.809,0.1835,0.7874659400544959,0.39373297002724794,0.0,0.0,0.8425,0.4325259515570935,0.0,0.035422343324250684,L:en,0.715,70.495,74.43,0.4865453205540969,-0.026909358891806134,0.434455494029797,0.44757768295835787,0,0,205.016,219.281,129.655
qwen,mathqa,ZH+JA,L:zh,L:ja,L,True,0,blind,all,2000,495,0.772,0.7725,0.2475,0.7656565656565657,0.38282828282828285,0.0,0.0,0.7725,0.002638522427440505,0.0,0.0,L:ja,0.52,90.435,98.555,0.4785187564557867,-0.04296248708842667,-0.04296248708842667,4.5749573500529284e-18,0,0,174.5385,219.51,0.0
qwen,mathqa,ZH+JA,L:zh,L:ja,L,True,0,blind,both_answered,2000,495,0.772,0.7725,0.2475,0.7656565656565657,0.38282828282828285,0.0,0.0,0.7725,0.002638522427440505,0.0,0.0,L:ja,0.52,90.435,98.555,0.4785187564557867,-0.04296248708842667,-0.04296248708842667,4.5749573500529284e-18,0,0,174.5385,219.51,0.0
qwen,mathqa,ZH+JA,L:zh,L:ja,L,True,0,judge,all,2000,495,0.772,0.7725,0.2475,0.7656565656565657,0.38282828282828285,0.0,0.0,0.824,0.5461741424802111,0.00202020202020202,0.044444444444444446,L:ja,0.52,90.435,98.555,0.4785187564557867,-0.04296248708842667,0.5476225022699047,0.5659262712468498,0,0,174.5385,219.51,44.575
qwen,mathqa,ZH+JA,L:zh,L:ja,L,True,0,judge,both_answered,2000,495,0.772,0.7725,0.2475,0.7656565656565657,0.38282828282828285,0.0,0.0,0.824,0.5461741424802111,0.00202020202020202,0.044444444444444446,L:ja,0.52,90.435,98.555,0.4785187564557867,-0.04296248708842667,0.5476225022699047,0.5659262712468498,0,0,174.5385,219.51,44.575
qwen,mathqa,ZH+JA,L:zh,L:ja,L,True,0,debate,all,2000,495,0.772,0.7725,0.2475,0.7656565656565657,0.38282828282828285,0.0,0.0,0.8275,0.5831134564643798,0.0,0.03434343434343434,L:ja,0.52,90.435,98.555,0.4785187564557867,-0.04296248708842667,0.5844513275298361,0.6011490119856897,0,0,174.5385,219.51,147.718
qwen,mathqa,ZH+JA,L:zh,L:ja,L,True,0,debate,both_answered,2000,495,0.772,0.7725,0.2475,0.7656565656565657,0.38282828282828285,0.0,0.0,0.8275,0.5831134564643798,0.0,0.03434343434343434,L:ja,0.52,90.435,98.555,0.4785187564557867,-0.04296248708842667,0.5844513275298361,0.6011490119856897,0,0,174.5385,219.51,147.718
qwen,mathqa,ZH+RU,L:zh,L:ru,L,True,0,blind,all,2000,431,0.772,0.807,0.2155,0.7703016241299304,0.3851508120649652,0.0,0.0,0.807,0.21084337349397586,0.0,0.0,L:ru,1.0,100.575,65.85,0.6041752634158423,0.20835052683168465,0.20835052683168465,5.5452461192450205e-18,0,0,174.5385,232.4975,0.0
qwen,mathqa,ZH+RU,L:zh,L:ru,L,True,0,blind,both_answered,2000,431,0.772,0.807,0.2155,0.7703016241299304,0.3851508120649652,0.0,0.0,0.807,0.21084337349397586,0.0,0.0,L:ru,1.0,100.575,65.85,0.6041752634158423,0.20835052683168465,0.20835052683168465,5.5452461192450205e-18,0,0,174.5385,232.4975,0.0
qwen,mathqa,ZH+RU,L:zh,L:ru,L,True,0,debate,all,2000,431,0.772,0.807,0.2155,0.7703016241299304,0.3851508120649652,0.0,0.0,0.833,0.5240963855421686,0.0,0.03480278422273782,L:ru,1.0,100.575,65.85,0.6041752634158423,0.20835052683168465,0.5250548846213126,0.39725134256051803,0,0,174.5385,232.4975,137.626
qwen,mathqa,ZH+RU,L:zh,L:ru,L,True,0,debate,both_answered,2000,431,0.772,0.807,0.2155,0.7703016241299304,0.3851508120649652,0.0,0.0,0.833,0.5240963855421686,0.0,0.03480278422273782,L:ru,1.0,100.575,65.85,0.6041752634158423,0.20835052683168465,0.5250548846213126,0.39725134256051803,0,0,174.5385,232.4975,137.626
qwen,mathqa,ZH+ES,L:zh,L:es,L,True,0,blind,all,2000,428,0.772,0.809,0.214,0.780373831775701,0.3901869158878505,0.0,0.0,0.809,0.22155688622754485,0.0,0.0,L:es,1.0,101.65,64.96,0.61003892633789,0.22007785267577995,0.22007785267577998,-2.641002631098647e-18,0,0,174.5385,219.281,0.0
qwen,mathqa,ZH+ES,L:zh,L:es,L,True,0,blind,both_answered,2000,428,0.772,0.809,0.214,0.780373831775701,0.3901869158878505,0.0,0.0,0.809,0.22155688622754485,0.0,0.0,L:es,1.0,101.65,64.96,0.61003892633789,0.22007785267577995,0.22007785267577998,-2.641002631098647e-18,0,0,174.5385,219.281,0.0
qwen,mathqa,ZH+ES,L:zh,L:es,L,True,0,debate,all,2000,428,0.772,0.809,0.214,0.780373831775701,0.3901869158878505,0.0,0.0,0.833,0.5089820359281435,0.0,0.035046728971962614,L:es,1.0,101.65,64.96,0.61003892633789,0.22007785267577995,0.5124477605814921,0.3711385195460393,0,0,174.5385,219.281,131.3895
qwen,mathqa,ZH+ES,L:zh,L:es,L,True,0,debate,both_answered,2000,428,0.772,0.809,0.214,0.780373831775701,0.3901869158878505,0.0,0.0,0.833,0.5089820359281435,0.0,0.035046728971962614,L:es,1.0,101.65,64.96,0.61003892633789,0.22007785267577995,0.5124477605814921,0.3711385195460393,0,0,174.5385,219.281,131.3895
qwen,mathqa,JA+RU,L:ja,L:ru,L,True,0,blind,all,2000,457,0.7725,0.807,0.2285,0.75054704595186,0.37527352297593,0.0,0.0,0.807,0.20116618075801757,0.0,0.0,L:ru,1.0,102.785,68.45,0.6001359946452662,0.2002719892905323,0.2002719892905323,1.0144267159974046e-17,0,0,219.51,232.4975,0.0
qwen,mathqa,JA+RU,L:ja,L:ru,L,True,0,blind,both_answered,2000,457,0.7725,0.807,0.2285,0.75054704595186,0.37527352297593,0.0,0.0,0.807,0.20116618075801757,0.0,0.0,L:ru,1.0,102.785,68.45,0.6001359946452662,0.2002719892905323,0.2002719892905323,1.0144267159974046e-17,0,0,219.51,232.4975,0.0
qwen,mathqa,JA+RU,L:ja,L:ru,L,True,0,debate,all,2000,457,0.7725,0.807,0.2285,0.75054704595186,0.37527352297593,0.0,0.0,0.8345,0.5218658892128281,0.0,0.0525164113785558,L:ru,1.0,102.785,68.45,0.6001359946452662,0.2002719892905323,0.5177375803679497,0.39396685173110124,0,0,219.51,232.4975,175.7185
qwen,mathqa,JA+RU,L:ja,L:ru,L,True,0,debate,both_answered,2000,457,0.7725,0.807,0.2285,0.75054704595186,0.37527352297593,0.0,0.0,0.8345,0.5218658892128281,0.0,0.0525164113785558,L:ru,1.0,102.785,68.45,0.6001359946452662,0.2002719892905323,0.5177375803679497,0.39396685173110124,0,0,219.51,232.4975,175.7185
qwen,mathqa,JA+ES,L:ja,L:es,L,True,0,blind,all,2000,436,0.7725,0.809,0.218,0.7729357798165137,0.38646788990825687,0.0,0.0,0.809,0.21661721068249265,0.0,0.0,L:es,1.0,102.1,65.8,0.6082238460035688,0.21644769200713768,0.21644769200713768,-3.0983971410184317e-18,0,0,219.51,219.281,0.0
qwen,mathqa,JA+ES,L:ja,L:es,L,True,0,blind,both_answered,2000,436,0.7725,0.809,0.218,0.7729357798165137,0.38646788990825687,0.0,0.0,0.809,0.21661721068249265,0.0,0.0,L:es,1.0,102.1,65.8,0.6082238460035688,0.21644769200713768,0.21644769200713768,-3.0983971410184317e-18,0,0,219.51,219.281,0.0
qwen,mathqa,JA+ES,L:ja,L:es,L,True,0,debate,all,2000,436,0.7725,0.809,0.218,0.7729357798165137,0.38646788990825687,0.0,0.0,0.839,0.5727002967359051,0.0,0.04357798165137615,L:es,1.0,102.1,65.8,0.6082238460035688,0.21644769200713768,0.5750128956644652,0.45476378424776714,0,0,219.51,219.281,167.125
qwen,mathqa,JA+ES,L:ja,L:es,L,True,0,debate,both_answered,2000,436,0.7725,0.809,0.218,0.7729357798165137,0.38646788990825687,0.0,0.0,0.839,0.5727002967359051,0.0,0.04357798165137615,L:es,1.0,102.1,65.8,0.6082238460035688,0.21644769200713768,0.5750128956644652,0.45476378424776714,0,0,219.51,219.281,167.125
qwen,mathqa,RU+ES,L:ru,L:es,L,True,0,blind,all,2000,351,0.807,0.809,0.1755,0.7464387464387464,0.3732193732193732,0.0,0.0,0.809,0.01526717557251913,0.0,0.0,L:es,0.605,62.32,68.615,0.4756929574200246,-0.04861408515995078,-0.04861408515995078,1.5856320104729018e-18,0,0,232.4975,219.281,0.0
qwen,mathqa,RU+ES,L:ru,L:es,L,True,0,blind,both_answered,2000,351,0.807,0.809,0.1755,0.7464387464387464,0.3732193732193732,0.0,0.0,0.809,0.01526717557251913,0.0,0.0,L:es,0.605,62.32,68.615,0.4756929574200246,-0.04861408515995078,-0.04861408515995078,1.5856320104729018e-18,0,0,232.4975,219.281,0.0
qwen,mathqa,RU+ES,L:ru,L:es,L,True,0,debate,all,2000,351,0.807,0.809,0.1755,0.7464387464387464,0.3732193732193732,0.0,0.0,0.844,0.549618320610687,0.0,0.06267806267806268,L:es,0.605,62.32,68.615,0.4756929574200246,-0.04861408515995078,0.5529444227348834,0.5727149144988053,0,0,232.4975,219.281,139.6685
qwen,mathqa,RU+ES,L:ru,L:es,L,True,0,debate,both_answered,2000,351,0.807,0.809,0.1755,0.7464387464387464,0.3732193732193732,0.0,0.0,0.844,0.549618320610687,0.0,0.06267806267806268,L:es,0.605,62.32,68.615,0.4756929574200246,-0.04861408515995078,0.5529444227348834,0.5727149144988053,0,0,232.4975,219.281,139.6685
qwen,mathqa,EN+S1,L:en,S:T1.0:seed1,S,False,2,blind,all,2000,258,0.8135,0.811,0.129,0.7325581395348837,0.36627906976744184,0.0,0.0014999999999999458,0.8135,0.026455026455026502,0.0,0.0,L:en,0.645,45.48,49.535,0.47869562026036583,-0.04260875947926832,-0.04260875947926832,3.3056444821057163e-18,0,0,205.016,213.4265,0.0
qwen,mathqa,EN+S1,L:en,S:T1.0:seed1,S,False,2,blind,both_answered,1997,255,0.814221331997997,0.8122183274912369,0.12769153730595895,0.7372549019607844,0.3686274509803922,0.0,0.0,0.814221331997997,0.021276595744680774,0.0,0.0,L:en,0.575,44.63,49.45,0.47409520337541955,-0.05180959324916087,-0.05180959324916088,-1.1682846794919839e-17,0,0,204.8042063094642,201.44066099148722,0.0
qwen,mathqa,EN+S1,L:en,S:T1.0:seed1,S,False,2,judge,all,2000,258,0.8135,0.811,0.129,0.7325581395348837,0.36627906976744184,0.0,0.0014999999999999458,0.8335,0.44973544973544993,0.0,0.031007751937984496,L:en,0.645,45.48,49.535,0.47869562026036583,-0.04260875947926832,0.4587394500047892,0.47941817452492136,0,0,205.016,213.4265,24.9935
qwen,mathqa,EN+S1,L:en,S:T1.0:seed1,S,False,2,judge,both_answered,1997,255,0.814221331997997,0.8122183274912369,0.12769153730595895,0.7372549019607844,0.3686274509803922,0.0,0.0,0.8342513770655984,0.44680851063829774,0.0,0.03137254901960784,L:en,0.575,44.63,49.45,0.47409520337541955,-0.05180959324916087,0.4562503481983633,0.481086152308194,0,0,204.8042063094642,201.44066099148722,24.792689033550324
qwen,mathqa,EN+S1,L:en,S:T1.0:seed1,S,False,2,debate,all,2000,258,0.8135,0.811,0.129,0.7325581395348837,0.36627906976744184,0.0,0.0014999999999999458,0.8345,0.4708994708994709,0.0,0.04263565891472868,L:en,0.645,45.48,49.535,0.47869562026036583,-0.04260875947926832,0.48137759620223103,0.5009072483772583,0,0,205.016,213.4265,96.429
qwen,mathqa,EN+S1,L:en,S:T1.0:seed1,S,False,2,debate,both_answered,1997,255,0.814221331997997,0.8122183274912369,0.12769153730595895,0.7372549019607844,0.3686274509803922,0.0,0.0,0.8352528793189785,0.4680851063829785,0.0,0.043137254901960784,L:en,0.575,44.63,49.45,0.47409520337541955,-0.05180959324916087,0.46818170591131236,0.4928532122275373,0,0,204.8042063094642,201.44066099148722,96.15623435152729
qwen,mathqa,S1+S2,S:T1.0:seed1,S:T1.0:seed2,S,True,2,blind,all,2000,279,0.811,0.8015,0.1395,0.7562724014336918,0.3781362007168459,0.0014999999999999458,0.0024999999999999467,0.811,0.09004739336492887,0.010752688172043012,0.0,S:T1.0:seed1,0.885,55.645,50.86,0.5224155496466242,0.04483109929324817,0.04483109929324819,1.514970226796314e-17,0,0,213.4265,222.25,0.0
qwen,mathqa,S1+S2,S:T1.0:seed1,S:T1.0:seed2,S,True,2,blind,both_answered,1992,271,0.8142570281124498,0.804718875502008,0.1360441767068273,0.7785977859778598,0.3892988929889299,0.0,0.0,0.8142570281124498,0.09004739336492898,0.0,0.0,S:T1.0:seed1,0.87,54.435,50.065,0.521217582433622,0.04243516486724415,0.04243516486724415,-2.0539307964209455e-18,0,0,200.99949799196787,202.27660642570282,0.0
qwen,mathqa,S1+S2,S:T1.0:seed1,S:T1.0:seed2,S,True,2,judge,all,2000,279,0.811,0.8015,0.1395,0.7562724014336918,0.3781362007168459,0.0014999999999999458,0.0024999999999999467,0.833,0.5071090047393365,0.0035842293906810036,0.010752688172043012,S:T1.0:seed1,0.885,55.645,50.86,0.5224155496466242,0.04483109929324817,0.5130563319572307,0.48355958681509087,0,0,213.4265,222.25,30.048
qwen,mathqa,S1+S2,S:T1.0:seed1,S:T1.0:seed2,S,True,2,judge,both_answered,1992,271,0.8142570281124498,0.804718875502008,0.1360441767068273,0.7785977859778598,0.3892988929889299,0.0,0.0,0.8363453815261044,0.5071090047393366,0.0,0.01107011070110701,S:T1.0:seed1,0.87,54.435,50.065,0.521217582433622,0.04243516486724415,0.5052557397194988,0.4778867597369056,0,0,200.99949799196787,202.27660642570282,25.248995983935743
qwen,mathqa,EN+P1,L:en,P:expert,P,False,2,blind,all,2000,241,0.8135,0.812,0.1205,0.6763485477178424,0.3381742738589212,0.0,0.0044999999999999485,0.8135,0.018404907975460055,0.0,0.0,L:en,0.555,38.21,43.29,0.4686621579764265,-0.06267568404714687,-0.06267568404714687,7.167229122614906e-19,0,0,205.016,250.921,0.0
qwen,mathqa,EN+P1,L:en,P:expert,P,False,2,blind,both_answered,1991,232,0.8156705173279759,0.8156705173279759,0.11652435961828227,0.6896551724137931,0.3448275862068966,0.0,0.0,0.8156705173279759,0.0,0.0,0.0,P:expert,0.51,37.865,42.605,0.47032308707704135,-0.05935382584591746,-0.05935382584591745,9.50892860158892e-18,0,0,204.60421898543444,215.02461074836765,0.0
qwen,mathqa,EN+P1,L:en,P:expert,P,False,2,judge,all,2000,241,0.8135,0.812,0.1205,0.6763485477178424,0.3381742738589212,0.0,0.0044999999999999485,0.8305,0.4355828220858895,0.004149377593360996,0.029045643153526972,L:en,0.555,38.21,43.29,0.4686621579764265,-0.06267568404714687,0.43936970435041867,0.4702283822658231,0,0,205.016,250.921,29.0605
qwen,mathqa,EN+P1,L:en,P:expert,P,False,2,judge,both_answered,1991,232,0.8156705173279759,0.8156705173279759,0.11652435961828227,0.6896551724137931,0.3448275862068966,0.0,0.0,0.8327473631341035,0.4249999999999999,0.0,0.03017241379310345,P:expert,0.51,37.865,42.605,0.47032308707704135,-0.05935382584591746,0.41967284569289504,0.451236344781269,0,0,204.60421898543444,215.02461074836765,23.972877950778503
qwen,mathqa,P1+P2,P:expert,P:skeptic,P,True,2,blind,all,2000,251,0.812,0.823,0.1255,0.7091633466135459,0.3545816733067729,0.0044999999999999485,0.0034999999999999476,0.823,0.12359550561797741,0.0199203187250996,0.0,P:skeptic,0.94,48.675,40.35,0.5465056820415657,0.09301136408313139,0.09301136408313142,6.421008949922333e-18,0,0,250.921,248.8315,0.0
qwen,mathqa,P1+P2,P:expert,P:skeptic,P,True,2,blind,both_answered,1986,239,0.8172205438066465,0.8272910372608258,0.1203423967774421,0.7280334728033473,0.36401673640167365,0.0,0.0,0.8272910372608258,0.11494252873563218,0.0,0.0,P:skeptic,0.925,47.205,40.025,0.5412620792839958,0.08252415856799178,0.08252415856799178,-5.56002353252397e-19,0,0,214.68731117824774,220.52467270896273,0.0
qwen,mathqa,P1+P2,P:expert,P:skeptic,P,True,2,judge,all,2000,251,0.812,0.823,0.1255,0.7091633466135459,0.3545816733067729,0.0044999999999999485,0.0034999999999999476,0.839,0.4831460674157302,0.01195219123505976,0.01593625498007968,P:skeptic,0.94,48.675,40.35,0.5465056820415657,0.09301136408313139,0.4835102050956474,0.4231960674005863,0,0,250.921,248.8315,35.8295
qwen,mathqa,P1+P2,P:expert,P:skeptic,P,True,2,judge,both_answered,1986,239,0.8172205438066465,0.8272910372608258,0.1203423967774421,0.7280334728033473,0.36401673640167365,0.0,0.0,0.8429003021148036,0.4712643678160918,0.0,0.016736401673640166,P:skeptic,0.925,47.205,40.025,0.5412620792839958,0.08252415856799178,0.4718779395870888,0.4182466682995197,0,0,214.68731117824774,220.52467270896273,22.691842900302113
qwen,mathqa,P1+P2,P:expert,P:skeptic,P,True,2,debate,all,2000,251,0.812,0.823,0.1255,0.7091633466135459,0.3545816733067729,0.0044999999999999485,0.0034999999999999476,0.8365,0.4269662921348314,0.0,0.03187250996015936,P:skeptic,0.94,48.675,40.35,0.5465056820415657,0.09301136408313139,0.4261724308768763,0.3592013814326872,0,0,250.921,248.8315,105.574
qwen,mathqa,P1+P2,P:expert,P:skeptic,P,True,2,debate,both_answered,1986,239,0.8172205438066465,0.8272910372608258,0.1203423967774421,0.7280334728033473,0.36401673640167365,0.0,0.0,0.8408862034239678,0.4252873563218391,0.0,0.02510460251046025,P:skeptic,0.925,47.205,40.025,0.5412620792839958,0.08252415856799178,0.4305362171841099,0.3719072324592059,0,0,214.68731117824774,220.52467270896273,78.23917421953676
qwen,mathqa,EN+W1,L:en,W:rewrite1,W,False,2,blind,all,2000,308,0.8135,0.8205,0.154,0.7792207792207793,0.38961038961038963,0.0,0.0030000000000000027,0.8205,0.05833333333333328,0.01948051948051948,0.0,W:rewrite1,0.8200000000000001,59.985,60.42,0.4983476740241835,-0.003304651951632994,-0.003304651951632998,-2.361785801935188e-18,0,0,205.016,227.239,0.0
qwen,mathqa,EN+W1,L:en,W:rewrite1,W,False,2,blind,both_answered,1994,302,0.8149448345035105,0.8229689067201604,0.1514543630892678,0.7880794701986755,0.39403973509933776,0.0,0.0,0.8229689067201604,0.06722689075630243,0.0,0.0,W:rewrite1,0.865,60.915,58.62,0.5094567123065861,0.018913424613171973,0.018913424613171977,1.6140820672072418e-18,0,0,204.179037111334,207.0431293881645,0.0
qwen,mathqa,EN+W1,L:en,W:rewrite1,W,False,2,judge,all,2000,308,0.8135,0.8205,0.154,0.7792207792207793,0.38961038961038963,0.0,0.0030000000000000027,0.8435,0.4416666666666666,0.003246753246753247,0.01948051948051948,W:rewrite1,0.8200000000000001,59.985,60.42,0.4983476740241835,-0.003304651951632994,0.43820925806625494,0.4356298201898577,0,0,205.016,227.239,32.586
qwen,mathqa,EN+W1,L:en,W:rewrite1,W,False,2,judge,both_answered,1994,302,0.8149448345035105,0.8229689067201604,0.1514543630892678,0.7880794701986755,0.39403973509933776,0.0,0.0,0.8450351053159478,0.43697478991596633,0.0,0.019867549668874173,W:rewrite1,0.865,60.915,58.62,0.5094567123065861,0.018913424613171973,0.43645648177476476,0.4215920971051082,0,0,204.179037111334,207.0431293881645,27.976429287863592
qwen,mathqa,W1+W2,W:rewrite1,W:rewrite2,W,True,2,blind,all,2000,283,0.8205,0.8165,0.1415,0.7067137809187279,0.35335689045936397,0.0030000000000000027,0.0034999999999999476,0.8205,0.039999999999999966,0.02120141342756184,0.0,W:rewrite1,0.675,48.35,52.13,0.48123389032262315,-0.03753221935475364,-0.037532219354753635,4.840209378171288e-18,0,0,227.239,240.757,0.0
qwen,mathqa,W1+W2,W:rewrite1,W:rewrite2,W,True,2,blind,both_answered,1987,270,0.824861600402617,0.8213387015601409,0.13588324106693508,0.7296296296296296,0.3648148148148148,0.0,0.0,0.824861600402617,0.03553299492385784,0.0,0.0,W:rewrite1,0.715,47.765,50.68,0.4851184928905085,-0.02976301421898302,-0.029763014218983024,-5.4022640936881086e-18,0,0,206.61751383995974,212.4167086059386,0.0
qwen,mathqa,W1+W2,W:rewrite1,W:rewrite2,W,True,2,judge,all,2000,283,0.8205,0.8165,0.1415,0.7067137809187279,0.35335689045936397,0.0030000000000000027,0.0034999999999999476,0.8455,0.5399999999999999,0.007067137809187279,0.0353356890459364,W:rewrite1,0.675,48.35,52.13,0.48123389032262315,-0.03753221935475364,0.545207529511943,0.5594650308337923,0,0,227.239,240.757,36.5065
qwen,mathqa,W1+W2,W:rewrite1,W:rewrite2,W,True,2,judge,both_answered,1987,270,0.824861600402617,0.8213387015601409,0.13588324106693508,0.7296296296296296,0.3648148148148148,0.0,0.0,0.8495218922999497,0.532994923857868,0.0,0.025925925925925925,W:rewrite1,0.715,47.765,50.68,0.4851184928905085,-0.02976301421898302,0.5247945554139486,0.5362415858792268,0,0,206.61751383995974,212.4167086059386,26.828384499245093
qwen,mathqa,EN+R,L:en,R:short_cot,R,False,2,blind,all,2000,365,0.8135,0.7545,0.1825,0.7890410958904109,0.39452054794520547,0.0,0.0014999999999999458,0.8135,0.4097222222222224,0.0,0.0,L:en,1.0,101.9,42.32,0.7067577171780468,0.4135154343560937,0.41351543435609367,-7.953987314241393e-18,0,0,205.016,127.3605,0.0
qwen,mathqa,EN+R,L:en,R:short_cot,R,False,2,blind,both_answered,1997,362,0.8132198297446169,0.7556334501752628,0.1812719078617927,0.787292817679558,0.393646408839779,0.0,0.0,0.8132198297446169,0.40350877192982454,0.0,0.0,L:en,1.0,100.495,42.955,0.7003934004261092,0.4007868008522184,0.4007868008522184,3.203424301816914e-17,0,0,204.63645468202304,115.24536805207812,0.0
qwen,mathqa,EN+R,L:en,R:short_cot,R,False,2,judge,all,2000,365,0.8135,0.7545,0.1825,0.7890410958904109,0.39452054794520547,0.0,0.0014999999999999458,0.8235,0.5486111111111113,0.0,0.03561643835616438,L:en,1.0,101.9,42.32,0.7067577171780468,0.4135154343560937,0.5494317508398724,0.2257473864122618,0,0,205.016,127.3605,32.3315
qwen,mathqa,EN+R,L:en,R:short_cot,R,False,2,judge,both_answered,1997,362,0.8132198297446169,0.7556334501752628,0.1812719078617927,0.787292817679558,0.393646408839779,0.0,0.0,0.8232348522784176,0.5438596491228069,0.0,0.03591160220994475,L:en,1.0,100.495,42.955,0.7003934004261092,0.4007868008522184,0.5406624508138209,0.2271088282633796,0,0,204.63645468202304,115.24536805207812,32.111166750125186
qwen,mathqa,EN+SR-EN,L:en,F:en,F,False,2,blind,all,2000,39,0.8135,0.819,0.0195,0.7948717948717948,0.3974358974358974,0.0,0.0,0.819,0.3548387096774194,0.0,0.0,F:en,0.975,10.315,5.37,0.6607312332154168,0.3214624664308336,0.32146246643083365,1.5986688384030127e-17,0,0,205.016,164.426,0.0
qwen,mathqa,EN+SR-EN,L:en,F:en,F,False,2,blind,both_answered,2000,39,0.8135,0.819,0.0195,0.7948717948717948,0.3974358974358974,0.0,0.0,0.819,0.3548387096774194,0.0,0.0,F:en,0.975,10.315,5.37,0.6607312332154168,0.3214624664308336,0.32146246643083365,1.5986688384030127e-17,0,0,205.016,164.426,0.0
qwen,mathqa,EN+SR-EN,L:en,F:en,F,False,2,judge,all,2000,39,0.8135,0.819,0.0195,0.7948717948717948,0.3974358974358974,0.0,0.0,0.82,0.4838709677419356,0.0,0.0,F:en,0.975,10.315,5.37,0.6607312332154168,0.3214624664308336,0.4850273128181999,0.2005496031746032,0,0,205.016,164.426,3.0325
qwen,mathqa,EN+SR-EN,L:en,F:en,F,False,2,judge,both_answered,2000,39,0.8135,0.819,0.0195,0.7948717948717948,0.3974358974358974,0.0,0.0,0.82,0.4838709677419356,0.0,0.0,F:en,0.975,10.315,5.37,0.6607312332154168,0.3214624664308336,0.4850273128181999,0.2005496031746032,0,0,205.016,164.426,3.0325
qwen,mathqa,ZH+SR-ZH,L:zh,F:zh,F,False,0,blind,all,2000,68,0.772,0.7745,0.034,0.6617647058823529,0.33088235294117646,0.0,0.0,0.7745,0.11111111111111123,0.0,0.0,F:zh,0.765,11.04,11.34,0.49382925898483604,-0.012341482030327913,-0.012341482030327908,-5.689333484331193e-20,0,0,174.5385,134.892,0.0
qwen,mathqa,ZH+SR-ZH,L:zh,F:zh,F,False,0,blind,both_answered,2000,68,0.772,0.7745,0.034,0.6617647058823529,0.33088235294117646,0.0,0.0,0.7745,0.11111111111111123,0.0,0.0,F:zh,0.765,11.04,11.34,0.49382925898483604,-0.012341482030327913,-0.012341482030327908,-5.689333484331193e-20,0,0,174.5385,134.892,0.0
qwen,mathqa,ZH+SR-ZH,L:zh,F:zh,F,False,0,judge,all,2000,68,0.772,0.7745,0.034,0.6617647058823529,0.33088235294117646,0.0,0.0,0.781,0.688888888888889,0.0,0.08823529411764706,F:zh,0.765,11.04,11.34,0.49382925898483604,-0.012341482030327913,0.706998601996919,0.6978076945843975,0,0,174.5385,134.892,5.7845
qwen,mathqa,ZH+SR-ZH,L:zh,F:zh,F,False,0,judge,both_answered,2000,68,0.772,0.7745,0.034,0.6617647058823529,0.33088235294117646,0.0,0.0,0.781,0.688888888888889,0.0,0.08823529411764706,F:zh,0.765,11.04,11.34,0.49382925898483604,-0.012341482030327913,0.706998601996919,0.6978076945843975,0,0,174.5385,134.892,5.7845
qwen,truthfulqa,EN+ZH,L:en,L:zh,L,False,1,blind,all,817,182,0.7441860465116279,0.7552019583843329,0.22276621787025705,0.7197802197802198,0.3598901098901099,0.0,0.0,0.7552019583843329,0.06870229007633594,0.0,0.0,L:zh,0.755,32.2,33.435,0.4907552167676971,-0.01848956646460582,-0.01848956646460582,5.7908550880239095e-18,0,0,98.51285189718482,81.94124847001224,0.0
qwen,truthfulqa,EN+ZH,L:en,L:zh,L,False,1,blind,both_answered,817,182,0.7441860465116279,0.7552019583843329,0.22276621787025705,0.7197802197802198,0.3598901098901099,0.0,0.0,0.7552019583843329,0.06870229007633594,0.0,0.0,L:zh,0.755,32.2,33.435,0.4907552167676971,-0.01848956646460582,-0.01848956646460582,5.7908550880239095e-18,0,0,98.51285189718482,81.94124847001224,0.0
qwen,truthfulqa,EN+ZH,L:en,L:zh,L,False,1,judge,all,817,182,0.7441860465116279,0.7552019583843329,0.22276621787025705,0.7197802197802198,0.3598901098901099,0.0,0.0,0.758873929008568,0.11450381679389318,0.005494505494505495,0.04395604395604396,L:zh,0.755,32.2,33.435,0.4907552167676971,-0.01848956646460582,0.11310823381377752,0.11956661252028222,0,0,98.51285189718482,81.94124847001224,24.472460220318236
qwen,truthfulqa,EN+ZH,L:en,L:zh,L,False,1,judge,both_answered,817,182,0.7441860465116279,0.7552019583843329,0.22276621787025705,0.7197802197802198,0.3598901098901099,0.0,0.0,0.758873929008568,0.11450381679389318,0.005494505494505495,0.04395604395604396,L:zh,0.755,32.2,33.435,0.4907552167676971,-0.01848956646460582,0.11310823381377752,0.11956661252028222,0,0,98.51285189718482,81.94124847001224,24.472460220318236
qwen,truthfulqa,EN+ZH,L:en,L:zh,L,False,1,debate,all,817,182,0.7441860465116279,0.7552019583843329,0.22276621787025705,0.7197802197802198,0.3598901098901099,0.0,0.0,0.7833537331701347,0.41984732824427473,0.0,0.016483516483516484,L:zh,0.755,32.2,33.435,0.4907552167676971,-0.01848956646460582,0.4144441498922161,0.4185196402215407,0,0,98.51285189718482,81.94124847001224,91.56670746634028
qwen,truthfulqa,EN+ZH,L:en,L:zh,L,False,1,debate,both_answered,817,182,0.7441860465116279,0.7552019583843329,0.22276621787025705,0.7197802197802198,0.3598901098901099,0.0,0.0,0.7833537331701347,0.41984732824427473,0.0,0.016483516483516484,L:zh,0.755,32.2,33.435,0.4907552167676971,-0.01848956646460582,0.4144441498922161,0.4185196402215407,0,0,98.51285189718482,81.94124847001224,91.56670746634028
qwen,truthfulqa,EN+JA,L:en,L:ja,L,False,1,blind,all,817,214,0.7441860465116279,0.6829865361077111,0.26193390452876375,0.7757009345794392,0.3878504672897196,0.0,0.0,0.7441860465116279,0.30120481927710835,0.0,0.0,L:en,1.0,53.555,28.815,0.6504559965745387,0.30091199314907724,0.30091199314907724,-9.417879493814241e-18,0,0,98.51285189718482,130.8482252141983,0.0
qwen,truthfulqa,EN+JA,L:en,L:ja,L,False,1,blind,both_answered,817,214,0.7441860465116279,0.6829865361077111,0.26193390452876375,0.7757009345794392,0.3878504672897196,0.0,0.0,0.7441860465116279,0.30120481927710835,0.0,0.0,L:en,1.0,53.555,28.815,0.6504559965745387,0.30091199314907724,0.30091199314907724,-9.417879493814241e-18,0,0,98.51285189718482,130.8482252141983,0.0
qwen,truthfulqa,EN+JA,L:en,L:ja,L,False,1,judge,all,817,214,0.7441860465116279,0.6829865361077111,0.26193390452876375,0.7757009345794392,0.3878504672897196,0.0,0.0,0.7564259485924113,0.4216867469879517,0.0,0.028037383177570093,L:en,1.0,53.555,28.815,0.6504559965745387,0.30091199314907724,0.42239163834949706,0.1666809257465153,0,0,98.51285189718482,130.8482252141983,28.16891064871481
qwen,truthfulqa,EN+JA,L:en,L:ja,L,False,1,judge,both_answered,817,214,0.7441860465116279,0.6829865361077111,0.26193390452876375,0.7757009345794392,0.3878504672897196,0.0,0.0,0.7564259485924113,0.4216867469879517,0.0,0.028037383177570093,L:en,1.0,53.555,28.815,0.6504559965745387,0.30091199314907724,0.42239163834949706,0.1666809257465153,0,0,98.51285189718482,130.8482252141983,28.16891064871481
qwen,truthfulqa,EN+JA,L:en,L:ja,L,False,1,debate,all,817,214,0.7441860465116279,0.6829865361077111,0.26193390452876375,0.7757009345794392,0.3878504672897196,0.0,0.0,0.762545899632803,0.48192771084337355,0.0,0.018691588785046728,L:en,1.0,53.555,28.815,0.6504559965745387,0.30091199314907724,0.4842895383499024,0.25546776560078444,0,0,98.51285189718482,130.8482252141983,127.3782129742962
qwen,truthfulqa,EN+JA,L:en,L:ja,L,False,1,debate,both_answered,817,214,0.7441860465116279,0.6829865361077111,0.26193390452876375,0.7757009345794392,0.3878504672897196,0.0,0.0,0.762545899632803,0.48192771084337355,0.0,0.018691588785046728,L:en,1.0,53.555,28.815,0.6504559965745387,0.30091199314907724,0.4842895383499024,0.25546776560078444,0,0,98.51285189718482,130.8482252141983,127.3782129742962
qwen,truthfulqa,EN+RU,L:en,L:ru,L,False,1,blind,all,817,204,0.7441860465116279,0.7135862913096696,0.24969400244798043,0.7696078431372549,0.38480392156862747,0.0,0.0,0.7441860465116279,0.1592356687898089,0.0,0.0,L:en,0.97,44.615,34.245,0.5664486776085931,0.1328973552171863,0.1328973552171863,3.5225696912765885e-18,0,0,98.51285189718482,150.08567931456548,0.0
qwen,truthfulqa,EN+RU,L:en,L:ru,L,False,1,blind,both_answered,817,204,0.7441860465116279,0.7135862913096696,0.24969400244798043,0.7696078431372549,0.38480392156862747,0.0,0.0,0.7441860465116279,0.1592356687898089,0.0,0.0,L:en,0.97,44.615,34.245,0.5664486776085931,0.1328973552171863,0.1328973552171863,3.5225696912765885e-18,0,0,98.51285189718482,150.08567931456548,0.0
qwen,truthfulqa,EN+RU,L:en,L:ru,L,False,1,debate,all,817,204,0.7441860465116279,0.7135862913096696,0.24969400244798043,0.7696078431372549,0.38480392156862747,0.0,0.0,0.7723378212974297,0.4522292993630573,0.0,0.014705882352941176,L:en,0.97,44.615,34.245,0.5664486776085931,0.1328973552171863,0.4538673823728137,0.3641782303049895,0,0,98.51285189718482,150.08567931456548,127.03304773561811
qwen,truthfulqa,EN+RU,L:en,L:ru,L,False,1,debate,both_answered,817,204,0.7441860465116279,0.7135862913096696,0.24969400244798043,0.7696078431372549,0.38480392156862747,0.0,0.0,0.7723378212974297,0.4522292993630573,0.0,0.014705882352941176,L:en,0.97,44.615,34.245,0.5664486776085931,0.1328973552171863,0.4538673823728137,0.3641782303049895,0,0,98.51285189718482,150.08567931456548,127.03304773561811
qwen,truthfulqa,EN+ES,L:en,L:es,L,False,1,blind,all,817,161,0.7441860465116279,0.7319461444308446,0.19706242350061198,0.782608695652174,0.391304347826087,0.0,0.0,0.7441860465116279,0.07936507936507937,0.0,0.0,L:en,0.835,31.54,30.98,0.5047776956611569,0.009555391322313922,0.009555391322313908,-1.2631766027653842e-17,0,0,98.51285189718482,135.00979192166463,0.0
qwen,truthfulqa,EN+ES,L:en,L:es,L,False,1,blind,both_answered,817,161,0.7441860465116279,0.7319461444308446,0.19706242350061198,0.782608695652174,0.391304347826087,0.0,0.0,0.7441860465116279,0.07936507936507937,0.0,0.0,L:en,0.835,31.54,30.98,0.5047776956611569,0.009555391322313922,0.009555391322313908,-1.2631766027653842e-17,0,0,98.51285189718482,135.00979192166463,0.0
qwen,truthfulqa,EN+ES,L:en,L:es,L,False,1,debate,all,817,161,0.7441860465116279,0.7319461444308446,0.19706242350061198,0.782608695652174,0.391304347826087,0.0,0.0,0.758873929008568,0.26984126984126977,0.0,0.018633540372670808,L:en,0.835,31.54,30.98,0.5047776956611569,0.009555391322313922,0.2718467199063421,0.2548674595950677,0,0,98.51285189718482,135.00979192166463,99.02937576499389
qwen,truthfulqa,EN+ES,L:en,L:es,L,False,1,debate,both_answered,817,161,0.7441860465116279,0.7319461444308446,0.19706242350061198,0.782608695652174,0.391304347826087,0.0,0.0,0.758873929008568,0.26984126984126977,0.0,0.018633540372670808,L:en,0.835,31.54,30.98,0.5047776956611569,0.009555391322313922,0.2718467199063421,0.2548674595950677,0,0,98.51285189718482,135.00979192166463,99.02937576499389
qwen,truthfulqa,ZH+JA,L:zh,L:ja,L,True,0,blind,all,817,204,0.7552019583843329,0.6829865361077111,0.24969400244798043,0.7598039215686274,0.3799019607843137,0.0,0.0,0.7552019583843329,0.3806451612903227,0.0,0.0,L:zh,1.0,53.325,23.73,0.6920055764262084,0.38401115285241666,0.3840111528524167,1.9478711546227197e-17,0,0,81.94124847001224,130.8482252141983,0.0
qwen,truthfulqa,ZH+JA,L:zh,L:ja,L,True,0,blind,both_answered,817,204,0.7552019583843329,0.6829865361077111,0.24969400244798043,0.7598039215686274,0.3799019607843137,0.0,0.0,0.7552019583843329,0.3806451612903227,0.0,0.0,L:zh,1.0,53.325,23.73,0.6920055764262084,0.38401115285241666,0.3840111528524167,1.9478711546227197e-17,0,0,81.94124847001224,130.8482252141983,0.0
qwen,truthfulqa,ZH+JA,L:zh,L:ja,L,True,0,judge,all,817,204,0.7552019583843329,0.6829865361077111,0.24969400244798043,0.7598039215686274,0.3799019607843137,0.0,0.0,0.762545899632803,0.45806451612903243,0.0,0.06372549019607843,L:zh,1.0,53.325,23.73,0.6920055764262084,0.38401115285241666,0.4652166946513045,0.12418273446409428,0,0,81.94124847001224,130.8482252141983,27.82986536107711
qwen,truthfulqa,ZH+JA,L:zh,L:ja,L,True,0,judge,both_answered,817,204,0.7552019583843329,0.6829865361077111,0.24969400244798043,0.7598039215686274,0.3799019607843137,0.0,0.0,0.762545899632803,0.45806451612903243,0.0,0.06372549019607843,L:zh,1.0,53.325,23.73,0.6920055764262084,0.38401115285241666,0.4652166946513045,0.12418273446409428,0,0,81.94124847001224,130.8482252141983,27.82986536107711
qwen,truthfulqa,ZH+JA,L:zh,L:ja,L,True,0,debate,all,817,204,0.7552019583843329,0.6829865361077111,0.24969400244798043,0.7598039215686274,0.3799019607843137,0.0,0.0,0.7503059975520195,0.32903225806451614,0.0,0.014705882352941176,L:zh,1.0,53.325,23.73,0.6920055764262084,0.38401115285241666,0.33134057065887357,-0.09697789121444413,0,0,81.94124847001224,130.8482252141983,108.2313341493268
qwen,truthfulqa,ZH+JA,L:zh,L:ja,L,True,0,debate,both_answered,817,204,0.7552019583843329,0.6829865361077111,0.24969400244798043,0.7598039215686274,0.3799019607843137,0.0,0.0,0.7503059975520195,0.32903225806451614,0.0,0.014705882352941176,L:zh,1.0,53.325,23.73,0.6920055764262084,0.38401115285241666,0.33134057065887357,-0.09697789121444413,0,0,81.94124847001224,130.8482252141983,108.2313341493268
qwen,truthfulqa,ZH+RU,L:zh,L:ru,L,True,0,blind,all,817,208,0.7552019583843329,0.7135862913096696,0.25458996328029376,0.7211538461538461,0.3605769230769231,0.0,0.0,0.7552019583843329,0.22666666666666663,0.0,0.0,L:zh,0.995,45.78,29.345,0.6092148585302722,0.21842971706054448,0.21842971706054448,2.1562386471203347e-17,0,0,81.94124847001224,150.08567931456548,0.0
qwen,truthfulqa,ZH+RU,L:zh,L:ru,L,True,0,blind,both_answered,817,208,0.7552019583843329,0.7135862913096696,0.25458996328029376,0.7211538461538461,0.3605769230769231,0.0,0.0,0.7552019583843329,0.22666666666666663,0.0,0.0,L:zh,0.995,45.78,29.345,0.6092148585302722,0.21842971706054448,0.21842971706054448,2.1562386471203347e-17,0,0,81.94124847001224,150.08567931456548,0.0
qwen,truthfulqa,ZH+RU,L:zh,L:ru,L,True,0,debate,all,817,208,0.7552019583843329,0.7135862913096696,0.25458996328029376,0.7211538461538461,0.3605769230769231,0.0,0.0,0.7662178702570379,0.3466666666666667,0.0,0.009615384615384616,L:zh,0.995,45.78,29.345,0.6092148585302722,0.21842971706054448,0.35407954896949384,0.16596087712076815,0,0,81.94124847001224,150.08567931456548,132.13219094247245
qwen,truthfulqa,ZH+RU,L:zh,L:ru,L,True,0,debate,both_answered,817,208,0.7552019583843329,0.7135862913096696,0.25458996328029376,0.7211538461538461,0.3605769230769231,0.0,0.0,0.7662178702570379,0.3466666666666667,0.0,0.009615384615384616,L:zh,0.995,45.78,29.345,0.6092148585302722,0.21842971706054448,0.35407954896949384,0.16596087712076815,0,0,81.94124847001224,150.08567931456548,132.13219094247245
qwen,truthfulqa,ZH+ES,L:zh,L:es,L,True,0,blind,all,817,203,0.7552019583843329,0.7319461444308446,0.2484700122399021,0.7635467980295566,0.3817733990147783,0.0,0.0,0.7552019583843329,0.12258064516129033,0.0,0.0,L:zh,0.925,41.7,35.175,0.5432937701209851,0.0865875402419702,0.08658754024197021,1.1558583333237837e-17,0,0,81.94124847001224,135.00979192166463,0.0
qwen,truthfulqa,ZH+ES,L:zh,L:es,L,True,0,blind,both_answered,817,203,0.7552019583843329,0.7319461444308446,0.2484700122399021,0.7635467980295566,0.3817733990147783,0.0,0.0,0.7552019583843329,0.12258064516129033,0.0,0.0,L:zh,0.925,41.7,35.175,0.5432937701209851,0.0865875402419702,0.08658754024197021,1.1558583333237837e-17,0,0,81.94124847001224,135.00979192166463,0.0
qwen,truthfulqa,ZH+ES,L:zh,L:es,L,True,0,debate,all,817,203,0.7552019583843329,0.7319461444308446,0.2484700122399021,0.7635467980295566,0.3817733990147783,0.0,0.0,0.7760097919216646,0.34193548387096795,0.0,0.014778325123152709,L:zh,0.925,41.7,35.175,0.5432937701209851,0.0865875402419702,0.3462633667757709,0.2728783259799389,0,0,81.94124847001224,135.00979192166463,118.46389228886169
qwen,truthfulqa,ZH+ES,L:zh,L:es,L,True,0,debate,both_answered,817,203,0.7552019583843329,0.7319461444308446,0.2484700122399021,0.7635467980295566,0.3817733990147783,0.0,0.0,0.7760097919216646,0.34193548387096795,0.0,0.014778325123152709,L:zh,0.925,41.7,35.175,0.5432937701209851,0.0865875402419702,0.3462633667757709,0.2728783259799389,0,0,81.94124847001224,135.00979192166463,118.46389228886169
qwen,truthfulqa,JA+RU,L:ja,L:ru,L,True,0,blind,all,817,230,0.6829865361077111,0.7135862913096696,0.28151774785801714,0.7782608695652173,0.38913043478260867,0.0,0.0,0.7135862913096696,0.1396648044692738,0.0,0.0,L:ru,0.95,49.95,39.89,0.5563206334826425,0.11264126696528505,0.11264126696528506,5.01989748551602e-18,0,0,130.8482252141983,150.08567931456548,0.0
qwen,truthfulqa,JA+RU,L:ja,L:ru,L,True,0,blind,both_answered,817,230,0.6829865361077111,0.7135862913096696,0.28151774785801714,0.7782608695652173,0.38913043478260867,0.0,0.0,0.7135862913096696,0.1396648044692738,0.0,0.0,L:ru,0.95,49.95,39.89,0.5563206334826425,0.11264126696528505,0.11264126696528506,5.01989748551602e-18,0,0,130.8482252141983,150.08567931456548,0.0
qwen,truthfulqa,JA+RU,L:ja,L:ru,L,True,0,debate,all,817,230,0.6829865361077111,0.7135862913096696,0.28151774785801714,0.7782608695652173,0.38913043478260867,0.0,0.0,0.7441860465116279,0.4189944134078214,0.0,0.021739130434782608,L:ru,0.95,49.95,39.89,0.5563206334826425,0.11264126696528505,0.4156699448249996,0.3322579262816461,0,0,130.8482252141983,150.08567931456548,168.1811505507956
qwen,truthfulqa,JA+RU,L:ja,L:ru,L,True,0,debate,both_answered,817,230,0.6829865361077111,0.7135862913096696,0.28151774785801714,0.7782608695652173,0.38913043478260867,0.0,0.0,0.7441860465116279,0.4189944134078214,0.0,0.021739130434782608,L:ru,0.95,49.95,39.89,0.5563206334826425,0.11264126696528505,0.4156699448249996,0.3322579262816461,0,0,130.8482252141983,150.08567931456548,168.1811505507956
qwen,truthfulqa,JA+ES,L:ja,L:es,L,True,0,blind,all,817,231,0.6829865361077111,0.7319461444308446,0.2827417380660955,0.7792207792207793,0.38961038961038963,0.0,0.0,0.7319461444308446,0.2222222222222221,0.0,0.0,L:es,1.0,54.715,34.885,0.6108009179281781,0.22160183585635626,0.22160183585635626,-7.95847352337834e-18,0,0,130.8482252141983,135.00979192166463,0.0
qwen,truthfulqa,JA+ES,L:ja,L:es,L,True,0,blind,both_answered,817,231,0.6829865361077111,0.7319461444308446,0.2827417380660955,0.7792207792207793,0.38961038961038963,0.0,0.0,0.7319461444308446,0.2222222222222221,0.0,0.0,L:es,1.0,54.715,34.885,0.6108009179281781,0.22160183585635626,0.22160183585635626,-7.95847352337834e-18,0,0,130.8482252141983,135.00979192166463,0.0
qwen,truthfulqa,JA+ES,L:ja,L:es,L,True,0,debate,all,817,231,0.6829865361077111,0.7319461444308446,0.2827417380660955,0.7792207792207793,0.38961038961038963,0.0,0.0,0.7282741738066095,0.18888888888888888,0.0,0.017316017316017316,L:es,1.0,54.715,34.885,0.6108009179281781,0.22160183585635626,0.1945054348187879,-0.04642617917700406,0,0,130.8482252141983,135.00979192166463,175.90208078335374
qwen,truthfulqa,JA+ES,L:ja,L:es,L,True,0,debate,both_answered,817,231,0.6829865361077111,0.7319461444308446,0.2827417380660955,0.7792207792207793,0.38961038961038963,0.0,0.0,0.7282741738066095,0.18888888888888888,0.0,0.017316017316017316,L:es,1.0,54.715,34.885,0.6108009179281781,0.22160183585635626,0.1945054348187879,-0.04642617917700406,0,0,130.8482252141983,135.00979192166463,175.90208078335374
qwen,truthfulqa,RU+ES,L:ru,L:es,L,True,0,blind,all,817,217,0.7135862913096696,0.7319461444308446,0.26560587515299877,0.7788018433179723,0.38940092165898615,0.0,0.0,0.7319461444308446,0.08875739644970419,0.0,0.0,L:es,0.88,43.66,40.88,0.5168214397081502,0.03364287941630039,0.03364287941630039,6.315527102165266e-18,0,0,150.08567931456548,135.00979192166463,0.0
qwen,truthfulqa,RU+ES,L:ru,L:es,L,True,0,blind,both_answered,817,217,0.7135862913096696,0.7319461444308446,0.26560587515299877,0.7788018433179723,0.38940092165898615,0.0,0.0,0.7319461444308446,0.08875739644970419,0.0,0.0,L:es,0.88,43.66,40.88,0.5168214397081502,0.03364287941630039,0.03364287941630039,6.315527102165266e-18,0,0,150.08567931456548,135.00979192166463,0.0
qwen,truthfulqa,RU+ES,L:ru,L:es,L,True,0,debate,all,817,217,0.7135862913096696,0.7319461444308446,0.26560587515299877,0.7788018433179723,0.38940092165898615,0.0,0.0,0.758873929008568,0.3491124260355029,0.0,0.03225806451612903,L:es,0.88,43.66,40.88,0.5168214397081502,0.03364287941630039,0.3523278584067137,0.32186054717540785,0,0,150.08567931456548,135.00979192166463,153.21909424724603
qwen,truthfulqa,RU+ES,L:ru,L:es,L,True,0,debate,both_answered,817,217,0.7135862913096696,0.7319461444308446,0.26560587515299877,0.7788018433179723,0.38940092165898615,0.0,0.0,0.758873929008568,0.3491124260355029,0.0,0.03225806451612903,L:es,0.88,43.66,40.88,0.5168214397081502,0.03364287941630039,0.3523278584067137,0.32186054717540785,0,0,150.08567931456548,135.00979192166463,153.21909424724603
qwen,truthfulqa,EN+S1,L:en,S:T1.0:seed1,S,False,2,blind,all,817,97,0.7441860465116279,0.7454100367197063,0.11872705018359853,0.6701030927835051,0.33505154639175255,0.0,0.001223990208078285,0.7454100367197063,0.015384615384615496,0.010309278350515464,0.0,S:T1.0:seed1,0.54,14.565,17.74,0.4501323601242699,-0.09973527975146038,-0.0997352797514604,-9.30270713838375e-19,0,0,98.51285189718482,99.02447980416157,0.0
qwen,truthfulqa,EN+S1,L:en,S:T1.0:seed1,S,False,2,blind,both_answered,816,96,0.7438725490196079,0.7463235294117647,0.11764705882352941,0.6666666666666666,0.3333333333333333,0.0,0.0,0.7463235294117647,0.031250000000000056,0.0,0.0,S:T1.0:seed1,0.61,14.815,17.4,0.4595625168323454,-0.08087496633530915,-0.08087496633530915,4.799062079177437e-18,0,0,98.36151960784314,98.97058823529412,0.0
qwen,truthfulqa,EN+S1,L:en,S:T1.0:seed1,S,False,2,judge,all,817,97,0.7441860465116279,0.7454100367197063,0.11872705018359853,0.6701030927835051,0.33505154639175255,0.0,0.001223990208078285,0.7552019583843329,0.2615384615384616,0.0,0.030927835051546393,S:T1.0:seed1,0.54,14.565,17.74,0.4501323601242699,-0.09973527975146038,0.26617665812057006,0.32888564141378285,0,0,98.51285189718482,99.02447980416157,12.95593635250918
qwen,truthfulqa,EN+S1,L:en,S:T1.0:seed1,S,False,2,judge,both_answered,816,96,0.7438725490196079,0.7463235294117647,0.11764705882352941,0.6666666666666666,0.3333333333333333,0.0,0.0,0.7549019607843137,0.2500000000000001,0.0,0.03125,S:T1.0:seed1,0.61,14.815,17.4,0.4595625168323454,-0.08087496633530915,0.2579651284137933,0.3078496517816026,0,0,98.36151960784314,98.97058823529412,12.846813725490197
qwen,truthfulqa,EN+S1,L:en,S:T1.0:seed1,S,False,2,debate,all,817,97,0.7441860465116279,0.7454100367197063,0.11872705018359853,0.6701030927835051,0.33505154639175255,0.0,0.001223990208078285,0.7478580171358629,0.07692307692307698,0.020618556701030927,0.08247422680412371,S:T1.0:seed1,0.54,14.565,17.74,0.4501323601242699,-0.09973527975146038,0.07213974678281321,0.15110090389897565,0,0,98.51285189718482,99.02447980416157,54.75030599755202
qwen,truthfulqa,EN+S1,L:en,S:T1.0:seed1,S,False,2,debate,both_answered,816,96,0.7438725490196079,0.7463235294117647,0.11764705882352941,0.6666666666666666,0.3333333333333333,0.0,0.0,0.7487745098039216,0.09375,0.010416666666666666,0.08333333333333333,S:T1.0:seed1,0.61,14.815,17.4,0.4595625168323454,-0.08087496633530915,0.09018000634913019,0.15185177768717278,0,0,98.36151960784314,98.97058823529412,54.294117647058826
qwen,truthfulqa,S1+S2,S:T1.0:seed1,S:T1.0:seed2,S,True,2,blind,all,817,110,0.7454100367197063,0.7490820073439413,0.1346389228886169,0.6636363636363637,0.33181818181818185,0.001223990208078285,0.0,0.7490820073439413,0.04109589041095883,0.0,0.0,S:T1.0:seed2,0.7150000000000001,16.985,19.44,0.4654791199225529,-0.06904176015489406,-0.06904176015489406,-1.7673400239077555e-18,0,0,99.02447980416157,100.22399020807833,0.0
qwen,truthfulqa,S1+S2,S:T1.0:seed1,S:T1.0:seed2,S,True,2,blind,both_answered,816,109,0.7463235294117647,0.7487745098039216,0.13357843137254902,0.6605504587155964,0.3302752293577982,0.0,0.0,0.7487745098039216,0.027777777777777776,0.0,0.0,S:T1.0:seed2,0.5549999999999999,16.52,19.445,0.45967345465996234,-0.08065309068007542,-0.08065309068007542,-1.5792412231277964e-18,0,0,98.97058823529412,100.1593137254902,0.0
qwen,truthfulqa,S1+S2,S:T1.0:seed1,S:T1.0:seed2,S,True,2,judge,all,817,110,0.7454100367197063,0.7490820073439413,0.1346389228886169,0.6636363636363637,0.33181818181818185,0.001223990208078285,0.0,0.7552019583843329,0.17808219178082188,0.0,0.0,S:T1.0:seed2,0.7150000000000001,16.985,19.44,0.4654791199225529,-0.06904176015489406,0.16683423957543675,0.21421765650257374,0,0,99.02447980416157,100.22399020807833,14.884944920440637
qwen,truthfulqa,S1+S2,S:T1.0:seed1,S:T1.0:seed2,S,True,2,judge,both_answered,816,109,0.7463235294117647,0.7487745098039216,0.13357843137254902,0.6605504587155964,0.3302752293577982,0.0,0.0,0.7549019607843137,0.16666666666666666,0.0,0.0,S:T1.0:seed2,0.5549999999999999,16.52,19.445,0.45967345465996234,-0.08065309068007542,0.1645411218396821,0.22382948695611232,0,0,98.97058823529412,100.1593137254902,14.790441176470589
qwen,truthfulqa,EN+P1,L:en,P:expert,P,False,2,blind,all,817,121,0.7441860465116279,0.7613219094247246,0.1481028151774786,0.6942148760330579,0.34710743801652894,0.0,0.0,0.7613219094247246,0.16666666666666657,0.0,0.0,P:expert,0.91,23.215,18.9,0.551623647420813,0.10324729484162604,0.10324729484162601,-2.064387598902549e-17,0,0,98.51285189718482,104.9608323133415,0.0
qwen,truthfulqa,EN+P1,L:en,P:expert,P,False,2,blind,both_answered,817,121,0.7441860465116279,0.7613219094247246,0.1481028151774786,0.6942148760330579,0.34710743801652894,0.0,0.0,0.7613219094247246,0.16666666666666657,0.0,0.0,P:expert,0.91,23.215,18.9,0.551623647420813,0.10324729484162604,0.10324729484162601,-2.064387598902549e-17,0,0,98.51285189718482,104.9608323133415,0.0
qwen,truthfulqa,EN+P1,L:en,P:expert,P,False,2,judge,all,817,121,0.7441860465116279,0.7613219094247246,0.1481028151774786,0.6942148760330579,0.34710743801652894,0.0,0.0,0.7674418604651163,0.2857142857142857,0.0,0.024793388429752067,P:expert,0.91,23.215,18.9,0.551623647420813,0.10324729484162604,0.28034922698628345,0.17469429571664286,0,0,98.51285189718482,104.9608323133415,16.210526315789473
qwen,truthfulqa,EN+P1,L:en,P:expert,P,False,2,judge,both_answered,817,121,0.7441860465116279,0.7613219094247246,0.1481028151774786,0.6942148760330579,0.34710743801652894,0.0,0.0,0.7674418604651163,0.2857142857142857,0.0,0.024793388429752067,P:expert,0.91,23.215,18.9,0.551623647420813,0.10324729484162604,0.28034922698628345,0.17469429571664286,0,0,98.51285189718482,104.9608323133415,16.210526315789473
qwen,truthfulqa,P1+P2,P:expert,P:skeptic,P,True,2,blind,all,817,116,0.7613219094247246,0.784577723378213,0.1419828641370869,0.75,0.375,0.0,0.0,0.784577723378213,0.21839080459770122,0.0,0.0,P:skeptic,0.99,26.55,17.205,0.6062978583216475,0.21259571664329502,0.212595716643295,-1.563553900110007e-17,0,0,104.9608323133415,116.40269277845778,0.0
qwen,truthfulqa,P1+P2,P:expert,P:skeptic,P,True,2,blind,both_answered,817,116,0.7613219094247246,0.784577723378213,0.1419828641370869,0.75,0.375,0.0,0.0,0.784577723378213,0.21839080459770122,0.0,0.0,P:skeptic,0.99,26.55,17.205,0.6062978583216475,0.21259571664329502,0.212595716643295,-1.563553900110007e-17,0,0,104.9608323133415,116.40269277845778,0.0
qwen,truthfulqa,P1+P2,P:expert,P:skeptic,P,True,2,judge,all,817,116,0.7613219094247246,0.784577723378213,0.1419828641370869,0.75,0.375,0.0,0.0,0.7833537331701347,0.19540229885057472,0.0,0.05172413793103448,P:skeptic,0.99,26.55,17.205,0.6062978583216475,0.21259571664329502,0.19805774282283067,-0.03501442119621192,0,0,104.9608323133415,116.40269277845778,15.733170134638923
qwen,truthfulqa,P1+P2,P:expert,P:skeptic,P,True,2,judge,both_answered,817,116,0.7613219094247246,0.784577723378213,0.1419828641370869,0.75,0.375,0.0,0.0,0.7833537331701347,0.19540229885057472,0.0,0.05172413793103448,P:skeptic,0.99,26.55,17.205,0.6062978583216475,0.21259571664329502,0.19805774282283067,-0.03501442119621192,0,0,104.9608323133415,116.40269277845778,15.733170134638923
qwen,truthfulqa,P1+P2,P:expert,P:skeptic,P,True,2,debate,all,817,116,0.7613219094247246,0.784577723378213,0.1419828641370869,0.75,0.375,0.0,0.0,0.7821297429620563,0.17241379310344826,0.0,0.017241379310344827,P:skeptic,0.99,26.55,17.205,0.6062978583216475,0.21259571664329502,0.17976368556776534,-0.05902968549590959,0,0,104.9608323133415,116.40269277845778,61.25581395348837
qwen,truthfulqa,P1+P2,P:expert,P:skeptic,P,True,2,debate,both_answered,817,116,0.7613219094247246,0.784577723378213,0.1419828641370869,0.75,0.375,0.0,0.0,0.7821297429620563,0.17241379310344826,0.0,0.017241379310344827,P:skeptic,0.99,26.55,17.205,0.6062978583216475,0.21259571664329502,0.17976368556776534,-0.05902968549590959,0,0,104.9608323133415,116.40269277845778,61.25581395348837
qwen,truthfulqa,EN+W1,L:en,W:rewrite1,W,False,2,blind,all,817,134,0.7441860465116279,0.7662178702570379,0.16401468788249693,0.6716417910447762,0.3358208955223881,0.0,0.0,0.7662178702570379,0.1999999999999999,0.0,0.0,W:rewrite1,0.97,26.76,18.57,0.590608126369058,0.1812162527381161,0.18121625273811606,2.2704714389713827e-19,0,0,98.51285189718482,97.63769889840881,0.0
qwen,truthfulqa,EN+W1,L:en,W:rewrite1,W,False,2,blind,both_answered,817,134,0.7441860465116279,0.7662178702570379,0.16401468788249693,0.6716417910447762,0.3358208955223881,0.0,0.0,0.7662178702570379,0.1999999999999999,0.0,0.0,W:rewrite1,0.97,26.76,18.57,0.590608126369058,0.1812162527381161,0.18121625273811606,2.2704714389713827e-19,0,0,98.51285189718482,97.63769889840881,0.0
qwen,truthfulqa,EN+W1,L:en,W:rewrite1,W,False,2,judge,all,817,134,0.7441860465116279,0.7662178702570379,0.16401468788249693,0.6716417910447762,0.3358208955223881,0.0,0.0,0.7723378212974297,0.311111111111111,0.0,0.007462686567164179,W:rewrite1,0.97,26.76,18.57,0.590608126369058,0.1812162527381161,0.3167105043986538,0.1472958782817702,0,0,98.51285189718482,97.63769889840881,17.15299877600979
qwen,truthfulqa,EN+W1,L:en,W:rewrite1,W,False,2,judge,both_answered,817,134,0.7441860465116279,0.7662178702570379,0.16401468788249693,0.6716417910447762,0.3358208955223881,0.0,0.0,0.7723378212974297,0.311111111111111,0.0,0.007462686567164179,W:rewrite1,0.97,26.76,18.57,0.590608126369058,0.1812162527381161,0.3167105043986538,0.1472958782817702,0,0,98.51285189718482,97.63769889840881,17.15299877600979
qwen,truthfulqa,W1+W2,W:rewrite1,W:rewrite2,W,True,2,blind,all,817,111,0.7662178702570379,0.7417380660954712,0.13586291309669524,0.6306306306306306,0.3153153153153153,0.0,0.0,0.7662178702570379,0.2857142857142858,0.0,0.0,W:rewrite1,0.985,22.52,12.74,0.6387443476544812,0.27748869530896236,0.27748869530896236,9.3584370211957e-20,0,0,97.63769889840881,99.05507955936352,0.0
qwen,truthfulqa,W1+W2,W:rewrite1,W:rewrite2,W,True,2,blind,both_answered,817,111,0.7662178702570379,0.7417380660954712,0.13586291309669524,0.6306306306306306,0.3153153153153153,0.0,0.0,0.7662178702570379,0.2857142857142858,0.0,0.0,W:rewrite1,0.985,22.52,12.74,0.6387443476544812,0.27748869530896236,0.27748869530896236,9.3584370211957e-20,0,0,97.63769889840881,99.05507955936352,0.0
qwen,truthfulqa,W1+W2,W:rewrite1,W:rewrite2,W,True,2,judge,all,817,111,0.7662178702570379,0.7417380660954712,0.13586291309669524,0.6306306306306306,0.3153153153153153,0.0,0.0,0.762545899632803,0.20000000000000007,0.0,0.036036036036036036,W:rewrite1,0.985,22.52,12.74,0.6387443476544812,0.27748869530896236,0.20366190115056643,-0.14108193620248574,0,0,97.63769889840881,99.05507955936352,14.575275397796817
qwen,truthfulqa,W1+W2,W:rewrite1,W:rewrite2,W,True,2,judge,both_answered,817,111,0.7662178702570379,0.7417380660954712,0.13586291309669524,0.6306306306306306,0.3153153153153153,0.0,0.0,0.762545899632803,0.20000000000000007,0.0,0.036036036036036036,W:rewrite1,0.985,22.52,12.74,0.6387443476544812,0.27748869530896236,0.20366190115056643,-0.14108193620248574,0,0,97.63769889840881,99.05507955936352,14.575275397796817
qwen,truthfulqa,EN+R,L:en,R:short_cot,R,False,2,blind,all,817,117,0.7441860465116279,0.7282741738066095,0.14320685434516525,0.6752136752136753,0.33760683760683763,0.0,0.0,0.7441860465116279,0.16455696202531636,0.0,0.0,L:en,0.93,21.985,17.645,0.5552824602759671,0.11056492055193416,0.11056492055193415,-2.6775287471091263e-17,0,0,98.51285189718482,65.11627906976744,0.0
qwen,truthfulqa,EN+R,L:en,R:short_cot,R,False,2,blind,both_answered,817,117,0.7441860465116279,0.7282741738066095,0.14320685434516525,0.6752136752136753,0.33760683760683763,0.0,0.0,0.7441860465116279,0.16455696202531636,0.0,0.0,L:en,0.93,21.985,17.645,0.5552824602759671,0.11056492055193416,0.11056492055193415,-2.6775287471091263e-17,0,0,98.51285189718482,65.11627906976744,0.0
qwen,truthfulqa,EN+R,L:en,R:short_cot,R,False,2,judge,all,817,117,0.7441860465116279,0.7282741738066095,0.14320685434516525,0.6752136752136753,0.33760683760683763,0.0,0.0,0.7503059975520195,0.29113924050632906,0.0,0.017094017094017096,L:en,0.93,21.985,17.645,0.5552824602759671,0.11056492055193416,0.29108622640404586,0.18006953577537194,0,0,98.51285189718482,65.11627906976744,15.0734394124847
qwen,truthfulqa,EN+R,L:en,R:short_cot,R,False,2,judge,both_answered,817,117,0.7441860465116279,0.7282741738066095,0.14320685434516525,0.6752136752136753,0.33760683760683763,0.0,0.0,0.7503059975520195,0.29113924050632906,0.0,0.017094017094017096,L:en,0.93,21.985,17.645,0.5552824602759671,0.11056492055193416,0.29108622640404586,0.18006953577537194,0,0,98.51285189718482,65.11627906976744,15.0734394124847
qwen,truthfulqa,EN+SR-EN,L:en,F:en,F,False,2,blind,all,817,17,0.7441860465116279,0.7539779681762546,0.0208078335373317,0.5882352941176471,0.29411764705882354,0.0,0.0,0.7539779681762546,0.7999999999999999,0.0,0.0,F:en,0.985,4.31,0.655,0.8728531746031746,0.7457063492063492,0.7457063492063492,-4.6089533820448026e-17,0,91,98.51285189718482,83.80538555691554,0.0
qwen,truthfulqa,EN+SR-EN,L:en,F:en,F,False,2,blind,both_answered,817,17,0.7441860465116279,0.7539779681762546,0.0208078335373317,0.5882352941176471,0.29411764705882354,0.0,0.0,0.7539779681762546,0.7999999999999999,0.0,0.0,F:en,0.985,4.31,0.655,0.8728531746031746,0.7457063492063492,0.7457063492063492,-4.6089533820448026e-17,0,91,98.51285189718482,83.80538555691554,0.0
qwen,truthfulqa,EN+SR-EN,L:en,F:en,F,False,2,judge,all,817,17,0.7441860465116279,0.7539779681762546,0.0208078335373317,0.5882352941176471,0.29411764705882354,0.0,0.0,0.7515299877600979,0.3999999999999999,0.0,0.11764705882352941,F:en,0.985,4.31,0.655,0.8728531746031746,0.7457063492063492,0.4046349206349207,-0.5328746177370031,0,91,98.51285189718482,83.80538555691554,2.313341493268054
qwen,truthfulqa,EN+SR-EN,L:en,F:en,F,False,2,judge,both_answered,817,17,0.7441860465116279,0.7539779681762546,0.0208078335373317,0.5882352941176471,0.29411764705882354,0.0,0.0,0.7515299877600979,0.3999999999999999,0.0,0.11764705882352941,F:en,0.985,4.31,0.655,0.8728531746031746,0.7457063492063492,0.4046349206349207,-0.5328746177370031,0,91,98.51285189718482,83.80538555691554,2.313341493268054
qwen,truthfulqa,ZH+SR-ZH,L:zh,F:zh,F,False,0,blind,all,817,33,0.7552019583843329,0.7527539779681762,0.04039167686658507,0.8484848484848485,0.42424242424242425,0.0,0.0,0.7552019583843329,0.07142857142857137,0.0,0.0,L:zh,0.635,6.225,7.87,0.4407314330621219,-0.11853713387575616,-0.11853713387575619,-4.1446761747373144e-18,0,0,81.94124847001224,63.28274173806609,0.0
qwen,truthfulqa,ZH+SR-ZH,L:zh,F:zh,F,False,0,blind,both_answered,817,33,0.7552019583843329,0.7527539779681762,0.04039167686658507,0.8484848484848485,0.42424242424242425,0.0,0.0,0.7552019583843329,0.07142857142857137,0.0,0.0,L:zh,0.635,6.225,7.87,0.4407314330621219,-0.11853713387575616,-0.11853713387575619,-4.1446761747373144e-18,0,0,81.94124847001224,63.28274173806609,0.0
qwen,truthfulqa,ZH+SR-ZH,L:zh,F:zh,F,False,0,judge,all,817,33,0.7552019583843329,0.7527539779681762,0.04039167686658507,0.8484848484848485,0.42424242424242425,0.0,0.0,0.762545899632803,0.49999999999999994,0.0,0.0,L:zh,0.635,6.225,7.87,0.4407314330621219,-0.11853713387575616,0.4911367316893633,0.5358809523809523,0,0,81.94124847001224,63.28274173806609,4.078335373317014
qwen,truthfulqa,ZH+SR-ZH,L:zh,F:zh,F,False,0,judge,both_answered,817,33,0.7552019583843329,0.7527539779681762,0.04039167686658507,0.8484848484848485,0.42424242424242425,0.0,0.0,0.762545899632803,0.49999999999999994,0.0,0.0,L:zh,0.635,6.225,7.87,0.4407314330621219,-0.11853713387575616,0.4911367316893633,0.5358809523809523,0,0,81.94124847001224,63.28274173806609,4.078335373317014
qwen,commonsenseqa,EN+ZH,L:en,L:zh,L,False,1,blind,all,2000,572,0.769,0.66,0.286,0.8181818181818182,0.4090909090909091,0.0,0.0,0.769,0.4658119658119658,0.0,0.0,L:en,1.0,172.075,62.65,0.7330565332576638,0.4661130665153275,0.4661130665153275,7.239150437272273e-18,0,0,86.8085,70.9615,0.0
qwen,commonsenseqa,EN+ZH,L:en,L:zh,L,False,1,blind,both_answered,2000,572,0.769,0.66,0.286,0.8181818181818182,0.4090909090909091,0.0,0.0,0.769,0.4658119658119658,0.0,0.0,L:en,1.0,172.075,62.65,0.7330565332576638,0.4661130665153275,0.4661130665153275,7.239150437272273e-18,0,0,86.8085,70.9615,0.0
qwen,commonsenseqa,EN+ZH,L:en,L:zh,L,False,1,judge,all,2000,572,0.769,0.66,0.286,0.8181818181818182,0.4090909090909091,0.0,0.0,0.754,0.33760683760683746,0.0,0.026223776223776224,L:en,1.0,172.075,62.65,0.7330565332576638,0.4661130665153275,0.33608598524845085,-0.24901395826354228,0,0,86.8085,70.9615,29.8185
qwen,commonsenseqa,EN+ZH,L:en,L:zh,L,False,1,judge,both_answered,2000,572,0.769,0.66,0.286,0.8181818181818182,0.4090909090909091,0.0,0.0,0.754,0.33760683760683746,0.0,0.026223776223776224,L:en,1.0,172.075,62.65,0.7330565332576638,0.4661130665153275,0.33608598524845085,-0.24901395826354228,0,0,86.8085,70.9615,29.8185
qwen,commonsenseqa,EN+ZH,L:en,L:zh,L,False,1,debate,all,2000,572,0.769,0.66,0.286,0.8181818181818182,0.4090909090909091,0.0,0.0,0.7535,0.33333333333333315,0.0,0.01048951048951049,L:en,1.0,172.075,62.65,0.7330565332576638,0.4661130665153275,0.32779329740150037,-0.2647104180977552,0,0,86.8085,70.9615,125.657
qwen,commonsenseqa,EN+ZH,L:en,L:zh,L,False,1,debate,both_answered,2000,572,0.769,0.66,0.286,0.8181818181818182,0.4090909090909091,0.0,0.0,0.7535,0.33333333333333315,0.0,0.01048951048951049,L:en,1.0,172.075,62.65,0.7330565332576638,0.4661130665153275,0.32779329740150037,-0.2647104180977552,0,0,86.8085,70.9615,125.657
qwen,commonsenseqa,EN+JA,L:en,L:ja,L,False,1,blind,all,2000,604,0.769,0.654,0.302,0.8311258278145696,0.4155629139072848,0.0,0.0,0.769,0.45816733067729076,0.0,0.0,L:en,1.0,183.32,67.7,0.7303071997205168,0.46061439944103383,0.46061439944103383,-7.852992290010749e-18,0,0,86.8085,104.12,0.0
qwen,commonsenseqa,EN+JA,L:en,L:ja,L,False,1,blind,both_answered,2000,604,0.769,0.654,0.302,0.8311258278145696,0.4155629139072848,0.0,0.0,0.769,0.45816733067729076,0.0,0.0,L:en,1.0,183.32,67.7,0.7303071997205168,0.46061439944103383,0.46061439944103383,-7.852992290010749e-18,0,0,86.8085,104.12,0.0
qwen,commonsenseqa,EN+JA,L:en,L:ja,L,False,1,judge,all,2000,604,0.769,0.654,0.302,0.8311258278145696,0.4155629139072848,0.0,0.0,0.7555,0.350597609561753,0.0016556291390728477,0.018211920529801324,L:en,1.0,183.32,67.7,0.7303071997205168,0.46061439944103383,0.35484903745820545,-0.20130019985052186,0,0,86.8085,104.12,36.1315
qwen,commonsenseqa,EN+JA,L:en,L:ja,L,False,1,judge,both_answered,2000,604,0.769,0.654,0.302,0.8311258278145696,0.4155629139072848,0.0,0.0,0.7555,0.350597609561753,0.0016556291390728477,0.018211920529801324,L:en,1.0,183.32,67.7,0.7303071997205168,0.46061439944103383,0.35484903745820545,-0.20130019985052186,0,0,86.8085,104.12,36.1315
qwen,commonsenseqa,EN+JA,L:en,L:ja,L,False,1,debate,all,2000,604,0.769,0.654,0.302,0.8311258278145696,0.4155629139072848,0.0,0.0,0.7585,0.3745019920318724,0.0,0.014900662251655629,L:en,1.0,183.32,67.7,0.7303071997205168,0.46061439944103383,0.3768741064436493,-0.15917919493278462,0,0,86.8085,104.12,161.509
qwen,commonsenseqa,EN+JA,L:en,L:ja,L,False,1,debate,both_answered,2000,604,0.769,0.654,0.302,0.8311258278145696,0.4155629139072848,0.0,0.0,0.7585,0.3745019920318724,0.0,0.014900662251655629,L:en,1.0,183.32,67.7,0.7303071997205168,0.46061439944103383,0.3768741064436493,-0.15917919493278462,0,0,86.8085,104.12,161.509
qwen,commonsenseqa,EN+RU,L:en,L:ru,L,False,1,blind,all,2000,600,0.769,0.65,0.3,0.82,0.41,0.0,0.0,0.769,0.48373983739837395,0.0,0.0,L:en,1.0,182.59,63.23,0.7426143763772666,0.4852287527545331,0.4852287527545331,-2.4642221309130773e-18,0,0,86.8085,119.5915,0.0
qwen,commonsenseqa,EN+RU,L:en,L:ru,L,False,1,blind,both_answered,2000,600,0.769,0.65,0.3,0.82,0.41,0.0,0.0,0.769,0.48373983739837395,0.0,0.0,L:en,1.0,182.59,63.23,0.7426143763772666,0.4852287527545331,0.4852287527545331,-2.4642221309130773e-18,0,0,86.8085,119.5915,0.0
qwen,commonsenseqa,EN+RU,L:en,L:ru,L,False,1,debate,all,2000,600,0.769,0.65,0.3,0.82,0.41,0.0,0.0,0.746,0.29674796747967475,0.0,0.01,L:en,1.0,182.59,63.23,0.7426143763772666,0.4852287527545331,0.2932537831886854,-0.37956739232426706,0,0,86.8085,119.5915,160.1935
qwen,commonsenseqa,EN+RU,L:en,L:ru,L,False,1,debate,both_answered,2000,600,0.769,0.65,0.3,0.82,0.41,0.0,0.0,0.746,0.29674796747967475,0.0,0.01,L:en,1.0,182.59,63.23,0.7426143763772666,0.4852287527545331,0.2932537831886854,-0.37956739232426706,0,0,86.8085,119.5915,160.1935
qwen,commonsenseqa,EN+ES,L:en,L:es,L,False,1,blind,all,2000,548,0.769,0.669,0.274,0.791970802919708,0.395985401459854,0.0,0.0,0.769,0.4608294930875578,0.0,0.0,L:en,1.0,158.81,58.37,0.731210285158275,0.4624205703165497,0.4624205703165498,1.891658858618448e-17,0,0,86.8085,109.999,0.0
qwen,commonsenseqa,EN+ES,L:en,L:es,L,False,1,blind,both_answered,2000,548,0.769,0.669,0.274,0.791970802919708,0.395985401459854,0.0,0.0,0.769,0.4608294930875578,0.0,0.0,L:en,1.0,158.81,58.37,0.731210285158275,0.4624205703165497,0.4624205703165498,1.891658858618448e-17,0,0,86.8085,109.999,0.0
qwen,commonsenseqa,EN+ES,L:en,L:es,L,False,1,debate,all,2000,548,0.769,0.669,0.274,0.791970802919708,0.395985401459854,0.0,0.0,0.756,0.34101382488479276,0.0,0.012773722627737226,L:en,1.0,158.81,58.37,0.731210285158275,0.4624205703165497,0.34190607708783816,-0.23086628688569946,0,0,86.8085,109.999,157.022
qwen,commonsenseqa,EN+ES,L:en,L:es,L,False,1,debate,both_answered,2000,548,0.769,0.669,0.274,0.791970802919708,0.395985401459854,0.0,0.0,0.756,0.34101382488479276,0.0,0.012773722627737226,L:en,1.0,158.81,58.37,0.731210285158275,0.4624205703165497,0.34190607708783816,-0.23086628688569946,0,0,86.8085,109.999,157.022
qwen,commonsenseqa,ZH+JA,L:zh,L:ja,L,True,0,blind,all,2000,658,0.66,0.654,0.329,0.7659574468085106,0.3829787234042553,0.0,0.0,0.66,0.023809523809523885,0.0,0.0,L:zh,0.695,122.585,128.75,0.4877078210265042,-0.024584357946991826,-0.02458435794699181,1.1353529744096983e-17,0,0,70.9615,104.12,0.0
qwen,commonsenseqa,ZH+JA,L:zh,L:ja,L,True,0,blind,both_answered,2000,658,0.66,0.654,0.329,0.7659574468085106,0.3829787234042553,0.0,0.0,0.66,0.023809523809523885,0.0,0.0,L:zh,0.695,122.585,128.75,0.4877078210265042,-0.024584357946991826,-0.02458435794699181,1.1353529744096983e-17,0,0,70.9615,104.12,0.0
qwen,commonsenseqa,ZH+JA,L:zh,L:ja,L,True,0,judge,all,2000,658,0.66,0.654,0.329,0.7659574468085106,0.3829787234042553,0.0,0.0,0.7225,0.51984126984127,0.0,0.0547112462006079,L:zh,0.695,122.585,128.75,0.4877078210265042,-0.024584357946991826,0.5202112749115869,0.5305971750923515,0,0,70.9615,104.12,35.509
qwen,commonsenseqa,ZH+JA,L:zh,L:ja,L,True,0,judge,both_answered,2000,658,0.66,0.654,0.329,0.7659574468085106,0.3829787234042553,0.0,0.0,0.7225,0.51984126984127,0.0,0.0547112462006079,L:zh,0.695,122.585,128.75,0.4877078210265042,-0.024584357946991826,0.5202112749115869,0.5305971750923515,0,0,70.9615,104.12,35.509
qwen,commonsenseqa,ZH+JA,L:zh,L:ja,L,True,0,debate,all,2000,658,0.66,0.654,0.329,0.7659574468085106,0.3829787234042553,0.0,0.0,0.6865,0.23412698412698418,0.0,0.0425531914893617,L:zh,0.695,122.585,128.75,0.4877078210265042,-0.024584357946991826,0.2299008100857639,0.24672671205740065,0,0,70.9615,104.12,154.6465
qwen,commonsenseqa,ZH+JA,L:zh,L:ja,L,True,0,debate,both_answered,2000,658,0.66,0.654,0.329,0.7659574468085106,0.3829787234042553,0.0,0.0,0.6865,0.23412698412698418,0.0,0.0425531914893617,L:zh,0.695,122.585,128.75,0.4877078210265042,-0.024584357946991826,0.2299008100857639,0.24672671205740065,0,0,70.9615,104.12,154.6465
qwen,commonsenseqa,ZH+RU,L:zh,L:ru,L,True,0,blind,all,2000,651,0.66,0.65,0.3255,0.7588325652841782,0.3794162826420891,0.0,0.0,0.66,0.040485829959514094,0.0,0.0,L:zh,0.76,122.76,125.015,0.49551425166896723,-0.008971496662065521,-0.008971496662065516,4.671998795712965e-18,0,0,70.9615,119.5915,0.0
qwen,commonsenseqa,ZH+RU,L:zh,L:ru,L,True,0,blind,both_answered,2000,651,0.66,0.65,0.3255,0.7588325652841782,0.3794162826420891,0.0,0.0,0.66,0.040485829959514094,0.0,0.0,L:zh,0.76,122.76,125.015,0.49551425166896723,-0.008971496662065521,-0.008971496662065516,4.671998795712965e-18,0,0,70.9615,119.5915,0.0
qwen,commonsenseqa,ZH+RU,L:zh,L:ru,L,True,0,debate,all,2000,651,0.66,0.65,0.3255,0.7588325652841782,0.3794162826420891,0.0,0.0,0.686,0.25101214574898784,0.0,0.029185867895545316,L:zh,0.76,122.76,125.015,0.49551425166896723,-0.008971496662065521,0.25054062196804344,0.2545118726515227,0,0,70.9615,119.5915,156.946
qwen,commonsenseqa,ZH+RU,L:zh,L:ru,L,True,0,debate,both_answered,2000,651,0.66,0.65,0.3255,0.7588325652841782,0.3794162826420891,0.0,0.0,0.686,0.25101214574898784,0.0,0.029185867895545316,L:zh,0.76,122.76,125.015,0.49551425166896723,-0.008971496662065521,0.25054062196804344,0.2545118726515227,0,0,70.9615,119.5915,156.946
qwen,commonsenseqa,ZH+ES,L:zh,L:es,L,True,0,blind,all,2000,646,0.66,0.669,0.323,0.7708978328173375,0.38544891640866874,0.0,0.0,0.669,0.036144578313253,0.0,0.0,L:es,0.755,123.72,126.615,0.4942699593688319,-0.011460081262336172,-0.01146008126233617,3.1559774898715023e-18,0,0,70.9615,109.999,0.0
qwen,commonsenseqa,ZH+ES,L:zh,L:es,L,True,0,blind,both_answered,2000,646,0.66,0.669,0.323,0.7708978328173375,0.38544891640866874,0.0,0.0,0.669,0.036144578313253,0.0,0.0,L:es,0.755,123.72,126.615,0.4942699593688319,-0.011460081262336172,-0.01146008126233617,3.1559774898715023e-18,0,0,70.9615,109.999,0.0
qwen,commonsenseqa,ZH+ES,L:zh,L:es,L,True,0,debate,all,2000,646,0.66,0.669,0.323,0.7708978328173375,0.38544891640866874,0.0,0.0,0.686,0.17269076305220882,0.0,0.04179566563467492,L:es,0.755,123.72,126.615,0.4942699593688319,-0.011460081262336172,0.16802296628550806,0.1747964656461582,0,0,70.9615,109.999,163.0505
qwen,commonsenseqa,ZH+ES,L:zh,L:es,L,True,0,debate,both_answered,2000,646,0.66,0.669,0.323,0.7708978328173375,0.38544891640866874,0.0,0.0,0.686,0.17269076305220882,0.0,0.04179566563467492,L:es,0.755,123.72,126.615,0.4942699593688319,-0.011460081262336172,0.16802296628550806,0.1747964656461582,0,0,70.9615,109.999,163.0505
qwen,commonsenseqa,JA+RU,L:ja,L:ru,L,True,0,blind,all,2000,695,0.654,0.65,0.3475,0.7683453237410072,0.3841726618705036,0.0,0.0,0.654,0.014981273408239694,0.0,0.0,L:ja,0.64,129.915,137.655,0.4854827044262795,-0.029034591147440923,-0.029034591147440912,6.265459308052406e-18,0,0,104.12,119.5915,0.0
qwen,commonsenseqa,JA+RU,L:ja,L:ru,L,True,0,blind,both_answered,2000,695,0.654,0.65,0.3475,0.7683453237410072,0.3841726618705036,0.0,0.0,0.654,0.014981273408239694,0.0,0.0,L:ja,0.64,129.915,137.655,0.4854827044262795,-0.029034591147440923,-0.029034591147440912,6.265459308052406e-18,0,0,104.12,119.5915,0.0
qwen,commonsenseqa,JA+RU,L:ja,L:ru,L,True,0,debate,all,2000,695,0.654,0.65,0.3475,0.7683453237410072,0.3841726618705036,0.0,0.0,0.6855,0.250936329588015,0.0,0.01870503597122302,L:ja,0.64,129.915,137.655,0.4854827044262795,-0.029034591147440923,0.2538800765468807,0.2739636127117438,0,0,104.12,119.5915,212.2765
qwen,commonsenseqa,JA+RU,L:ja,L:ru,L,True,0,debate,both_answered,2000,695,0.654,0.65,0.3475,0.7683453237410072,0.3841726618705036,0.0,0.0,0.6855,0.250936329588015,0.0,0.01870503597122302,L:ja,0.64,129.915,137.655,0.4854827044262795,-0.029034591147440923,0.2538800765468807,0.2739636127117438,0,0,104.12,119.5915,212.2765
qwen,commonsenseqa,JA+ES,L:ja,L:es,L,True,0,blind,all,2000,663,0.654,0.669,0.3315,0.7873303167420814,0.3936651583710407,0.0,0.0,0.669,0.057471264367816174,0.0,0.0,L:es,0.9,134.605,126.495,0.5155500297207091,0.031100059441418307,0.031100059441418318,1.2609668980041831e-17,0,0,104.12,109.999,0.0
qwen,commonsenseqa,JA+ES,L:ja,L:es,L,True,0,blind,both_answered,2000,663,0.654,0.669,0.3315,0.7873303167420814,0.3936651583710407,0.0,0.0,0.669,0.057471264367816174,0.0,0.0,L:es,0.9,134.605,126.495,0.5155500297207091,0.031100059441418307,0.031100059441418318,1.2609668980041831e-17,0,0,104.12,109.999,0.0
qwen,commonsenseqa,JA+ES,L:ja,L:es,L,True,0,debate,all,2000,663,0.654,0.669,0.3315,0.7873303167420814,0.3936651583710407,0.0,0.0,0.6985,0.2835249042145594,0.0,0.016591251885369532,L:es,0.9,134.605,126.495,0.5155500297207091,0.031100059441418307,0.2807712118085417,0.25466285787778703,0,0,104.12,109.999,210.5125
qwen,commonsenseqa,JA+ES,L:ja,L:es,L,True,0,debate,both_answered,2000,663,0.654,0.669,0.3315,0.7873303167420814,0.3936651583710407,0.0,0.0,0.6985,0.2835249042145594,0.0,0.016591251885369532,L:es,0.9,134.605,126.495,0.5155500297207091,0.031100059441418307,0.2807712118085417,0.25466285787778703,0,0,104.12,109.999,210.5125
qwen,commonsenseqa,RU+ES,L:ru,L:es,L,True,0,blind,all,2000,627,0.65,0.669,0.3135,0.7783094098883573,0.38915470494417864,0.0,0.0,0.669,0.07786885245901633,0.0,0.0,L:es,0.935,129.055,115.905,0.526800603707266,0.0536012074145321,0.053601207414532094,-8.718259490520314e-18,0,0,119.5915,109.999,0.0
qwen,commonsenseqa,RU+ES,L:ru,L:es,L,True,0,blind,both_answered,2000,627,0.65,0.669,0.3135,0.7783094098883573,0.38915470494417864,0.0,0.0,0.669,0.07786885245901633,0.0,0.0,L:es,0.935,129.055,115.905,0.526800603707266,0.0536012074145321,0.053601207414532094,-8.718259490520314e-18,0,0,119.5915,109.999,0.0
qwen,commonsenseqa,RU+ES,L:ru,L:es,L,True,0,debate,all,2000,627,0.65,0.669,0.3135,0.7783094098883573,0.38915470494417864,0.0,0.0,0.6835,0.19672131147540986,0.0,0.05263157894736842,L:es,0.935,129.055,115.905,0.526800603707266,0.0536012074145321,0.1914435515301338,0.14043459624502538,0,0,119.5915,109.999,195.1375
qwen,commonsenseqa,RU+ES,L:ru,L:es,L,True,0,debate,both_answered,2000,627,0.65,0.669,0.3135,0.7783094098883573,0.38915470494417864,0.0,0.0,0.6835,0.19672131147540986,0.0,0.05263157894736842,L:es,0.935,129.055,115.905,0.526800603707266,0.0536012074145321,0.1914435515301338,0.14043459624502538,0,0,119.5915,109.999,195.1375
qwen,commonsenseqa,EN+S1,L:en,S:T1.0:seed1,S,False,2,blind,all,2000,173,0.769,0.766,0.0865,0.7283236994219653,0.36416184971098264,0.0,0.0,0.769,0.047619047619047596,0.0,0.0,L:en,0.67,29.7,32.915,0.47452770367973285,-0.050944592640534365,-0.050944592640534365,-2.7592805665559195e-18,0,0,86.8085,87.987,0.0
qwen,commonsenseqa,EN+S1,L:en,S:T1.0:seed1,S,False,2,blind,both_answered,2000,173,0.769,0.766,0.0865,0.7283236994219653,0.36416184971098264,0.0,0.0,0.769,0.047619047619047596,0.0,0.0,L:en,0.67,29.7,32.915,0.47452770367973285,-0.050944592640534365,-0.050944592640534365,-2.7592805665559195e-18,0,0,86.8085,87.987,0.0
qwen,commonsenseqa,EN+S1,L:en,S:T1.0:seed1,S,False,2,judge,all,2000,173,0.769,0.766,0.0865,0.7283236994219653,0.36416184971098264,0.0,0.0,0.771,0.11111111111111122,0.0,0.0,L:en,0.67,29.7,32.915,0.47452770367973285,-0.050944592640534365,0.11023057321859456,0.14570762365214168,0,0,86.8085,87.987,9.3085
qwen,commonsenseqa,EN+S1,L:en,S:T1.0:seed1,S,False,2,judge,both_answered,2000,173,0.769,0.766,0.0865,0.7283236994219653,0.36416184971098264,0.0,0.0,0.771,0.11111111111111122,0.0,0.0,L:en,0.67,29.7,32.915,0.47452770367973285,-0.050944592640534365,0.11023057321859456,0.14570762365214168,0,0,86.8085,87.987,9.3085
qwen,commonsenseqa,EN+S1,L:en,S:T1.0:seed1,S,False,2,debate,all,2000,173,0.769,0.766,0.0865,0.7283236994219653,0.36416184971098264,0.0,0.0,0.7735,0.19047619047619055,0.005780346820809248,0.028901734104046242,L:en,0.67,29.7,32.915,0.47452770367973285,-0.050944592640534365,0.1954214243560228,0.22861500388135533,0,0,86.8085,87.987,48.2305
qwen,commonsenseqa,EN+S1,L:en,S:T1.0:seed1,S,False,2,debate,both_answered,2000,173,0.769,0.766,0.0865,0.7283236994219653,0.36416184971098264,0.0,0.0,0.7735,0.19047619047619055,0.005780346820809248,0.028901734104046242,L:en,0.67,29.7,32.915,0.47452770367973285,-0.050944592640534365,0.1954214243560228,0.22861500388135533,0,0,86.8085,87.987,48.2305
qwen,commonsenseqa,S1+S2,S:T1.0:seed1,S:T1.0:seed2,S,True,2,blind,all,2000,183,0.766,0.767,0.0915,0.7978142076502732,0.3989071038251366,0.0,0.0,0.767,0.013698630136986316,0.0,0.0,S:T1.0:seed2,0.6,34.37,38.355,0.47222430422706113,-0.055551391545877876,-0.05555139154587787,1.0461045816891809e-17,0,0,87.987,86.596,0.0
qwen,commonsenseqa,S1+S2,S:T1.0:seed1,S:T1.0:seed2,S,True,2,blind,both_answered,2000,183,0.766,0.767,0.0915,0.7978142076502732,0.3989071038251366,0.0,0.0,0.767,0.013698630136986316,0.0,0.0,S:T1.0:seed2,0.6,34.37,38.355,0.47222430422706113,-0.055551391545877876,-0.05555139154587787,1.0461045816891809e-17,0,0,87.987,86.596,0.0
qwen,commonsenseqa,S1+S2,S:T1.0:seed1,S:T1.0:seed2,S,True,2,judge,all,2000,183,0.766,0.767,0.0915,0.7978142076502732,0.3989071038251366,0.0,0.0,0.7685,0.054794520547945265,0.0,0.01639344262295082,S:T1.0:seed2,0.6,34.37,38.355,0.47222430422706113,-0.055551391545877876,0.05061903541415701,0.09818735925274356,0,0,87.987,86.596,9.665
qwen,commonsenseqa,S1+S2,S:T1.0:seed1,S:T1.0:seed2,S,True,2,judge,both_answered,2000,183,0.766,0.767,0.0915,0.7978142076502732,0.3989071038251366,0.0,0.0,0.7685,0.054794520547945265,0.0,0.01639344262295082,S:T1.0:seed2,0.6,34.37,38.355,0.47222430422706113,-0.055551391545877876,0.05061903541415701,0.09818735925274356,0,0,87.987,86.596,9.665
qwen,commonsenseqa,EN+P1,L:en,P:expert,P,False,2,blind,all,2000,198,0.769,0.769,0.099,0.8080808080808081,0.40404040404040403,0.0,0.0,0.769,0.0,0.0,0.0,P:expert,0.505,37.3,42.11,0.4694164973952379,-0.061167005209524256,-0.061167005209524256,7.791444942573066e-18,0,0,86.8085,91.6385,0.0
qwen,commonsenseqa,EN+P1,L:en,P:expert,P,False,2,blind,both_answered,2000,198,0.769,0.769,0.099,0.8080808080808081,0.40404040404040403,0.0,0.0,0.769,0.0,0.0,0.0,P:expert,0.505,37.3,42.11,0.4694164973952379,-0.061167005209524256,-0.061167005209524256,7.791444942573066e-18,0,0,86.8085,91.6385,0.0
qwen,commonsenseqa,EN+P1,L:en,P:expert,P,False,2,judge,all,2000,198,0.769,0.769,0.099,0.8080808080808081,0.40404040404040403,0.0,0.0,0.772,0.07500000000000007,0.0,0.005050505050505051,P:expert,0.505,37.3,42.11,0.4694164973952379,-0.061167005209524256,0.0823861008539608,0.1329421661891307,0,0,86.8085,91.6385,10.642
qwen,commonsenseqa,EN+P1,L:en,P:expert,P,False,2,judge,both_answered,2000,198,0.769,0.769,0.099,0.8080808080808081,0.40404040404040403,0.0,0.0,0.772,0.07500000000000007,0.0,0.005050505050505051,P:expert,0.505,37.3,42.11,0.4694164973952379,-0.061167005209524256,0.0823861008539608,0.1329421661891307,0,0,86.8085,91.6385,10.642
qwen,commonsenseqa,P1+P2,P:expert,P:skeptic,P,True,2,blind,all,2000,263,0.769,0.766,0.1315,0.8288973384030418,0.4144486692015209,0.0,0.0,0.769,0.02752293577981648,0.0,0.0,P:expert,0.705,52.765,56.275,0.4839332874116306,-0.03213342517673881,-0.032133425176738804,7.223265722404522e-18,0,0,91.6385,110.852,0.0
qwen,commonsenseqa,P1+P2,P:expert,P:skeptic,P,True,2,blind,both_answered,2000,263,0.769,0.766,0.1315,0.8288973384030418,0.4144486692015209,0.0,0.0,0.769,0.02752293577981648,0.0,0.0,P:expert,0.705,52.765,56.275,0.4839332874116306,-0.03213342517673881,-0.032133425176738804,7.223265722404522e-18,0,0,91.6385,110.852,0.0
qwen,commonsenseqa,P1+P2,P:expert,P:skeptic,P,True,2,judge,all,2000,263,0.769,0.766,0.1315,0.8288973384030418,0.4144486692015209,0.0,0.0,0.7735,0.11009174311926606,0.0,0.011406844106463879,P:expert,0.705,52.765,56.275,0.4839332874116306,-0.03213342517673881,0.11340487802616415,0.13858594950969663,0,0,91.6385,110.852,14.934
qwen,commonsenseqa,P1+P2,P:expert,P:skeptic,P,True,2,judge,both_answered,2000,263,0.769,0.766,0.1315,0.8288973384030418,0.4144486692015209,0.0,0.0,0.7735,0.11009174311926606,0.0,0.011406844106463879,P:expert,0.705,52.765,56.275,0.4839332874116306,-0.03213342517673881,0.11340487802616415,0.13858594950969663,0,0,91.6385,110.852,14.934
qwen,commonsenseqa,P1+P2,P:expert,P:skeptic,P,True,2,debate,all,2000,263,0.769,0.766,0.1315,0.8288973384030418,0.4144486692015209,0.0,0.0,0.778,0.19266055045871563,0.0,0.011406844106463879,P:expert,0.705,52.765,56.275,0.4839332874116306,-0.03213342517673881,0.19279610961779411,0.21524234875418025,0,0,91.6385,110.852,76.046
qwen,commonsenseqa,P1+P2,P:expert,P:skeptic,P,True,2,debate,both_answered,2000,263,0.769,0.766,0.1315,0.8288973384030418,0.4144486692015209,0.0,0.0,0.778,0.19266055045871563,0.0,0.011406844106463879,P:expert,0.705,52.765,56.275,0.4839332874116306,-0.03213342517673881,0.19279610961779411,0.21524234875418025,0,0,91.6385,110.852,76.046
qwen,commonsenseqa,EN+W1,L:en,W:rewrite1,W,False,2,blind,all,2000,389,0.769,0.7305,0.1945,0.8097686375321337,0.40488431876606684,0.0,0.0,0.769,0.24444444444444438,0.0,0.0,L:en,1.0,98.035,59.64,0.6217903036470659,0.24358060729413175,0.24358060729413178,2.723956848672034e-17,0,0,86.8085,89.6865,0.0
qwen,commonsenseqa,EN+W1,L:en,W:rewrite1,W,False,2,blind,both_answered,2000,389,0.769,0.7305,0.1945,0.8097686375321337,0.40488431876606684,0.0,0.0,0.769,0.24444444444444438,0.0,0.0,L:en,1.0,98.035,59.64,0.6217903036470659,0.24358060729413175,0.24358060729413178,2.723956848672034e-17,0,0,86.8085,89.6865,0.0
qwen,commonsenseqa,EN+W1,L:en,W:rewrite1,W,False,2,judge,all,2000,389,0.769,0.7305,0.1945,0.8097686375321337,0.40488431876606684,0.0,0.0,0.769,0.24444444444444438,0.0,0.015424164524421594,L:en,1.0,98.035,59.64,0.6217903036470659,0.24358060729413175,0.24035009810271113,-0.008758430589694716,0,0,86.8085,89.6865,20.503
qwen,commonsenseqa,EN+W1,L:en,W:rewrite1,W,False,2,judge,both_answered,2000,389,0.769,0.7305,0.1945,0.8097686375321337,0.40488431876606684,0.0,0.0,0.769,0.24444444444444438,0.0,0.015424164524421594,L:en,1.0,98.035,59.64,0.6217903036470659,0.24358060729413175,0.24035009810271113,-0.008758430589694716,0,0,86.8085,89.6865,20.503
qwen,commonsenseqa,W1+W2,W:rewrite1,W:rewrite2,W,True,2,blind,all,2000,395,0.7305,0.7285,0.1975,0.8253164556962025,0.41265822784810124,0.0,0.0,0.7305,0.012269938650306815,0.0,0.0,W:rewrite1,0.53,78.095,85.075,0.4785126077864346,-0.04297478442713066,-0.042974784427130645,8.149324923427802e-18,0,0,89.6865,90.2445,0.0
qwen,commonsenseqa,W1+W2,W:rewrite1,W:rewrite2,W,True,2,blind,both_answered,2000,395,0.7305,0.7285,0.1975,0.8253164556962025,0.41265822784810124,0.0,0.0,0.7305,0.012269938650306815,0.0,0.0,W:rewrite1,0.53,78.095,85.075,0.4785126077864346,-0.04297478442713066,-0.042974784427130645,8.149324923427802e-18,0,0,89.6865,90.2445,0.0
qwen,commonsenseqa,W1+W2,W:rewrite1,W:rewrite2,W,True,2,judge,all,2000,395,0.7305,0.7285,0.1975,0.8253164556962025,0.41265822784810124,0.0,0.0,0.7485,0.2331288343558284,0.0,0.010126582278481013,W:rewrite1,0.53,78.095,85.075,0.4785126077864346,-0.04297478442713066,0.23720404303752346,0.26752000065303533,0,0,89.6865,90.2445,21.219
qwen,commonsenseqa,W1+W2,W:rewrite1,W:rewrite2,W,True,2,judge,both_answered,2000,395,0.7305,0.7285,0.1975,0.8253164556962025,0.41265822784810124,0.0,0.0,0.7485,0.2331288343558284,0.0,0.010126582278481013,W:rewrite1,0.53,78.095,85.075,0.4785126077864346,-0.04297478442713066,0.23720404303752346,0.26752000065303533,0,0,89.6865,90.2445,21.219
qwen,commonsenseqa,EN+R,L:en,R:short_cot,R,False,2,blind,all,2000,215,0.769,0.769,0.1075,0.7906976744186046,0.3953488372093023,0.0,0.0,0.769,0.0,0.0,0.0,L:en,0.515,39.875,44.965,0.4698052570719345,-0.06038948585613101,-0.06038948585613103,1.1543520293510904e-18,0,0,86.8085,54.771,0.0
qwen,commonsenseqa,EN+R,L:en,R:short_cot,R,False,2,blind,both_answered,2000,215,0.769,0.769,0.1075,0.7906976744186046,0.3953488372093023,0.0,0.0,0.769,0.0,0.0,0.0,L:en,0.515,39.875,44.965,0.4698052570719345,-0.06038948585613101,-0.06038948585613103,1.1543520293510904e-18,0,0,86.8085,54.771,0.0
qwen,commonsenseqa,EN+R,L:en,R:short_cot,R,False,2,judge,all,2000,215,0.769,0.769,0.1075,0.7906976744186046,0.3953488372093023,0.0,0.0,0.775,0.1411764705882353,0.0,0.004651162790697674,L:en,0.515,39.875,44.965,0.4698052570719345,-0.06038948585613101,0.1326545622955244,0.1812502730254087,0,0,86.8085,54.771,10.9425
qwen,commonsenseqa,EN+R,L:en,R:short_cot,R,False,2,judge,both_answered,2000,215,0.769,0.769,0.1075,0.7906976744186046,0.3953488372093023,0.0,0.0,0.775,0.1411764705882353,0.0,0.004651162790697674,L:en,0.515,39.875,44.965,0.4698052570719345,-0.06038948585613101,0.1326545622955244,0.1812502730254087,0,0,86.8085,54.771,10.9425
qwen,commonsenseqa,EN+SR-EN,L:en,F:en,F,False,2,blind,all,2000,11,0.769,0.769,0.0055,0.7272727272727273,0.36363636363636365,0.0,0.0,0.769,0.0,0.0,0.0,L:en,0.515,1.48,2.495,0.3468174204355109,-0.30636515912897827,-0.30636515912897827,-3.841380963553333e-18,1,1,86.8085,68.4065,0.0
qwen,commonsenseqa,EN+SR-EN,L:en,F:en,F,False,2,blind,both_answered,2000,11,0.769,0.769,0.0055,0.7272727272727273,0.36363636363636365,0.0,0.0,0.769,0.0,0.0,0.0,L:en,0.515,1.48,2.495,0.3468174204355109,-0.30636515912897827,-0.30636515912897827,-3.841380963553333e-18,1,1,86.8085,68.4065,0.0
qwen,commonsenseqa,EN+SR-EN,L:en,F:en,F,False,2,judge,all,2000,11,0.769,0.769,0.0055,0.7272727272727273,0.36363636363636365,0.0,0.0,0.769,0.0,0.0,0.0,L:en,0.515,1.48,2.495,0.3468174204355109,-0.30636515912897827,-0.01722900215362526,0.17587939698492464,1,1,86.8085,68.4065,0.6145
qwen,commonsenseqa,EN+SR-EN,L:en,F:en,F,False,2,judge,both_answered,2000,11,0.769,0.769,0.0055,0.7272727272727273,0.36363636363636365,0.0,0.0,0.769,0.0,0.0,0.0,L:en,0.515,1.48,2.495,0.3468174204355109,-0.30636515912897827,-0.01722900215362526,0.17587939698492464,1,1,86.8085,68.4065,0.6145
qwen,commonsenseqa,ZH+SR-ZH,L:zh,F:zh,F,False,0,blind,all,2000,46,0.66,0.6625,0.023,0.7608695652173914,0.3804347826086957,0.0,0.0,0.6625,0.14285714285714277,0.0,0.0,F:zh,0.77,8.495,8.95,0.48602694413840597,-0.027946111723188043,-0.027946111723188043,-6.222605996600529e-18,0,0,70.9615,51.3635,0.0
qwen,commonsenseqa,ZH+SR-ZH,L:zh,F:zh,F,False,0,blind,both_answered,2000,46,0.66,0.6625,0.023,0.7608695652173914,0.3804347826086957,0.0,0.0,0.6625,0.14285714285714277,0.0,0.0,F:zh,0.77,8.495,8.95,0.48602694413840597,-0.027946111723188043,-0.027946111723188043,-6.222605996600529e-18,0,0,70.9615,51.3635,0.0
qwen,commonsenseqa,ZH+SR-ZH,L:zh,F:zh,F,False,0,judge,all,2000,46,0.66,0.6625,0.023,0.7608695652173914,0.3804347826086957,0.0,0.0,0.663,0.19999999999999984,0.0,0.10869565217391304,F:zh,0.77,8.495,8.95,0.48602694413840597,-0.027946111723188043,0.21409611263237593,0.19429795898545899,0,0,70.9615,51.3635,2.4775
qwen,commonsenseqa,ZH+SR-ZH,L:zh,F:zh,F,False,0,judge,both_answered,2000,46,0.66,0.6625,0.023,0.7608695652173914,0.3804347826086957,0.0,0.0,0.663,0.19999999999999984,0.0,0.10869565217391304,F:zh,0.77,8.495,8.95,0.48602694413840597,-0.027946111723188043,0.21409611263237593,0.19429795898545899,0,0,70.9615,51.3635,2.4775
